-- phpMyAdmin SQL Dump
-- version 4.1.14
-- http://www.phpmyadmin.net
--
-- Host: 127.0.0.1
-- Generation Time: Jun 06, 2017 at 11:00 AM
-- Server version: 5.6.17
-- PHP Version: 5.5.12

SET SQL_MODE = "NO_AUTO_VALUE_ON_ZERO";
SET time_zone = "+00:00";


/*!40101 SET @OLD_CHARACTER_SET_CLIENT=@@CHARACTER_SET_CLIENT */;
/*!40101 SET @OLD_CHARACTER_SET_RESULTS=@@CHARACTER_SET_RESULTS */;
/*!40101 SET @OLD_COLLATION_CONNECTION=@@COLLATION_CONNECTION */;
/*!40101 SET NAMES utf8 */;

--
-- Database: `arcep`
--

DELIMITER $$
--
-- Procedures
--
CREATE DEFINER=`root`@`localhost` PROCEDURE `get_count`()
BEGIN
        SELECT COUNT(*) as cont FROM aemploi;
    END$$

DELIMITER ;

-- --------------------------------------------------------

--
-- Table structure for table `archive`
--

CREATE TABLE IF NOT EXISTS `archive` (
  `id` int(11) NOT NULL AUTO_INCREMENT COMMENT 'ID SYS',
  `doc` varchar(120) DEFAULT NULL COMMENT 'lien document',
  `titr` varchar(300) DEFAULT NULL COMMENT 'Titre document',
  `modul` varchar(35) NOT NULL COMMENT 'le module de document',
  `table` varchar(35) DEFAULT NULL COMMENT 'table de modul',
  `idm` int(11) NOT NULL COMMENT 'ID pour Module',
  `service` int(11) NOT NULL COMMENT 'service',
  `type` varchar(10) DEFAULT NULL COMMENT 'type de document',
  `creusr` int(11) NOT NULL COMMENT 'Add by',
  `credat` datetime DEFAULT CURRENT_TIMESTAMP COMMENT 'Dat insert',
  PRIMARY KEY (`id`)
) ENGINE=InnoDB  DEFAULT CHARSET=latin1 COMMENT='Table Archives' AUTO_INCREMENT=343 ;

--
-- Dumping data for table `archive`
--

INSERT INTO `archive` (`id`, `doc`, `titr`, `modul`, `table`, `idm`, `service`, `type`, `creusr`, `credat`) VALUES
(1, './upload/users/1/photo_1.jpg', 'Photo de profile de Admin', '0', NULL, 1, 1, 'image', 1, '2017-03-27 12:22:39'),
(2, './upload/users/1/signature_1.png', 'signature  de Admin', '0', NULL, 1, 1, 'image', 1, '2017-03-27 12:22:39'),
(63, './upload/users/4/photo_4.jpg', 'Photo de profile de Iraimadji  Iraimadji', 'users_sys', 'photo', 4, 1, 'Document', 1, '2017-04-03 15:36:02'),
(64, './upload/permissionnaires/1/pj_1.pdf', 'Formulaire d''enregistrement Permissionnaire Afrijeux', 'Permissionnaire', 'permissionnaires', 1, 2, 'Document', 4, '2017-04-05 14:17:41'),
(65, './upload/permissionnaires/2/pj_2.pdf', 'Formulaire d''enregistrement Permissionnaire Programme d''appui à l''ordonnateur National', 'Permissionnaire', 'permissionnaires', 2, 2, 'Document', 4, '2017-04-05 14:25:41'),
(66, './upload/permissionnaires/3/pj_3.pdf', 'Formulaire d''enregistrement Permissionnaire CABINET HENRY ERNST et YOUNG', 'Permissionnaire', 'permissionnaires', 3, 2, 'Document', 4, '2017-04-05 14:38:48'),
(67, './upload/permissionnaires/4/pj_4.pdf', 'Formulaire d''enregistrement Permissionnaire Société National de Ciment', 'Permissionnaire', 'permissionnaires', 4, 2, 'Document', 4, '2017-04-05 14:45:48'),
(68, './upload/permissionnaires/5/pj_5.pdf', 'Formulaire d''enregistrement Permissionnaire Hydrocarbone', 'Permissionnaire', 'permissionnaires', 5, 2, 'Document', 4, '2017-04-05 14:57:27'),
(69, './upload/permissionnaires/6/pj_6.pdf', 'Formulaire d''enregistrement Permissionnaire SOGEA SATOM', 'Permissionnaire', 'permissionnaires', 6, 2, 'Document', 4, '2017-04-05 15:06:19'),
(70, './upload/permissionnaires/7/pj_7.pdf', 'Formulaire d''enregistrement Permissionnaire GEODIS PROJECTS CHAD SA', 'Permissionnaire', 'permissionnaires', 7, 2, 'Document', 4, '2017-04-05 15:17:28'),
(71, './upload/permissionnaires/8/pj_8.pdf', 'Formulaire d''enregistrement Permissionnaire ORGANISATION HUMANITAIRE', 'Permissionnaire', 'permissionnaires', 8, 2, 'Document', 4, '2017-04-05 15:32:53'),
(72, './upload/permissionnaires/9/pj_9.pdf', 'Formulaire d''enregistrement Permissionnaire societe generale des banque', 'Permissionnaire', 'permissionnaires', 9, 2, 'Document', 4, '2017-04-05 15:42:08'),
(73, './upload/permissionnaires/10/pj_10.pdf', 'Formulaire d''enregistrement Permissionnaire commercial bank tchad', 'Permissionnaire', 'permissionnaires', 10, 2, 'Document', 4, '2017-04-05 15:51:47'),
(74, './upload/permissionnaires/11/pj_11.pdf', 'Formulaire d''enregistrement Permissionnaire saonet', 'Permissionnaire', 'permissionnaires', 11, 2, 'Document', 4, '2017-04-05 15:58:48'),
(75, './upload/permissionnaires/12/pj_12.pdf', 'Formulaire d''enregistrement Permissionnaire BIVAK TCHAD', 'Permissionnaire', 'permissionnaires', 12, 2, 'Document', 4, '2017-04-05 16:06:03'),
(76, './upload/permissionnaires/13/pj_13.pdf', 'Formulaire d''enregistrement Permissionnaire Concern WorldWide', 'Permissionnaire', 'permissionnaires', 13, 2, 'Document', 4, '2017-04-05 16:12:22'),
(77, './upload/permissionnaires/14/pj_14.pdf', 'Formulaire d''enregistrement Permissionnaire Transval Tchad', 'Permissionnaire', 'permissionnaires', 14, 2, 'Document', 4, '2017-04-05 16:18:13'),
(78, './upload/permissionnaires/15/pj_15.pdf', 'Formulaire d''enregistrement Permissionnaire Mairie Centrale', 'Permissionnaire', 'permissionnaires', 15, 2, 'Document', 4, '2017-04-05 16:22:02'),
(79, './upload/permissionnaires/16/pj_16.pdf', 'Formulaire d''enregistrement Permissionnaire Star security', 'Permissionnaire', 'permissionnaires', 16, 2, 'Document', 4, '2017-04-05 16:30:59'),
(80, './upload/permissionnaires/17/pj_17.pdf', 'Formulaire d''enregistrement Permissionnaire Residence Hotel', 'Permissionnaire', 'permissionnaires', 17, 2, 'Document', 4, '2017-04-05 16:34:32'),
(81, './upload/useres/5/photo_5.jpg', 'Photo de profile de Djourbe   Djourbe ', 'users_sys', 'photo', 5, 1, 'Document', 1, '2017-04-06 11:59:22'),
(82, './upload/useres/6/photo_6.jpg', 'Photo de profile de Ibrahim  Ibrahim', 'users_sys', 'photo', 6, 1, 'Document', 1, '2017-04-06 12:01:09'),
(83, './upload/permissionnaires/18/pj_18.pdf', 'Formulaire d''enregistrement Permissionnaire INSEED', 'Permissionnaire', 'permissionnaires', 18, 2, 'Document', 6, '2017-04-06 14:55:17'),
(84, './upload/permissionnaires/19/pj_19.pdf', 'Formulaire d''enregistrement Permissionnaire MSF SUISSE', 'Permissionnaire', 'permissionnaires', 19, 2, 'Document', 6, '2017-04-06 15:19:14'),
(85, './upload/users/7/photo_7.jpg', 'Photo de profile de Adamou  Adamou', 'users', 'users_sys', 7, 1, 'Document', 1, '2017-04-07 11:34:03'),
(86, './upload/users/7/signature_7.png', 'signature  de Adamou  Adamou', 'users', 'users_sys', 7, 1, 'Document', 1, '2017-04-07 11:34:03'),
(87, './upload/users/7/form_7.pdf', 'Formulaire  de Adamou  Adamou', 'users', 'users_sys', 7, 1, 'Document', 1, '2017-04-07 11:34:03'),
(88, './upload/station_vsat/1/pj_1.pdf', 'Formulaire d''enregistrement Station VSAT NDJAMENA SIEGE', 'vsat', 'vsat_stations', 1, 2, 'Document', 4, '2017-04-07 12:57:03'),
(89, './upload/station_vsat/2/pj_2.pdf', 'Formulaire d''enregistrement Station VSAT MOUNDOU', 'vsat', 'vsat_stations', 2, 2, 'Document', 5, '2017-04-10 11:46:10'),
(90, './upload/station_vsat/3/pj_3.pdf', 'Formulaire d''enregistrement Station VSAT N''djamena', 'vsat', 'vsat_stations', 3, 2, 'Document', 5, '2017-04-10 12:00:37'),
(94, './upload/station_vsat/4/pj_4.pdf', 'Formulaire d''enregistrement Station VSAT SGT MOUNDOU', 'vsat', 'vsat_stations', 4, 2, 'Document', 5, '2017-04-10 12:20:30'),
(95, './upload/station_vsat/5/pj_5.pdf', 'Formulaire d''enregistrement Station VSAT SGT KOUMRA', 'vsat', 'vsat_stations', 5, 2, 'Document', 5, '2017-04-10 12:28:30'),
(96, './upload/station_vsat/6/pj_6.pdf', 'Formulaire d''enregistrement Station VSAT BIVAC N''DJAMENA', 'vsat', 'vsat_stations', 6, 2, 'Document', 5, '2017-04-10 12:54:15'),
(97, './upload/station_vsat/6/4fe58cae36d2dd3633781d5cbbe7fe92.jpg', 'Vsat BIVAC -vsat_6', 'vsat', 'vsat_stations', 6, 2, 'Image', 5, '2017-04-10 12:54:15'),
(98, './upload/station_vsat/6/98f09f31ea4adf81fc4e185c0a0eee14.jpg', 'MODEM BIVAC -vsat_6', 'vsat', 'vsat_stations', 6, 2, 'Image', 5, '2017-04-10 12:54:15'),
(99, './upload/station_vsat/7/pj_7.pdf', 'Formulaire d''enregistrement Station VSAT SGT-SARH', 'vsat', 'vsat_stations', 7, 2, 'Document', 6, '2017-04-10 15:07:44'),
(100, './upload/station_vsat/8/pj_8.pdf', 'Formulaire d''enregistrement Station VSAT GEODIS N''DJAMENA', 'vsat', 'vsat_stations', 8, 2, 'Document', 5, '2017-04-10 15:29:07'),
(101, './upload/station_vsat/8/fb96830ed56a66d74c3825e3fc0080af.jpg', 'Vsat GEODIS -vsat_8', 'vsat', 'vsat_stations', 8, 2, 'Image', 5, '2017-04-10 15:29:07'),
(102, './upload/station_vsat/8/d9484ad148032aac985de9923aafeaa1.jpg', 'Modem GEODIS -vsat_8', 'vsat', 'vsat_stations', 8, 2, 'Image', 5, '2017-04-10 15:29:07'),
(103, './upload/station_vsat/9/pj_9.pdf', 'Formulaire d''enregistrement Station VSAT CBT SIEGE N''DJAMENA', 'vsat', 'vsat_stations', 9, 2, 'Document', 5, '2017-04-10 15:48:04'),
(107, './upload/station_vsat/10/pj_10.pdf', 'Formulaire d''enregistrement Station VSAT SGT-PALA', 'vsat', 'vsat_stations', 10, 2, 'Document', 6, '2017-04-10 15:50:52'),
(108, './upload/permissionnaires/20/pj_20.pdf', 'Formulaire d''enregistrement Permissionnaire COMPAGNIE SUCRIERE DU TCHAD', 'Permissionnaire', 'permissionnaires', 20, 2, 'Document', 5, '2017-04-10 16:28:41'),
(109, './upload/station_vsat/11/pj_11.pdf', 'Formulaire d''enregistrement Station VSAT SaoNet ndjamena1', 'vsat', 'vsat_stations', 11, 2, 'Document', 6, '2017-04-10 16:50:49'),
(110, './upload/station_vsat/12/pj_12.pdf', 'Formulaire d''enregistrement Station VSAT SGT Kelo', 'vsat', 'vsat_stations', 12, 2, 'Document', 7, '2017-04-11 11:18:52'),
(111, './upload/station_vsat/13/pj_13.pdf', 'Formulaire d''enregistrement Station VSAT CST Farcha', 'vsat', 'vsat_stations', 13, 2, 'Document', 7, '2017-04-11 11:49:50'),
(112, './upload/station_vsat/13/06211a5174a443e3d31776ead3ca1329.jpg', 'Antenne cst -vsat_13', 'vsat', 'vsat_stations', 13, 2, 'Image', 7, '2017-04-11 11:49:50'),
(113, './upload/station_vsat/13/ea45b904027966d13a6a264b6de35559.jpg', 'photo Modem CSt -vsat_13', 'vsat', 'vsat_stations', 13, 2, 'Image', 7, '2017-04-11 11:49:50'),
(114, './upload/station_vsat/14/pj_14.pdf', 'Formulaire d''enregistrement Station VSAT Siege ISSEED N''djamena', 'vsat', 'vsat_stations', 14, 2, 'Document', 5, '2017-04-11 13:15:01'),
(115, './upload/station_vsat/14/20009beda194e8d61ca50a3fadcceb2d.jpg', 'Antenne ISSEED -vsat_14', 'vsat', 'vsat_stations', 14, 2, 'Image', 5, '2017-04-11 13:15:01'),
(116, './upload/station_vsat/15/pj_15.pdf', 'Formulaire d''enregistrement Station VSAT SGT ABECHE', 'vsat', 'vsat_stations', 15, 2, 'Document', 5, '2017-04-11 13:30:54'),
(117, './upload/station_vsat/16/pj_16.pdf', 'Formulaire d''enregistrement Station VSAT SGT Mongo', 'vsat', 'vsat_stations', 16, 2, 'Document', 7, '2017-04-11 13:52:29'),
(118, './upload/station_vsat/17/pj_17.pdf', 'Formulaire d''enregistrement Station VSAT SGT Bongor', 'vsat', 'vsat_stations', 17, 2, 'Document', 7, '2017-04-11 14:12:54'),
(119, './upload/station_vsat/18/pj_18.pdf', 'Formulaire d''enregistrement Station VSAT MSF SUISSE N''djamena', 'vsat', 'vsat_stations', 18, 2, 'Document', 6, '2017-04-11 15:35:04'),
(120, './upload/station_vsat/19/pj_19.pdf', 'Formulaire d''enregistrement Station VSAT AFRIJEUX N''djamena', 'vsat', 'vsat_stations', 19, 2, 'Document', 5, '2017-04-12 10:32:06'),
(121, './upload/station_vsat/19/68a6f4821738b29fe87b3ab0ac0544ad.jpg', 'Modem Afrijeux -vsat_19', 'vsat', 'vsat_stations', 19, 2, 'Image', 5, '2017-04-12 10:32:06'),
(122, './upload/station_vsat/19/f4d6d59f2e0813cad02f5ab9e699f1dd.jpg', 'Antenne Afrijeux -vsat_19', 'vsat', 'vsat_stations', 19, 2, 'Image', 5, '2017-04-12 10:32:06'),
(123, './upload/station_vsat/20/pj_20.pdf', 'Formulaire d''enregistrement Station VSAT MSF BAGASSOLA', 'vsat', 'vsat_stations', 20, 2, 'Document', 5, '2017-04-12 10:59:05'),
(124, './upload/station_vsat/21/pj_21.pdf', 'Formulaire d''enregistrement Station VSAT MSF BOL', 'vsat', 'vsat_stations', 21, 2, 'Document', 5, '2017-04-12 11:17:04'),
(125, './upload/station_vsat/22/pj_22.pdf', 'Formulaire d''enregistrement Station VSAT CST BANDA', 'vsat', 'vsat_stations', 22, 2, 'Document', 5, '2017-04-12 11:40:30'),
(126, './upload/permissionnaires/21/pj_21.pdf', 'Formulaire d''enregistrement Permissionnaire GAB Security', 'Permissionnaire', 'permissionnaires', 21, 2, 'Document', 4, '2017-04-12 12:30:08'),
(127, './upload/permissionnaires/22/pj_22.pdf', 'Formulaire d''enregistrement Permissionnaire OPERATION MEDICALE HUMANITAIRE', 'Permissionnaire', 'permissionnaires', 22, 2, 'Document', 7, '2017-04-13 10:50:56'),
(128, './upload/permissionnaires/23/pj_23.pdf', 'Formulaire d''enregistrement Permissionnaire MIRACLE TELECOM TCHAD', 'Permissionnaire', 'permissionnaires', 23, 2, 'Document', 7, '2017-04-13 10:59:53'),
(129, './upload/permissionnaires/24/pj_24.pdf', 'Formulaire d''enregistrement Permissionnaire HUAWEI TECHNOLOGIES', 'Permissionnaire', 'permissionnaires', 24, 2, 'Document', 7, '2017-04-13 13:51:54'),
(130, './upload/permissionnaires/25/pj_25.pdf', 'Formulaire d''enregistrement Permissionnaire BANQUE AGRICOLE ET COMMERCIALE', 'Permissionnaire', 'permissionnaires', 25, 2, 'Document', 5, '2017-04-13 15:43:10'),
(131, './upload/station_vsat/23/pj_23.pdf', 'Formulaire d''enregistrement Station VSAT SIEGE BAC N''DJAMENA', 'vsat', 'vsat_stations', 23, 2, 'Document', 5, '2017-04-13 16:07:39'),
(132, './upload/station_vsat/23/fe052a05713a2f715b8022fee53aecec.jpg', 'LNB BAC -vsat_23', 'vsat', 'vsat_stations', 23, 2, 'Image', 5, '2017-04-13 16:07:39'),
(133, './upload/station_vsat/23/b53ac50b7d3dc7354bf1a5adaf870614.jpg', 'Modem BAC -vsat_23', 'vsat', 'vsat_stations', 23, 2, 'Image', 5, '2017-04-13 16:07:39'),
(134, './upload/station_vsat/23/2a1d27c9519cc426efe12c6250c186c8.jpg', 'Atenne BAC -vsat_23', 'vsat', 'vsat_stations', 23, 2, 'Image', 5, '2017-04-13 16:07:39'),
(135, './upload/station_vsat/24/pj_24.pdf', 'Formulaire d''enregistrement Station VSAT MSF SIEGE N''DJAMENA', 'vsat', 'vsat_stations', 24, 2, 'Document', 5, '2017-04-13 16:26:22'),
(136, './upload/station_vsat/25/pj_25.pdf', 'Formulaire d''enregistrement Station VSAT MSF HOLL AMTIMAN1', 'vsat', 'vsat_stations', 25, 2, 'Document', 6, '2017-04-14 10:45:09'),
(137, './upload/station_vsat/26/pj_26.pdf', 'Formulaire d''enregistrement Station VSAT MSF HOLLANDE AMTIMANE 2', 'vsat', 'vsat_stations', 26, 2, 'Document', 6, '2017-04-14 11:02:09'),
(138, './upload/permissionnaires/26/pj_26.pdf', 'Formulaire d''enregistrement Permissionnaire Banque Sahélo Saharienne pour l''Investissement et le Commerce', 'Permissionnaire', 'permissionnaires', 26, 2, 'Document', 5, '2017-04-18 14:29:31'),
(139, './upload/station_vsat/27/pj_27.pdf', 'Formulaire d''enregistrement Station VSAT BSIC N''DJAMENA', 'vsat', 'vsat_stations', 27, 2, 'Document', 6, '2017-04-19 12:50:58'),
(140, './upload/station_vsat/28/pj_28.pdf', 'Formulaire d''enregistrement Station VSAT Vsat Hôtel residence', 'vsat', 'vsat_stations', 28, 2, 'Document', 6, '2017-04-19 12:57:50'),
(141, './upload/station_vsat/29/pj_29.pdf', 'Formulaire d''enregistrement Station VSAT Vsat BSIC Moundou', 'vsat', 'vsat_stations', 29, 2, 'Document', 6, '2017-04-19 13:05:33'),
(142, './upload/station_vsat/30/pj_30.pdf', 'Formulaire d''enregistrement Station VSAT Vsat BSIC BOL', 'vsat', 'vsat_stations', 30, 2, 'Document', 6, '2017-04-19 13:12:54'),
(143, './upload/station_vsat/31/pj_31.pdf', 'Formulaire d''enregistrement Station VSAT ISLAMIC RELIEF N''DJAMENA', 'vsat', 'vsat_stations', 31, 2, 'Document', 5, '2017-04-20 11:29:42'),
(144, './upload/station_vsat/32/pj_32.pdf', 'Formulaire d''enregistrement Station VSAT SONACIM PALA', 'vsat', 'vsat_stations', 32, 2, 'Document', 5, '2017-04-20 11:46:08'),
(145, './upload/station_vsat/33/pj_33.pdf', 'Formulaire d''enregistrement Station VSAT PAON/FED N''DJAMENA', 'vsat', 'vsat_stations', 33, 2, 'Document', 5, '2017-04-20 12:05:56'),
(146, './upload/station_vsat/33/5a44da1890ef16bd61fa088c5ad8683e.jpg', 'ATENNE FED -vsat_33', 'vsat', 'vsat_stations', 33, 2, 'Image', 5, '2017-04-20 12:05:56'),
(147, './upload/station_vsat/33/f283d93431fa02ecc09d970a0f74592f.jpg', 'MODEM FED -vsat_33', 'vsat', 'vsat_stations', 33, 2, 'Image', 5, '2017-04-20 12:05:56'),
(148, './upload/station_vsat/33/8f97b90e4678ecb19769e9c7d273103e.jpg', 'LNB ET RADIO FED -vsat_33', 'vsat', 'vsat_stations', 33, 2, 'Image', 5, '2017-04-20 12:05:56'),
(149, './upload/station_vsat/34/pj_34.pdf', 'Formulaire d''enregistrement Station VSAT DGT DOBA', 'vsat', 'vsat_stations', 34, 2, 'Document', 5, '2017-04-20 12:14:59'),
(150, './upload/station_vsat/35/pj_35.pdf', 'Formulaire d''enregistrement Station VSAT SGT MOUSSORO', 'vsat', 'vsat_stations', 35, 2, 'Document', 5, '2017-04-20 12:23:07'),
(151, './upload/station_vsat/36/pj_36.pdf', 'Formulaire d''enregistrement Station VSAT HUAWEI N''DJAMENA', 'vsat', 'vsat_stations', 36, 2, 'Document', 5, '2017-04-20 12:54:41'),
(152, './upload/permissionnaires/27/pj_27.pdf', 'Formulaire d''enregistrement Permissionnaire Computer GOLFE TCHAD', 'Permissionnaire', 'permissionnaires', 27, 2, 'Document', 7, '2017-04-24 14:34:37'),
(153, './upload/permissionnaires/28/pj_28.pdf', 'Formulaire d''enregistrement Permissionnaire CICR Orgonisation internationale humanitaire', 'Permissionnaire', 'permissionnaires', 28, 2, 'Document', 7, '2017-04-24 15:12:10'),
(154, './upload/station_vsat/37/pj_37.pdf', 'Formulaire d''enregistrement Station VSAT Delegation N''djamena A1', 'vsat', 'vsat_stations', 37, 2, 'Document', 7, '2017-04-24 15:52:32'),
(158, './upload/station_vsat/38/pj_38.pdf', 'Formulaire d''enregistrement Station VSAT Delegation N''djamena A2', 'vsat', 'vsat_stations', 38, 2, 'Document', 7, '2017-04-24 16:14:56'),
(162, './upload/station_vsat/39/pj_39.pdf', 'Formulaire d''enregistrement Station VSAT N''djamena DRS', 'vsat', 'vsat_stations', 39, 2, 'Document', 7, '2017-04-24 16:31:11'),
(163, './upload/station_vsat/40/pj_40.pdf', 'Formulaire d''enregistrement Station VSAT SGT N''djamena NIMERY', 'vsat', 'vsat_stations', 40, 2, 'Document', 5, '2017-04-25 11:04:32'),
(164, './upload/station_vsat/41/pj_41.pdf', 'Formulaire d''enregistrement Station VSAT HYDROCARBON N''DJAMENA', 'vsat', 'vsat_stations', 41, 2, 'Document', 5, '2017-04-25 11:29:09'),
(165, './upload/station_vsat/41/965604780935fdae725e379d428086fe.jpg', 'Atenne Hydrocarbone N''djamena -vsat_41', 'vsat', 'vsat_stations', 41, 2, 'Image', 5, '2017-04-25 11:29:09'),
(166, './upload/station_vsat/41/f16f69a7cfc2bd728118ccc8fd4ddfe6.jpg', 'LNB Hydrocarbone -vsat_41', 'vsat', 'vsat_stations', 41, 2, 'Image', 5, '2017-04-25 11:29:09'),
(167, './upload/station_vsat/41/5629bfd02ab54b982df2d571bd424bed.jpg', 'Modem Hydrocarbone N''djam -vsat_41', 'vsat', 'vsat_stations', 41, 2, 'Image', 5, '2017-04-25 11:29:09'),
(168, './upload/station_vsat/42/pj_42.pdf', 'Formulaire d''enregistrement Station VSAT HYDROCARBONE BELANGA', 'vsat', 'vsat_stations', 42, 2, 'Document', 5, '2017-04-25 11:49:34'),
(171, './upload/permissionnaires/29/pj_29.pdf', 'Formulaire d''enregistrement Permissionnaire BOLLORE TRANSPORT ET LOGISTIQUE', 'Permissionnaire', 'permissionnaires', 29, 2, 'Document', 7, '2017-04-26 15:22:06'),
(172, './upload/station_vsat/43/pj_43.pdf', 'Formulaire d''enregistrement Station VSAT BOLLORE N''DJAMENA', 'vsat', 'vsat_stations', 43, 2, 'Document', 6, '2017-04-26 15:58:00'),
(173, './upload/permissionnaires/30/pj_30.pdf', 'Formulaire d''enregistrement Permissionnaire PETROCHAD (MANGARA) LIMITED', 'Permissionnaire', 'permissionnaires', 30, 2, 'Document', 6, '2017-04-27 13:46:33'),
(174, './upload/permissionnaires/31/pj_31.pdf', 'Formulaire d''enregistrement Permissionnaire CFE TCHAD SA', 'Permissionnaire', 'permissionnaires', 31, 2, 'Document', 5, '2017-04-27 14:44:05'),
(175, './upload/permissionnaires/32/pj_32.pdf', 'Formulaire d''enregistrement Permissionnaire AIR FRANCE', 'Permissionnaire', 'permissionnaires', 32, 2, 'Document', 7, '2017-05-02 15:28:03'),
(176, './upload/permissionnaires/33/pj_33.pdf', 'Formulaire d''enregistrement Permissionnaire ECOBANK TCHAD', 'Permissionnaire', 'permissionnaires', 33, 2, 'Document', 5, '2017-05-03 14:33:34'),
(177, './upload/station_vsat/44/pj_44.pdf', 'Formulaire d''enregistrement Station VSAT CFE N''djamena', 'vsat', 'vsat_stations', 44, 2, 'Document', 5, '2017-05-03 14:58:48'),
(178, './upload/station_vsat/45/pj_45.pdf', 'Formulaire d''enregistrement Station VSAT Air France Aéropport', 'vsat', 'vsat_stations', 45, 2, 'Document', 6, '2017-05-03 15:29:36'),
(179, './upload/users/8/photo_8.jpg', 'Photo de profile de Bichara  Bichara', 'users', 'users_sys', 8, 1, 'Document', 1, '2017-05-03 15:35:03'),
(180, './upload/users/8/signature_8.png', 'signature  de Bichara  Bichara', 'users', 'users_sys', 8, 1, 'Document', 1, '2017-05-03 15:35:03'),
(181, './upload/users/8/form_8.pdf', 'Formulaire  de Bichara  Bichara', 'users', 'users_sys', 8, 1, 'Document', 1, '2017-05-03 15:35:03'),
(182, './upload/station_vsat/46/pj_46.pdf', 'Formulaire d''enregistrement Station VSAT SIEGE ECOBANK 2', 'vsat', 'vsat_stations', 46, 2, 'Document', 5, '2017-05-03 15:41:51'),
(183, './upload/station_vsat/46/62997daa0243f5f3813db5ece55a1e22.jpg', 'LNB ECOBANK -vsat_46', 'vsat', 'vsat_stations', 46, 2, 'Image', 5, '2017-05-03 15:41:51'),
(184, './upload/station_vsat/46/c81e68131dd47329414b95306db010cb.jpg', 'ATENNE ECOBANK 2 -vsat_46', 'vsat', 'vsat_stations', 46, 2, 'Image', 5, '2017-05-03 15:41:51'),
(185, './upload/station_vsat/46/b0a5111e0225c58467b8e3144a76b5eb.jpg', 'MODEM ECOBANK 2 -vsat_46', 'vsat', 'vsat_stations', 46, 2, 'Image', 5, '2017-05-03 15:41:51'),
(186, './upload/station_vsat/46/7242f8e398f6750c8db6181c3067fdb1.jpg', 'RADIO ECOBANK 2 -vsat_46', 'vsat', 'vsat_stations', 46, 2, 'Image', 5, '2017-05-03 15:41:51'),
(187, './upload/permissionnaires/34/pj_34.pdf', 'Formulaire d''enregistrement Permissionnaire AAA', 'Permissionnaire', 'permissionnaires', 34, 17, 'Document', 8, '2017-05-03 15:42:10'),
(188, './upload/station_vsat/47/pj_47.pdf', 'Formulaire d''enregistrement Station VSAT Ecobank Ndjamena siege1', 'vsat', 'vsat_stations', 47, 2, 'Document', 6, '2017-05-03 15:56:29'),
(189, './upload/station_vsat/47/716f92f3fdd87236ffac1f740e4f9590.jpg', 'RADIO1 ECOBANK -vsat_47', 'vsat', 'vsat_stations', 47, 2, 'Image', 6, '2017-05-03 15:56:29'),
(190, './upload/station_vsat/47/73707570f98ee156117106ee92ee4d06.jpg', 'MODEM1 ECOBANK -vsat_47', 'vsat', 'vsat_stations', 47, 2, 'Image', 6, '2017-05-03 15:56:29'),
(191, './upload/station_vsat/47/f10a11e733be8c886a14d6f2f946d5cf.jpg', 'VSAT1 ECOBANK -vsat_47', 'vsat', 'vsat_stations', 47, 2, 'Image', 6, '2017-05-03 15:56:29'),
(192, './upload/station_vsat/48/pj_48.pdf', 'Formulaire d''enregistrement Station VSAT ECOBANK SARH', 'vsat', 'vsat_stations', 48, 2, 'Document', 6, '2017-05-04 10:09:30'),
(193, './upload/station_vsat/49/pj_49.pdf', 'Formulaire d''enregistrement Station VSAT ECOBANK PALA', 'vsat', 'vsat_stations', 49, 2, 'Document', 6, '2017-05-04 10:26:48'),
(194, './upload/station_vsat/50/pj_50.pdf', 'Formulaire d''enregistrement Station VSAT ECOBANK ABECHE', 'vsat', 'vsat_stations', 50, 2, 'Document', 6, '2017-05-04 10:44:37'),
(195, './upload/station_vsat/9/77a07c843fdd051fc88f0965fa0b51d5.jpg', 'Vsat CBT -vsat_9', 'vsat', 'vsat_stations', 9, 2, 'Image', 6, '2017-05-05 09:35:39'),
(196, './upload/station_vsat/9/e2a1bd13210c10872beb494149cdf255.jpg', 'LNB CBT -vsat_9', 'vsat', 'vsat_stations', 9, 2, 'Image', 6, '2017-05-05 09:35:39'),
(197, './upload/station_vsat/9/8ebe4bc73f5c4b4783d5fd7b95b88ad9.jpg', 'Modem CBT -vsat_9', 'vsat', 'vsat_stations', 9, 2, 'Image', 6, '2017-05-05 09:35:39'),
(198, './upload/station_vsat/3/a29628d99c72c1f6216aa382a75c4bd5.jpg', 'Vsat Sonacim -vsat_3', 'vsat', 'vsat_stations', 3, 2, 'Image', 4, '2017-05-05 11:50:32'),
(199, './upload/station_vsat/3/88ba18414c3a2a4a34f92e9caa534b08.jpg', 'Modem Sonacim -vsat_3', 'vsat', 'vsat_stations', 3, 2, 'Image', 4, '2017-05-05 11:50:32'),
(200, './upload/station_vsat/3/81a321a0798dee9b6476c6fdb9f7782d.jpg', 'Radio Sonacim -vsat_3', 'vsat', 'vsat_stations', 3, 2, 'Image', 4, '2017-05-05 11:50:32'),
(201, './upload/station_vsat/27/be5d33ce14c903037b1a2b50dddf3828.jpg', 'Antenne BSIC -vsat_27', 'vsat', 'vsat_stations', 27, 2, 'Image', 4, '2017-05-05 11:52:42'),
(202, './upload/station_vsat/37/754dd9365542e9533baac9f84ad4c094.jpg', 'Photo radio CICR -vsat_37', 'vsat', 'vsat_stations', 37, 2, 'Image', 4, '2017-05-05 11:59:05'),
(203, './upload/station_vsat/37/65356a7981e41746b64671abb00b8ccd.jpg', 'modem CICR -vsat_37', 'vsat', 'vsat_stations', 37, 2, 'Image', 4, '2017-05-05 11:59:05'),
(204, './upload/station_vsat/37/9ef57869938f68fe1d391b2b2a482315.jpg', 'photo lnb CICER -vsat_37', 'vsat', 'vsat_stations', 37, 2, 'Image', 4, '2017-05-05 11:59:05'),
(208, './upload/permissionnaires/35/pj_35.pdf', 'Formulaire d''enregistrement Permissionnaire SOTEC', 'Permissionnaire', 'permissionnaires', 35, 2, 'Document', 5, '2017-05-08 10:03:42'),
(209, './upload/station_vsat/51/pj_51.pdf', 'Formulaire d''enregistrement Station VSAT SOTEC N''djamena', 'vsat', 'vsat_stations', 51, 2, 'Document', 7, '2017-05-08 10:31:27'),
(212, './upload/station_vsat/51/18545a195624b64062a0c2d9425f63e2.jpg', 'Antenne SOTEC N''djamena -vsat_51', 'vsat', 'vsat_stations', 51, 2, 'Image', 5, '2017-05-08 10:37:18'),
(213, './upload/station_vsat/51/5415433fc8857f6def981e1beeedd7a6.jpg', 'Modem SOTECH N''djamena -vsat_51', 'vsat', 'vsat_stations', 51, 2, 'Image', 5, '2017-05-08 10:37:18'),
(214, './upload/station_vsat/52/pj_52.pdf', 'Formulaire d''enregistrement Station VSAT SOTEC DANDI', 'vsat', 'vsat_stations', 52, 2, 'Document', 5, '2017-05-08 10:47:55'),
(215, './upload/anonymes/52/a780e53a62fbcd76186aa5736ae0d6c3.jpg', 'BLR1 -anonymes_52', 'anonymes', 'prm_anonyme', 52, 2, 'Image', 6, '2017-05-08 15:43:39'),
(216, './upload/anonymes/52/52493092fb07cbeffa0ce4c1f7c623b9.jpg', 'BLR2 -anonymes_52', 'anonymes', 'prm_anonyme', 52, 2, 'Image', 6, '2017-05-08 15:43:39'),
(217, './upload/anonymes/60/90e7cf9cf99415294cf40ecaa03ed453.jpg', 'VSAT ANONYME -anonymes_60', 'anonymes', 'prm_anonyme', 60, 2, 'Image', 5, '2017-05-09 14:52:52'),
(218, './upload/anonymes/62/7ca9ea4fb98e7b42f25fd4792f23c648.jpg', 'BLR ANONYM -anonymes_62', 'anonymes', 'prm_anonyme', 62, 2, 'Image', 5, '2017-05-09 15:02:45'),
(219, './upload/permissionnaires/36/pj_36.pdf', 'Formulaire d''enregistrement Permissionnaire HIAS', 'Permissionnaire', 'permissionnaires', 36, 2, 'Document', 7, '2017-05-10 11:35:25'),
(220, './upload/station_vsat/53/pj_53.pdf', 'Formulaire d''enregistrement Station VSAT vsat HIAS ', 'vsat', 'vsat_stations', 53, 2, 'Document', 6, '2017-05-10 13:38:21'),
(224, './upload/permissionnaires/37/pj_37.pdf', 'Formulaire d''enregistrement Permissionnaire world vision ', 'Permissionnaire', 'permissionnaires', 37, 2, 'Document', 7, '2017-05-11 10:22:52'),
(225, './upload/station_vsat/54/pj_54.pdf', 'Formulaire d''enregistrement Station VSAT LAI', 'vsat', 'vsat_stations', 54, 2, 'Document', 7, '2017-05-11 10:50:04'),
(226, './upload/station_vsat/55/pj_55.pdf', 'Formulaire d''enregistrement Station VSAT BAGASSOULA', 'vsat', 'vsat_stations', 55, 2, 'Document', 7, '2017-05-11 11:23:18'),
(230, './upload/station_vsat/56/pj_56.pdf', 'Formulaire d''enregistrement Station VSAT Koumra', 'vsat', 'vsat_stations', 56, 2, 'Document', 7, '2017-05-11 11:35:16'),
(231, './upload/station_vsat/57/pj_57.pdf', 'Formulaire d''enregistrement Station VSAT DOBA', 'vsat', 'vsat_stations', 57, 2, 'Document', 7, '2017-05-11 11:46:35'),
(232, './upload/station_vsat/58/pj_58.pdf', 'Formulaire d''enregistrement Station VSAT Moundou', 'vsat', 'vsat_stations', 58, 2, 'Document', 7, '2017-05-11 11:57:02'),
(233, './upload/station_vsat/59/pj_59.pdf', 'Formulaire d''enregistrement Station VSAT GUELENDENG', 'vsat', 'vsat_stations', 59, 2, 'Document', 7, '2017-05-11 12:03:43'),
(234, './upload/station_vsat/60/pj_60.pdf', 'Formulaire d''enregistrement Station VSAT N''DJAMENA', 'vsat', 'vsat_stations', 60, 2, 'Document', 7, '2017-05-11 12:10:59'),
(235, './upload/station_vsat/61/pj_61.pdf', 'Formulaire d''enregistrement Station VSAT ABECHE', 'vsat', 'vsat_stations', 61, 2, 'Document', 7, '2017-05-11 12:21:59'),
(236, './upload/station_vsat/62/pj_62.pdf', 'Formulaire d''enregistrement Station VSAT SGT N''djamena passif', 'vsat', 'vsat_stations', 62, 2, 'Document', 7, '2017-05-11 12:52:30'),
(237, './upload/anonymes/18/b714f2c77c719233467d81d4fa36a723.jpg', 'VSAT derière inconnue -anonymes_18', 'anonymes', 'prm_anonyme', 18, 1, 'Image', 1, '2017-05-11 15:14:47'),
(238, './upload/permissionnaires/38/pj_38.pdf', 'Formulaire d''enregistrement Permissionnaire CROIX ROUGE DU TCHAD', 'Permissionnaire', 'permissionnaires', 38, 2, 'Document', 5, '2017-05-12 11:40:32'),
(239, './upload/anonymes/108/a87c32ea41aca2a00afa549b8264e004.jpg', 'PHOTO BLR -anonymes_108', 'anonymes', 'prm_anonyme', 108, 2, 'Image', 7, '2017-05-16 13:31:24'),
(240, './upload/anonymes/109/8e46f5f69cd58fda51465e1c39b38bfe.jpg', 'OPTIQUE VICTOIRE -anonymes_109', 'anonymes', 'prm_anonyme', 109, 2, 'Image', 7, '2017-05-16 13:32:56'),
(241, './upload/anonymes/110/b7d4a6fabcf995da39f02f5ca0dfd3a7.jpg', 'INCONNUE DERNIERE AG BLR -anonymes_110', 'anonymes', 'prm_anonyme', 110, 2, 'Image', 7, '2017-05-16 13:35:05'),
(242, './upload/anonymes/111/f061d0364fbba11ce3267ae0ae4f3062.jpg', 'AMBASSADE ARABIE SAOUDITE -anonymes_111', 'anonymes', 'prm_anonyme', 111, 2, 'Image', 7, '2017-05-16 13:36:49'),
(243, './upload/anonymes/112/1406b1e8980538f48ea1922740ea46e1.jpg', 'MAIBA AIRWAYS -anonymes_112', 'anonymes', 'prm_anonyme', 112, 2, 'Image', 7, '2017-05-16 13:38:17'),
(244, './upload/anonymes/113/4a2b5a8a9d1cc8a011c25246c2582fa9.jpg', 'AMBASSADE ARABIE SAOUDITE BLR -anonymes_113', 'anonymes', 'prm_anonyme', 113, 2, 'Image', 7, '2017-05-16 13:41:27'),
(245, './upload/anonymes/114/ff468e0eda7911256660bad328d61c3f.jpg', 'CANAL + BLR -anonymes_114', 'anonymes', 'prm_anonyme', 114, 2, 'Image', 7, '2017-05-16 13:43:00'),
(246, './upload/anonymes/115/3530c6cc3d72a2988bd4ee4c2e32b060.jpg', ' MEIG BLR -anonymes_115', 'anonymes', 'prm_anonyme', 115, 2, 'Image', 7, '2017-05-16 13:44:45'),
(247, './upload/anonymes/106/e389b624f4d9339549f60267f4794eb8.jpg', 'DIR.GEN.METEOROLOGIE -anonymes_106', 'anonymes', 'prm_anonyme', 106, 2, 'Image', 7, '2017-05-16 13:47:33'),
(248, './upload/anonymes/105/184f14900e983794f02481c62c67fd93.jpg', 'CNAR BLR -anonymes_105', 'anonymes', 'prm_anonyme', 105, 2, 'Image', 7, '2017-05-16 13:49:10'),
(249, './upload/anonymes/104/b42b7d2fd82290330fb889d8efd7748e.jpg', 'VSAT CNAR -anonymes_104', 'anonymes', 'prm_anonyme', 104, 2, 'Image', 7, '2017-05-16 13:51:17'),
(250, './upload/anonymes/103/df41d3ed6841e9ceacf9e976a109cb91.jpg', 'VSAT CANAL + -anonymes_103', 'anonymes', 'prm_anonyme', 103, 2, 'Image', 7, '2017-05-16 13:52:59'),
(251, './upload/anonymes/102/ee7f1d862f4696003a39ba1d0a3cb888.jpg', 'AGENCE DE VOYAGE ET TOURISME -anonymes_102', 'anonymes', 'prm_anonyme', 102, 2, 'Image', 7, '2017-05-16 13:54:54'),
(252, './upload/anonymes/101/007d44f8c49f5e9f960307dee0bfd026.jpg', 'BLR SATGURU -anonymes_101', 'anonymes', 'prm_anonyme', 101, 2, 'Image', 7, '2017-05-16 13:56:38'),
(253, './upload/anonymes/100/0c24973dd8dcfec50123a281b6b34807.jpg', 'BLR AG -anonymes_100', 'anonymes', 'prm_anonyme', 100, 2, 'Image', 7, '2017-05-16 13:58:16'),
(254, './upload/anonymes/99/ed132b7cbe20d826d9f57a91ea30c5e0.jpg', 'BLR MEIG -anonymes_99', 'anonymes', 'prm_anonyme', 99, 2, 'Image', 7, '2017-05-16 13:59:27'),
(255, './upload/anonymes/98/fd0b27147ebbbb3df07d755744f84b94.jpg', ' VSAT MEIG -anonymes_98', 'anonymes', 'prm_anonyme', 98, 2, 'Image', 7, '2017-05-16 14:01:22'),
(257, './upload/anonymes/118/4ec26607020a2f1fa6a9c386d0b4e985.jpg', 'BLR PNUD -anonymes_118', 'anonymes', 'prm_anonyme', 118, 2, 'Image', 5, '2017-05-17 15:35:10'),
(260, './upload/anonymes/121/8d96e39120fe3073371af93088cab37f.jpg', 'BLR CHINOI FARCHA -anonymes_121', 'anonymes', 'prm_anonyme', 121, 2, 'Image', 5, '2017-05-17 15:46:45'),
(261, './upload/anonymes/119/0e32802bcb2311f3da00578f5c85f144.jpg', 'INCONNUE -anonymes_119', 'anonymes', 'prm_anonyme', 119, 2, 'Image', 5, '2017-05-17 15:47:28'),
(262, './upload/anonymes/120/9ef8858c78fbd305d8e8b3e14b738341.jpg', 'INCONNUE PARTICULIER -anonymes_120', 'anonymes', 'prm_anonyme', 120, 2, 'Image', 5, '2017-05-17 15:48:06'),
(263, './upload/anonymes/117/70a030816091fa82b7914519c428a040.jpg', 'BLR INCONNUE -anonymes_117', 'anonymes', 'prm_anonyme', 117, 2, 'Image', 5, '2017-05-17 15:48:50'),
(265, './upload/anonymes/123/f31bf1da8868144ef482b9890f431bca.jpg', 'VHF Derriere ESSO -anonymes_123', 'anonymes', 'prm_anonyme', 123, 2, 'Image', 5, '2017-05-18 14:45:37'),
(266, './upload/anonymes/124/492082077ebb23790c64b95377d75998.jpg', 'BLR INCONNUE -anonymes_124', 'anonymes', 'prm_anonyme', 124, 2, 'Image', 5, '2017-05-18 14:51:44'),
(267, './upload/anonymes/125/d2ea1e4bf88d69f7a7862da2da7d0656.jpg', 'BLR INCONNUE -anonymes_125', 'anonymes', 'prm_anonyme', 125, 2, 'Image', 5, '2017-05-18 14:54:10'),
(268, './upload/anonymes/126/a8247904403717df1727cfae73d08721.jpg', 'INCONNUE BLR -anonymes_126', 'anonymes', 'prm_anonyme', 126, 2, 'Image', 5, '2017-05-18 14:55:55'),
(269, './upload/anonymes/127/7b3d42bd03ff047189fc77ad749583c8.jpg', 'BLR INCONNUE -anonymes_127', 'anonymes', 'prm_anonyme', 127, 2, 'Image', 5, '2017-05-18 14:57:38'),
(270, './upload/anonymes/128/136a2877c9a2b1101737c43de67e2680.jpg', 'INCONNUE BLR -anonymes_128', 'anonymes', 'prm_anonyme', 128, 2, 'Image', 5, '2017-05-18 15:00:21'),
(271, './upload/anonymes/129/7b66c2326005da921432eef3510effca.jpg', 'BLR APLFT -anonymes_129', 'anonymes', 'prm_anonyme', 129, 2, 'Image', 5, '2017-05-19 11:58:56'),
(272, './upload/anonymes/130/8273651e70ac855efec6e2df448871b9.jpg', 'BLR INCONNUE -anonymes_130', 'anonymes', 'prm_anonyme', 130, 2, 'Image', 5, '2017-05-19 12:01:24'),
(273, './upload/anonymes/131/22f8c69ed7b1dc7173bfa35fc8fe24d5.jpg', 'Vsat E.U -anonymes_131', 'anonymes', 'prm_anonyme', 131, 2, 'Image', 5, '2017-05-19 12:04:10'),
(274, './upload/anonymes/132/dcb91f12e25173f98cf5f0f4a2ffacbf.jpg', 'BLR INCONNUE -anonymes_132', 'anonymes', 'prm_anonyme', 132, 2, 'Image', 5, '2017-05-19 12:07:02'),
(275, './upload/anonymes/133/96aa36538d7e69113234fd5d1b012c1e.jpg', 'BLR VITELLA -anonymes_133', 'anonymes', 'prm_anonyme', 133, 2, 'Image', 5, '2017-05-19 12:11:51'),
(276, './upload/anonymes/134/ffea78d006900a696bebf29b5f4798a8.jpg', 'BLR ISTD -anonymes_134', 'anonymes', 'prm_anonyme', 134, 2, 'Image', 5, '2017-05-19 12:14:01'),
(277, './upload/anonymes/135/7bd8459288967741abffc36b67dd4fb8.jpg', 'BLR MG GROUP -anonymes_135', 'anonymes', 'prm_anonyme', 135, 2, 'Image', 5, '2017-05-19 12:17:16'),
(278, './upload/anonymes/137/8e39ed1c8c503d7ca045206f382932b1.jpg', 'BLR CYBER -anonymes_137', 'anonymes', 'prm_anonyme', 137, 2, 'Image', 5, '2017-05-22 09:41:00'),
(279, './upload/anonymes/138/185322008e503d8a2770be075267d507.jpg', 'BLR PAM -anonymes_138', 'anonymes', 'prm_anonyme', 138, 2, 'Image', 5, '2017-05-22 09:49:06'),
(280, './upload/anonymes/139/91232de8ba796f54581281ee95cdb8af.jpg', 'BLR SHERABELLE -anonymes_139', 'anonymes', 'prm_anonyme', 139, 2, 'Image', 5, '2017-05-22 09:52:34'),
(281, './upload/anonymes/140/ad11c2379d53cf9551afc31f71e67c08.jpg', 'BLR  -anonymes_140', 'anonymes', 'prm_anonyme', 140, 2, 'Image', 5, '2017-05-22 10:48:12'),
(282, './upload/anonymes/141/5e8a3bc66e059650b719df7231360539.jpg', 'BLR PARTICULIER -anonymes_141', 'anonymes', 'prm_anonyme', 141, 2, 'Image', 5, '2017-05-22 10:53:54'),
(283, './upload/station_vsat/63/pj_63.pdf', 'Formulaire d''enregistrement Station VSAT PETROCHAD MANGARA', 'vsat', 'vsat_stations', 63, 2, 'Document', 5, '2017-05-22 11:49:21'),
(284, './upload/station_vsat/64/pj_64.pdf', 'Formulaire d''enregistrement Station VSAT     PETROCHAD Ndjamena', 'vsat', 'vsat_stations', 64, 2, 'Document', 7, '2017-05-22 12:01:18'),
(285, './upload/station_vsat/64/50ba598b8c03d46ab44ae3fcc7b88233.jpg', 'modem PETROCHAD -vsat_64', 'vsat', 'vsat_stations', 64, 2, 'Image', 7, '2017-05-22 12:01:18'),
(286, './upload/station_vsat/64/1f89eec02ba6550fae1fdafa871b1652.jpg', 'RADIO PETROCHAD -vsat_64', 'vsat', 'vsat_stations', 64, 2, 'Image', 7, '2017-05-22 12:01:18'),
(287, './upload/station_vsat/64/723810e08ced90afcdc85d481138c320.jpg', 'VSAT PETROCHAD -vsat_64', 'vsat', 'vsat_stations', 64, 2, 'Image', 7, '2017-05-22 12:01:18'),
(288, './upload/station_vsat/65/pj_65.pdf', 'Formulaire d''enregistrement Station VSAT Vsat Badila PETROCHAD', 'vsat', 'vsat_stations', 65, 2, 'Document', 6, '2017-05-22 12:23:54'),
(289, './upload/anonymes/142/5d328e6b215bc05d074837f91764d072.jpg', 'Vsat DSPA -anonymes_142', 'anonymes', 'prm_anonyme', 142, 2, 'Image', 5, '2017-05-22 16:10:40'),
(290, './upload/anonymes/143/3e02069e593f46087ff5a067a22dd42d.jpg', 'Vsat  C.A -anonymes_143', 'anonymes', 'prm_anonyme', 143, 2, 'Image', 5, '2017-05-22 16:13:46'),
(291, './upload/anonymes/144/ae537b1fdc03144f30ecdd8a16d16352.jpg', 'BLR DSPA -anonymes_144', 'anonymes', 'prm_anonyme', 144, 2, 'Image', 5, '2017-05-23 10:37:20'),
(292, './upload/anonymes/145/278fe1252cea7a6b8336b4a47aa1ea03.jpg', 'BLR INCONNUE -anonymes_145', 'anonymes', 'prm_anonyme', 145, 2, 'Image', 5, '2017-05-23 10:48:23'),
(293, './upload/anonymes/146/32fb6f70916e08315158973ad9dd0e64.jpg', 'BLR  -anonymes_146', 'anonymes', 'prm_anonyme', 146, 2, 'Image', 5, '2017-05-23 11:06:14'),
(294, './upload/anonymes/147/a9e09a851b469f8ee793a13b5dfee98b.jpg', 'BLR -anonymes_147', 'anonymes', 'prm_anonyme', 147, 2, 'Image', 5, '2017-05-23 11:16:14'),
(295, './upload/anonymes/148/895d3df4885ba9e82f59a2cc85147a35.jpg', 'BLR -anonymes_148', 'anonymes', 'prm_anonyme', 148, 2, 'Image', 5, '2017-05-23 11:38:07'),
(296, './upload/permissionnaires/39/pj_39.pdf', 'Formulaire d''enregistrement Permissionnaire ACTION CONTRE LA FAIM', 'Permissionnaire', 'permissionnaires', 39, 2, 'Document', 7, '2017-05-25 14:06:06'),
(297, './upload/permissionnaires/40/pj_40.pdf', 'Formulaire d''enregistrement Permissionnaire CAtholique Relief Services -USCC', 'Permissionnaire', 'permissionnaires', 40, 2, 'Document', 5, '2017-05-25 15:30:09'),
(298, './upload/station_vsat/66/pj_66.pdf', 'Formulaire d''enregistrement Station VSAT ACF MAO BASE', 'vsat', 'vsat_stations', 66, 2, 'Document', 5, '2017-05-26 10:27:57'),
(299, './upload/station_vsat/67/pj_67.pdf', 'Formulaire d''enregistrement Station VSAT ACF MOUSSORO', 'vsat', 'vsat_stations', 67, 2, 'Document', 5, '2017-05-26 10:38:00'),
(300, './upload/station_vsat/68/pj_68.pdf', 'Formulaire d''enregistrement Station VSAT ACF BAGASOLA BASE', 'vsat', 'vsat_stations', 68, 2, 'Document', 5, '2017-05-26 10:45:18'),
(301, './upload/anonymes/149/372296bce57773da3ab1606fc0160fdb.jpg', 'BLR INCONNU -anonymes_149', 'anonymes', 'prm_anonyme', 149, 2, 'Image', 7, '2017-05-29 17:00:50'),
(302, './upload/anonymes/150/d8070d8813fc01346637da1821f0641d.jpg', 'BLR a cote MSF SUISSE -anonymes_150', 'anonymes', 'prm_anonyme', 150, 2, 'Image', 7, '2017-05-29 17:03:40'),
(303, './upload/anonymes/151/d4651f43877a05a37477ac6967f765d3.jpg', 'blr albidey investissement -anonymes_151', 'anonymes', 'prm_anonyme', 151, 2, 'Image', 7, '2017-05-29 17:07:51'),
(304, './upload/anonymes/152/42cfbd80126deb855dc25c5105c93eea.jpg', 'vsat peschaud -anonymes_152', 'anonymes', 'prm_anonyme', 152, 2, 'Image', 7, '2017-05-29 17:10:25'),
(305, './upload/anonymes/153/8f43aecf0c60d17e81e8fb9aa0e4577f.jpg', 'blr -anonymes_153', 'anonymes', 'prm_anonyme', 153, 2, 'Image', 7, '2017-05-29 17:13:34'),
(306, './upload/anonymes/154/04f974ca8cd3238cafbc4ec7cd63c21d.jpg', 'pharmacie eguni -anonymes_154', 'anonymes', 'prm_anonyme', 154, 2, 'Image', 7, '2017-05-29 17:16:37'),
(307, './upload/anonymes/155/0e9274ee9b6b39d73a8062068cdd113f.jpg', 'VSAT  -anonymes_155', 'anonymes', 'prm_anonyme', 155, 2, 'Image', 7, '2017-05-29 17:20:46'),
(308, './upload/anonymes/156/d938a1a1efe4b08f52998198f0acf419.jpg', 'BLR Gd marché -anonymes_156', 'anonymes', 'prm_anonyme', 156, 2, 'Image', 7, '2017-05-29 17:25:49'),
(309, './upload/anonymes/157/b18ec5a954e8c79f752c424e4f492a29.jpg', 'photo -anonymes_157', 'anonymes', 'prm_anonyme', 157, 2, 'Image', 7, '2017-05-30 09:36:22'),
(310, './upload/anonymes/158/b1a306b6b42bfd70cdb4561ec29a696c.jpg', 'moursal -anonymes_158', 'anonymes', 'prm_anonyme', 158, 2, 'Image', 7, '2017-05-30 09:46:42'),
(311, './upload/anonymes/159/110d3a96ee7b4f3b62c99d8063e92eeb.jpg', 'station moursal -anonymes_159', 'anonymes', 'prm_anonyme', 159, 2, 'Image', 7, '2017-05-30 10:03:05'),
(312, './upload/anonymes/160/af385e986f42e1a144fb0f29b25a89db.jpg', 'station -anonymes_160', 'anonymes', 'prm_anonyme', 160, 2, 'Image', 7, '2017-05-30 10:08:15'),
(313, './upload/anonymes/161/cfeec7671de1e2101de08b6e2fd71099.jpg', 'Blr inconnu a moursal -anonymes_161', 'anonymes', 'prm_anonyme', 161, 2, 'Image', 7, '2017-05-30 10:17:50'),
(314, './upload/anonymes/162/ef04df9e1425dbd9499038fc9e912187.jpg', 'phot Blr a cote de programme de lutte contre SIDA -anonymes_162', 'anonymes', 'prm_anonyme', 162, 2, 'Image', 7, '2017-05-30 10:21:30'),
(315, './upload/anonymes/163/4d18a8054ff1cbfdd69ba99372233511.jpg', 'photo Blr de programme de lutte contre SIDA -anonymes_163', 'anonymes', 'prm_anonyme', 163, 2, 'Image', 7, '2017-05-30 10:23:49'),
(316, './upload/anonymes/164/5c05178eca3b624a2e4d7d03e56775a7.jpg', ' photo winer technologie cyber  -anonymes_164', 'anonymes', 'prm_anonyme', 164, 2, 'Image', 7, '2017-05-30 10:26:18'),
(317, './upload/anonymes/165/7112d635e6ff9e37855d856946395089.jpg', 'SNE DEMBE -anonymes_165', 'anonymes', 'prm_anonyme', 165, 2, 'Image', 7, '2017-05-30 10:29:55'),
(318, './upload/anonymes/166/c26373e8441d07bc3147f56f5a21f004.jpg', ' photo Blr QUIFEROU -anonymes_166', 'anonymes', 'prm_anonyme', 166, 2, 'Image', 7, '2017-05-30 10:33:10'),
(319, './upload/anonymes/167/78ff1a9ca3a357256ec3171e3e7024cf.jpg', 'photo Blr de l''hotel a cote de sotel gredia -anonymes_167', 'anonymes', 'prm_anonyme', 167, 2, 'Image', 7, '2017-05-30 10:37:42'),
(320, './upload/anonymes/168/8285488c5285f6b7b2e2415246a5f360.jpg', 'Photo blr projet SEDIGUE -anonymes_168', 'anonymes', 'prm_anonyme', 168, 2, 'Image', 7, '2017-05-31 10:37:15'),
(321, './upload/anonymes/169/392cb5800103e24675a63123013634bd.jpg', 'photo cyber high-tech -anonymes_169', 'anonymes', 'prm_anonyme', 169, 2, 'Image', 7, '2017-05-31 10:39:52'),
(322, './upload/anonymes/170/a2c3423ccaeb7f18e10cf624bd1ca7c5.jpg', 'Photo Agence des Musulmans d''Afrique Bureau du tchad  -anonymes_170', 'anonymes', 'prm_anonyme', 170, 2, 'Image', 7, '2017-05-31 10:44:15'),
(323, './upload/anonymes/171/6c37852ce68e743a8e4d2ececc019505.jpg', 'photo Blr inconnu 10eme arrondissement -anonymes_171', 'anonymes', 'prm_anonyme', 171, 2, 'Image', 7, '2017-05-31 10:48:37'),
(324, './upload/anonymes/172/25096d90f4c468d747129f3098b7e038.jpg', 'Vsat EXPRESSE UNION -anonymes_172', 'anonymes', 'prm_anonyme', 172, 2, 'Image', 5, '2017-05-31 15:45:45'),
(325, './upload/anonymes/173/b243cd83c240ade023632cbea3710f47.jpg', 'Vsat BON SAMARITAIN -anonymes_173', 'anonymes', 'prm_anonyme', 173, 2, 'Image', 5, '2017-05-31 15:48:20'),
(326, './upload/anonymes/175/61b64d9da1b272a08e97c2698a6a8e64.jpg', 'BLR BEING -anonymes_175', 'anonymes', 'prm_anonyme', 175, 2, 'Image', 5, '2017-05-31 16:14:04'),
(327, './upload/anonymes/176/6e2294ed6a35fd13d65b714a2e0cb20a.jpg', 'BLR INCONNU -anonymes_176', 'anonymes', 'prm_anonyme', 176, 2, 'Image', 5, '2017-06-01 13:38:52'),
(328, './upload/anonymes/177/5b9229e41f41e8a11023d64995cdd6d5.jpg', 'INCONNU BLR -anonymes_177', 'anonymes', 'prm_anonyme', 177, 2, 'Image', 5, '2017-06-01 13:40:44'),
(329, './upload/anonymes/178/8f8e4585f6f659db3541fd2aa4a3cf89.jpg', 'BLR INCONNU -anonymes_178', 'anonymes', 'prm_anonyme', 178, 2, 'Image', 5, '2017-06-01 13:43:19'),
(330, './upload/anonymes/179/1896dc046de4f62aef8cc69265f293d4.jpg', 'BLR INCOONU -anonymes_179', 'anonymes', 'prm_anonyme', 179, 2, 'Image', 5, '2017-06-01 13:45:39'),
(331, './upload/blr_stations/1/pj_1.pdf', 'Formulaire d''enregistrement Station BLR XXXX', 'blr_stations', 'blr_stations', 1, 1, 'Document', 1, '2017-06-05 01:06:25'),
(335, './upload/uhf_vhf_stations/1/pj_1.pdf', 'Formulaire d''enregistrement Station BLR KKK', 'uhf_vhf_stations', 'uhf_vhf_stations', 1, 1, 'Document', 1, '2017-06-05 02:13:06'),
(337, './upload/blr_stations/1/9ce57e461bacd7b7f97c95f35bb40dcc.jpg', 'I -blr_stations_1', 'blr_stations', 'blr_stations', 1, 1, 'Image', 1, '2017-06-05 03:41:50'),
(338, './upload/blr_clients/1/87d8feb32394b6a35ee8a70a923a080a.jpg', 'ik -blr_clients_1', 'blr_clients', 'blr_clients', 1, 1, 'Image', 1, '2017-06-05 03:42:04'),
(341, './upload/uhf_vhf_clients/1/d0c762a48b20470b455c1befa2e059e8.jpg', 'i -uhf_vhf_clients_1', 'uhf_vhf_clients', 'uhf_vhf_clients', 1, 1, 'Image', 1, '2017-06-05 04:18:45'),
(342, './upload/uhf_vhf_stations/1/dd7bcc5b36e9589901c7bb681b8c68b0.jpg', 'f -uhf_vhf_stations_1', 'uhf_vhf_stations', 'uhf_vhf_stations', 1, 1, 'Image', 1, '2017-06-05 04:22:22');

-- --------------------------------------------------------

--
-- Table structure for table `blr_clients`
--

CREATE TABLE IF NOT EXISTS `blr_clients` (
  `id` int(11) NOT NULL AUTO_INCREMENT,
  `longi` varchar(11) DEFAULT NULL,
  `latit` varchar(11) DEFAULT NULL,
  `hauteur` varchar(11) DEFAULT NULL,
  `marque` varchar(11) DEFAULT NULL,
  `modele` varchar(11) DEFAULT NULL,
  `pj_images` varchar(200) DEFAULT NULL,
  `station_base` int(11) DEFAULT NULL,
  `etat` int(11) DEFAULT '0',
  `creusr` int(11) DEFAULT NULL,
  `credat` timestamp NULL DEFAULT CURRENT_TIMESTAMP,
  `updusr` int(11) DEFAULT NULL,
  `upddat` timestamp NULL DEFAULT NULL,
  PRIMARY KEY (`id`)
) ENGINE=InnoDB  DEFAULT CHARSET=utf8 AUTO_INCREMENT=2 ;

--
-- Dumping data for table `blr_clients`
--

INSERT INTO `blr_clients` (`id`, `longi`, `latit`, `hauteur`, `marque`, `modele`, `pj_images`, `station_base`, `etat`, `creusr`, `credat`, `updusr`, `upddat`) VALUES
(1, '3333', '2222', '1111', 'RFGG', 'EDF', '(338)', 1, 1, 1, '2017-06-05 00:10:40', 1, '2017-06-05 03:42:04');

-- --------------------------------------------------------

--
-- Table structure for table `blr_stations`
--

CREATE TABLE IF NOT EXISTS `blr_stations` (
  `id` int(11) NOT NULL AUTO_INCREMENT,
  `prm` int(11) DEFAULT NULL COMMENT 'Permissionaire',
  `site` varchar(100) DEFAULT NULL,
  `longi` varchar(100) DEFAULT NULL,
  `latit` varchar(100) DEFAULT NULL,
  `ville` int(11) DEFAULT NULL,
  `marque` varchar(100) DEFAULT NULL,
  `modele` varchar(100) DEFAULT NULL,
  `num_serie` varchar(100) DEFAULT NULL,
  `hauteur` varchar(100) DEFAULT NULL,
  `puissance` varchar(100) DEFAULT NULL,
  `frequence` varchar(100) DEFAULT NULL,
  `modulation` varchar(100) DEFAULT NULL,
  `nbr_clients` int(11) DEFAULT NULL,
  `type_station` varchar(100) DEFAULT NULL,
  `date_visite` date DEFAULT NULL,
  `pj` int(11) DEFAULT NULL,
  `pj_images` varchar(200) DEFAULT NULL,
  `etat` int(11) DEFAULT '0',
  `creusr` int(11) DEFAULT NULL,
  `credat` timestamp NULL DEFAULT CURRENT_TIMESTAMP,
  `updusr` int(11) DEFAULT NULL,
  `upddat` timestamp NULL DEFAULT NULL,
  PRIMARY KEY (`id`)
) ENGINE=InnoDB  DEFAULT CHARSET=utf8 AUTO_INCREMENT=2 ;

--
-- Dumping data for table `blr_stations`
--

INSERT INTO `blr_stations` (`id`, `prm`, `site`, `longi`, `latit`, `ville`, `marque`, `modele`, `num_serie`, `hauteur`, `puissance`, `frequence`, `modulation`, `nbr_clients`, `type_station`, `date_visite`, `pj`, `pj_images`, `etat`, `creusr`, `credat`, `updusr`, `upddat`) VALUES
(1, 39, 'XXX', '33333', '4444', 34, 'POPO', 'P90', '9899', '44444', '55555', '44444', '3434', 1, 'P2P', '2017-06-05', 331, '(337)', 0, 1, '2017-06-05 00:06:25', 1, '2017-06-05 03:41:50');

-- --------------------------------------------------------

--
-- Table structure for table `espionnage_update`
--

CREATE TABLE IF NOT EXISTS `espionnage_update` (
  `id` int(11) NOT NULL AUTO_INCREMENT COMMENT 'ID',
  `updt_id` varchar(32) NOT NULL COMMENT 'ID of Update operation',
  `table` varchar(25) NOT NULL COMMENT 'Table espionné',
  `id_item` int(11) NOT NULL COMMENT 'ID de ligne modifié',
  `column` varchar(25) NOT NULL COMMENT 'Column modifié',
  `val_old` varchar(200) DEFAULT NULL COMMENT 'Valeur avant',
  `val_new` varchar(200) DEFAULT NULL COMMENT 'Valeur Aprés',
  `user` varchar(25) NOT NULL COMMENT 'Utilisateur modif',
  `updtdat` datetime NOT NULL DEFAULT CURRENT_TIMESTAMP COMMENT 'Date modification',
  PRIMARY KEY (`id`),
  UNIQUE KEY `updt_id` (`id`,`updt_id`)
) ENGINE=InnoDB  DEFAULT CHARSET=utf8 AUTO_INCREMENT=200 ;

--
-- Dumping data for table `espionnage_update`
--

INSERT INTO `espionnage_update` (`id`, `updt_id`, `table`, `id_item`, `column`, `val_old`, `val_new`, `user`, `updtdat`) VALUES
(1, 'ea4a329505f8ac3961ad7c4165548f4c', 'permissionnaires', 2, 'upddat', NULL, '2017-04-06 02:42:41', 'admin', '2017-04-06 02:42:41'),
(2, 'ea4a329505f8ac3961ad7c4165548f4c', 'permissionnaires', 2, 'updusr', NULL, '1', 'admin', '2017-04-06 02:42:41'),
(3, '6fd044bff732df53ac00d2ac38f7331b', 'permissionnaires', 1, 'pay_siege', '242', '121', 'alexis', '2017-04-06 09:42:47'),
(4, '6fd044bff732df53ac00d2ac38f7331b', 'permissionnaires', 1, 'multi_national', '2', '1', 'alexis', '2017-04-06 09:42:47'),
(5, '6fd044bff732df53ac00d2ac38f7331b', 'permissionnaires', 1, 'upddat', NULL, '2017-04-06 09:42:47', 'alexis', '2017-04-06 09:42:47'),
(6, '6fd044bff732df53ac00d2ac38f7331b', 'permissionnaires', 1, 'updusr', NULL, '4', 'alexis', '2017-04-06 09:42:47'),
(7, '1698ee09ed314e1157cb8cf6e2c3bef2', 'permissionnaires', 5, 'upddat', NULL, '2017-04-06 09:43:11', 'alexis', '2017-04-06 09:43:11'),
(8, '1698ee09ed314e1157cb8cf6e2c3bef2', 'permissionnaires', 5, 'updusr', NULL, '4', 'alexis', '2017-04-06 09:43:11'),
(9, '5b7393df9693fe6859d2b3984324d922', 'permissionnaires', 9, 'r_social', 'societe generale des banque', 'Societe Générale de Banque', 'ibrahim', '2017-04-06 13:14:00'),
(10, '5b7393df9693fe6859d2b3984324d922', 'permissionnaires', 9, 'upddat', NULL, '2017-04-06 13:14:01', 'ibrahim', '2017-04-06 13:14:01'),
(11, '5b7393df9693fe6859d2b3984324d922', 'permissionnaires', 9, 'updusr', NULL, '6', 'ibrahim', '2017-04-06 13:14:01'),
(12, '0c005c1d510a02cd06d4ab261f88fbe2', 'permissionnaires', 11, 'r_social', 'saonet', 'Saonet', 'alexis', '2017-04-06 13:58:39'),
(13, '0c005c1d510a02cd06d4ab261f88fbe2', 'permissionnaires', 11, 'nom_p', 'yacoub MAHAMAT', 'Yacoub MAHAMAT', 'alexis', '2017-04-06 13:58:39'),
(14, '0c005c1d510a02cd06d4ab261f88fbe2', 'permissionnaires', 11, 'qualite_p', 'DG', 'Directeur Général', 'alexis', '2017-04-06 13:58:39'),
(15, '0c005c1d510a02cd06d4ab261f88fbe2', 'permissionnaires', 11, 'adresse_p', 'AV.felix eboue', 'Av. Felix Eboue', 'alexis', '2017-04-06 13:58:39'),
(16, '0c005c1d510a02cd06d4ab261f88fbe2', 'permissionnaires', 11, 'upddat', NULL, '2017-04-06 13:58:39', 'alexis', '2017-04-06 13:58:39'),
(17, '0c005c1d510a02cd06d4ab261f88fbe2', 'permissionnaires', 11, 'updusr', NULL, '4', 'alexis', '2017-04-06 13:58:39'),
(18, '283644adea75f48c9a84d1822e00cb3d', 'permissionnaires', 12, 'r_social', 'BIVAK TCHAD', 'BIVAC TCHAD', 'alexis', '2017-04-06 14:02:16'),
(19, '283644adea75f48c9a84d1822e00cb3d', 'permissionnaires', 12, 'sigle', 'BIVAK', 'BIVAC', 'alexis', '2017-04-06 14:02:16'),
(20, '283644adea75f48c9a84d1822e00cb3d', 'permissionnaires', 12, 'adresse', 'Av. 04 joseph yodoyman', 'Av. 04 Joseph Yodeyman', 'alexis', '2017-04-06 14:02:16'),
(21, '283644adea75f48c9a84d1822e00cb3d', 'permissionnaires', 12, 'nom_p', 'Kemté Ningn', 'Kemté Ninga', 'alexis', '2017-04-06 14:02:16'),
(22, '283644adea75f48c9a84d1822e00cb3d', 'permissionnaires', 12, 'adresse_p', 'Av. 04 Joseph Yodoyman', 'Av. 04 Joseph Yodeyman', 'alexis', '2017-04-06 14:02:16'),
(23, '283644adea75f48c9a84d1822e00cb3d', 'permissionnaires', 12, 'upddat', NULL, '2017-04-06 14:02:16', 'alexis', '2017-04-06 14:02:16'),
(24, '283644adea75f48c9a84d1822e00cb3d', 'permissionnaires', 12, 'updusr', NULL, '4', 'alexis', '2017-04-06 14:02:16'),
(25, '9c3171c45a993f58127fb71d98483929', 'permissionnaires', 16, 'r_social', 'Star security', 'Star Security', 'alexis', '2017-04-06 14:12:44'),
(26, '9c3171c45a993f58127fb71d98483929', 'permissionnaires', 16, 'adresse', 'klemat', 'Klemat', 'alexis', '2017-04-06 14:12:44'),
(27, '9c3171c45a993f58127fb71d98483929', 'permissionnaires', 16, 'qualite_p', 'Directeur General', 'Directeur Général', 'alexis', '2017-04-06 14:12:44'),
(28, '9c3171c45a993f58127fb71d98483929', 'permissionnaires', 16, 'adresse_p', 's/c STAR', 's/c  STAR', 'alexis', '2017-04-06 14:12:44'),
(29, '9c3171c45a993f58127fb71d98483929', 'permissionnaires', 16, 'upddat', NULL, '2017-04-06 14:12:44', 'alexis', '2017-04-06 14:12:44'),
(30, '9c3171c45a993f58127fb71d98483929', 'permissionnaires', 16, 'updusr', NULL, '4', 'alexis', '2017-04-06 14:12:44'),
(31, 'b78d8f65203cb6d817b6c2b2a67c9ccc', 'permissionnaires', 3, 'upddat', NULL, '2017-04-06 14:18:50', 'alexis', '2017-04-06 14:18:50'),
(32, 'b78d8f65203cb6d817b6c2b2a67c9ccc', 'permissionnaires', 3, 'updusr', NULL, '4', 'alexis', '2017-04-06 14:18:50'),
(33, '5bd4be22231c7f3a46ec5b721fe64d33', 'permissionnaires', 2, 'r_social', 'Programme d''appui à l''ordonnateur National', 'Action FED', 'alexis', '2017-04-07 10:17:52'),
(34, '5bd4be22231c7f3a46ec5b721fe64d33', 'permissionnaires', 2, 'upddat', '2017-04-06 02:42:41', '2017-04-07 10:17:52', 'alexis', '2017-04-07 10:17:52'),
(35, '5bd4be22231c7f3a46ec5b721fe64d33', 'permissionnaires', 2, 'updusr', '1', '4', 'alexis', '2017-04-07 10:17:52'),
(36, 'd5f9c8b36bdc200ef76800589ce8923b', 'permissionnaires', 4, 'r_social', 'Société National de Ciment', 'Société Nationale de Ciment', 'alexis', '2017-04-07 10:48:02'),
(37, 'd5f9c8b36bdc200ef76800589ce8923b', 'permissionnaires', 4, 'upddat', NULL, '2017-04-07 10:48:02', 'alexis', '2017-04-07 10:48:02'),
(38, 'd5f9c8b36bdc200ef76800589ce8923b', 'permissionnaires', 4, 'updusr', NULL, '4', 'alexis', '2017-04-07 10:48:02'),
(39, '79a45fd01825ef8dfad22285b8fbc376', 'permissionnaires', 9, 'email', 'SGT@internet.td', 'SGT@intnet.td', 'alexis', '2017-04-07 12:44:49'),
(40, '79a45fd01825ef8dfad22285b8fbc376', 'permissionnaires', 9, 'upddat', '2017-04-06 13:14:00', '2017-04-07 12:44:49', 'alexis', '2017-04-07 12:44:49'),
(41, '79a45fd01825ef8dfad22285b8fbc376', 'permissionnaires', 9, 'updusr', '6', '4', 'alexis', '2017-04-07 12:44:49'),
(42, '5da8ebb96dc39858a7e8685a9193ac7d', 'permissionnaires', 5, 'adresse', 'porte 1243 Av. General Tilbo', 'Porte 1243 Av. General Tilbo', 'alexis', '2017-04-10 09:46:31'),
(43, '5da8ebb96dc39858a7e8685a9193ac7d', 'permissionnaires', 5, 'adresse_p', 'United hydrocarbone (UHCL) qtier Aerogar', 'United Hydrocarbone (UHCL) qtier Aerogare', 'alexis', '2017-04-10 09:46:31'),
(44, '5da8ebb96dc39858a7e8685a9193ac7d', 'permissionnaires', 5, 'upddat', '2017-04-06 09:43:11', '2017-04-10 09:46:31', 'alexis', '2017-04-10 09:46:31'),
(45, 'fecee5d2d9a8ad2b6d0260c5c5652e11', 'permissionnaires', 7, 'qualite_p', 'resqponsable informatique', 'Responsable Informatique', 'alexis', '2017-04-10 09:47:57'),
(46, 'fecee5d2d9a8ad2b6d0260c5c5652e11', 'permissionnaires', 7, 'upddat', NULL, '2017-04-10 09:47:57', 'alexis', '2017-04-10 09:47:57'),
(47, 'fecee5d2d9a8ad2b6d0260c5c5652e11', 'permissionnaires', 7, 'updusr', NULL, '4', 'alexis', '2017-04-10 09:47:57'),
(48, '5298f505f0ff60d74c8716395744d696', 'permissionnaires', 8, 'r_social', 'ORGANISATION HUMANITAIRE', 'ISLAMIC RELIEF', 'alexis', '2017-04-10 09:50:38'),
(49, '5298f505f0ff60d74c8716395744d696', 'permissionnaires', 8, 'upddat', NULL, '2017-04-10 09:50:38', 'alexis', '2017-04-10 09:50:38'),
(50, '5298f505f0ff60d74c8716395744d696', 'permissionnaires', 8, 'updusr', NULL, '4', 'alexis', '2017-04-10 09:50:38'),
(51, '49757f19dd7c7897df8006f589280b97', 'permissionnaires', 10, 'r_social', 'commercial bank tchad', 'Commercial Bank Tchad', 'alexis', '2017-04-10 09:53:04'),
(52, '49757f19dd7c7897df8006f589280b97', 'permissionnaires', 10, 'adresse_p', 'charles de gaulle', 'Av. Charles de Gaulle', 'alexis', '2017-04-10 09:53:04'),
(53, '49757f19dd7c7897df8006f589280b97', 'permissionnaires', 10, 'upddat', NULL, '2017-04-10 09:53:04', 'alexis', '2017-04-10 09:53:04'),
(54, '49757f19dd7c7897df8006f589280b97', 'permissionnaires', 10, 'updusr', NULL, '4', 'alexis', '2017-04-10 09:53:04'),
(55, '1c56e2e043db812d580aeec1c2d100be', 'permissionnaires', 16, 'upddat', '2017-04-06 14:12:44', '2017-04-10 09:59:47', 'alexis', '2017-04-10 09:59:47'),
(56, 'edcaad6bcef55fb6269b4ff2d757922f', 'permissionnaires', 19, 'r_social', 'MSF SUISSE', 'Médécins Sans Frontière SUISSE', 'alexis', '2017-04-10 10:01:49'),
(57, 'edcaad6bcef55fb6269b4ff2d757922f', 'permissionnaires', 19, 'adresse', 'Route de l''aeoroport', 'Route de l''Aéoroport', 'alexis', '2017-04-10 10:01:49'),
(58, 'edcaad6bcef55fb6269b4ff2d757922f', 'permissionnaires', 19, 'qualite_p', 'charge de système d''information', 'Charge de Système d''Information', 'alexis', '2017-04-10 10:01:49'),
(59, 'edcaad6bcef55fb6269b4ff2d757922f', 'permissionnaires', 19, 'upddat', NULL, '2017-04-10 10:01:49', 'alexis', '2017-04-10 10:01:49'),
(60, 'edcaad6bcef55fb6269b4ff2d757922f', 'permissionnaires', 19, 'updusr', NULL, '4', 'alexis', '2017-04-10 10:01:49'),
(61, '4eee3f2effa417ee5217e996b2667ee9', 'permissionnaires', 18, 'adresse', 'rond point travaux publique', 'Rond Point Travaux Publics', 'alexis', '2017-04-10 10:04:00'),
(62, '4eee3f2effa417ee5217e996b2667ee9', 'permissionnaires', 18, 'qualite_p', 'Directeur General A', 'Directeur General Adjoint', 'alexis', '2017-04-10 10:04:00'),
(63, '4eee3f2effa417ee5217e996b2667ee9', 'permissionnaires', 18, 'upddat', NULL, '2017-04-10 10:04:00', 'alexis', '2017-04-10 10:04:00'),
(64, '4eee3f2effa417ee5217e996b2667ee9', 'permissionnaires', 18, 'updusr', NULL, '4', 'alexis', '2017-04-10 10:04:00'),
(65, 'f12d2875f5d75b1cce5ac0dea8c31ac5', 'permissionnaires', 17, 'upddat', NULL, '2017-04-10 10:04:37', 'alexis', '2017-04-10 10:04:37'),
(66, 'f12d2875f5d75b1cce5ac0dea8c31ac5', 'permissionnaires', 17, 'updusr', NULL, '4', 'alexis', '2017-04-10 10:04:37'),
(67, 'e3a8af234644f11c2e4ce06545211782', 'permissionnaires', 14, 'upddat', NULL, '2017-04-10 10:05:54', 'alexis', '2017-04-10 10:05:54'),
(68, 'e3a8af234644f11c2e4ce06545211782', 'permissionnaires', 14, 'updusr', NULL, '4', 'alexis', '2017-04-10 10:05:54'),
(69, '75ba2fc9bbcf5434f523f691a77fed68', 'permissionnaires', 15, 'r_social', 'Mairie Centrale', 'Mairie Centrale de la Ville de N''Djamena', 'alexis', '2017-04-10 10:10:26'),
(70, '75ba2fc9bbcf5434f523f691a77fed68', 'permissionnaires', 15, 'qualite_p', 'chef transmission', 'Chef Transmission', 'alexis', '2017-04-10 10:10:26'),
(71, '75ba2fc9bbcf5434f523f691a77fed68', 'permissionnaires', 15, 'adresse_p', 's/c mairie', 's/c Mairie', 'alexis', '2017-04-10 10:10:26'),
(72, '75ba2fc9bbcf5434f523f691a77fed68', 'permissionnaires', 15, 'upddat', NULL, '2017-04-10 10:10:26', 'alexis', '2017-04-10 10:10:26'),
(73, '75ba2fc9bbcf5434f523f691a77fed68', 'permissionnaires', 15, 'updusr', NULL, '4', 'alexis', '2017-04-10 10:10:26'),
(74, '5eb0cf3c6ef1b0dc7187e73d1cbc2d7c', 'permissionnaires', 1, 'adresse', 'Avenue yossouf Boy; Rue 3252', 'Avenue Yossouf Boy; Rue 3252', 'alexis', '2017-04-10 10:11:59'),
(75, '5eb0cf3c6ef1b0dc7187e73d1cbc2d7c', 'permissionnaires', 1, 'upddat', '2017-04-06 09:42:47', '2017-04-10 10:11:59', 'alexis', '2017-04-10 10:11:59'),
(76, '7203a49e086b8cce4428ddd945db5530', 'permissionnaires', 17, 'upddat', '2017-04-10 10:04:37', '2017-04-10 11:03:03', 'alexis', '2017-04-10 11:03:03'),
(77, '51f7d04bf5e1b5b80c87362efbec79f8', 'permissionnaires', 13, 'r_social', 'Concern WorldWide', 'Concern World Wide', 'alexis', '2017-04-10 11:05:53'),
(78, '51f7d04bf5e1b5b80c87362efbec79f8', 'permissionnaires', 13, 'sigle', 'Concern WorldWi', 'Concern WW', 'alexis', '2017-04-10 11:05:53'),
(79, '51f7d04bf5e1b5b80c87362efbec79f8', 'permissionnaires', 13, 'qualite_p', 'coordinateur logistique', 'Coordinateur Logistique', 'alexis', '2017-04-10 11:05:53'),
(80, '51f7d04bf5e1b5b80c87362efbec79f8', 'permissionnaires', 13, 'upddat', NULL, '2017-04-10 11:05:53', 'alexis', '2017-04-10 11:05:53'),
(81, '51f7d04bf5e1b5b80c87362efbec79f8', 'permissionnaires', 13, 'updusr', NULL, '4', 'alexis', '2017-04-10 11:05:53'),
(82, '320961c5a3c54678ac743a588f77bcde', 'permissionnaires', 20, 'upddat', NULL, '2017-04-10 16:50:12', 'alexis', '2017-04-10 16:50:12'),
(83, '320961c5a3c54678ac743a588f77bcde', 'permissionnaires', 20, 'updusr', NULL, '4', 'alexis', '2017-04-10 16:50:12'),
(84, '74554ba03c94c31f43746d7275e77bb7', 'permissionnaires', 22, 'r_social', 'OPERATION MEDICALE HUMANITAIRE', 'MSF HOLLANDE', 'adamou', '2017-04-13 10:52:17'),
(85, 'addb27b39c32252b699f07b70b197d39', 'permissionnaires', 22, 'r_social', 'MSF HOLLANDE', 'Médécins Sans Frontières HOLLANDE', 'alexis', '2017-04-13 12:58:00'),
(86, '61e2a5654f5ec16fbc48ff7957eafafd', 'vsat_stations', 2, 'id_perm', '9', '10', 'alexis', '2017-04-13 13:02:31'),
(87, 'b8928c15b07968de5a1549d3bdd959d2', 'vsat_stations', 2, 'nom_station', 'MOUNDOU', 'CBT MOUNDOU', 'ibrahim', '2017-04-19 10:34:04'),
(88, '3ddd183174a6c22849bdf46f63a7aacd', 'vsat_stations', 25, 'remarq', '<p>pas de photo, pas de numero de serie radio et LNB ni marque Radio, utilise une 2ème fréquence (up: 14.5GHz; down: 11.70GHz) pas d''info sur le revendeur<br></p>', '<p>pas de photo, pas de numero de serie radio et LNB ni marque Radio, utilise une 2ème fréquence (up: 14.5GHz; down: 11.70GHz) pas d''info sur le revendeur, bande Ku au lieu de bandeC<br></p>', 'ibrahim', '2017-04-19 11:07:36'),
(89, '909fc2fe91331cd0a617fded5f4b131b', 'permissionnaires', 26, 'adresse', 'AVENUE CHERLES DE GAULLE', 'AVENUE CHARLES DE GAULLE', 'alexis', '2017-04-19 11:47:54'),
(90, 'd7b75e0f1b91619f0e41bd9e5278b70c', 'vsat_stations', 27, 'hub', '5', '14', 'ibrahim', '2017-04-19 13:14:25'),
(91, 'ae1557019e76203f356d853901ade26d', 'permissionnaires', 27, 'adresse', 'Qtier Residentiel AV. CHARLE Degaul', 'Qtier Residentiel AV. CHARLES De Gaulle', 'alexis', '2017-04-24 14:44:06'),
(92, '1b0327be1a0e68a0f60cd2c2342593d7', 'permissionnaires', 28, 'r_social', 'CICR Orgonisation internationale humanitaire', 'Comité International des Croix Rouges ', 'alexis', '2017-04-24 15:16:37'),
(93, '1b0327be1a0e68a0f60cd2c2342593d7', 'permissionnaires', 28, 'adresse', 'Hile Rogue,2em arrondissement', 'Hile Rogue, 2ème Arrondissement', 'alexis', '2017-04-24 15:16:37'),
(94, 'd5d22dcf7e3109062e66e1a6db7446b0', 'permissionnaires', 29, 'r_social', 'BOLLORE TRANSPORT ET LOGISTIQUE', 'BOLLORE TRANSPORT ET LOGISTICS', 'alexis', '2017-04-26 15:26:47'),
(95, 'd5d22dcf7e3109062e66e1a6db7446b0', 'permissionnaires', 29, 'sigle', 'BOLLORE TRANSPO', 'BOLLORE TRANSPORT', 'alexis', '2017-04-26 15:26:47'),
(96, 'd5d22dcf7e3109062e66e1a6db7446b0', 'permissionnaires', 29, 'qualite_p', 'responsable informatique', 'Responsable Informatique', 'alexis', '2017-04-26 15:26:47'),
(97, '7515ea1e1bed0845b4b86c39c13a88b6', 'vsat_stations', 43, 'hub', '11', '15', 'ibrahim', '2017-04-26 15:59:02'),
(98, '0a3ae492cc0632197025b317b14775b0', 'permissionnaires', 30, 'adresse', '107 Rue Kaltouma nGEMBANY (3050)', '107 Rue Kaltouma NGUEMBANG (3050)', 'alexis', '2017-05-03 14:17:46'),
(99, '0a3ae492cc0632197025b317b14775b0', 'permissionnaires', 30, 'adresse_p', '107 Rue Kaltouma Nguembany (3050)', '107 Rue Kaltouma Nguembang (3050)', 'alexis', '2017-05-03 14:17:46'),
(100, 'd554850405e08317c8293b3c8177dd80', 'vsat_stations', 45, 'remarq', '<p>pas de photo pour vsat aeropport<br></p>', '<p>pas de photo pour vsat aeropport, pas d''adresse IP<br></p>', 'ibrahim', '2017-05-03 15:30:52'),
(101, '9258391c9292c00b13417cc80ddb76b2', 'vsat_stations', 45, 'hub', '5', '17', 'ibrahim', '2017-05-03 15:57:23'),
(102, '418e0f065005aa099648f46a33214a3d', 'vsat_stations', 3, 'nom_station', 'N''djamena', 'SONACIM N''djamena', 'alexis', '2017-05-05 11:50:32'),
(103, '418e0f065005aa099648f46a33214a3d', 'vsat_stations', 3, 'marque_radio', 'New Japan Radion', 'New Japan Radio', 'alexis', '2017-05-05 11:50:32'),
(104, 'e19768f0c241bc229db22e00b5f01301', 'vsat_stations', 27, 'nom_station', 'BSIC N''DJAMENA', 'BSIC Siège N''DJAMENA', 'alexis', '2017-05-05 11:52:42'),
(105, 'b6608fcc9a1e0e3eebd4a1908944ddde', 'vsat_stations', 37, 'nom_station', 'Delegation N''djamena A1', 'Delegation CICR N''djamena A1', 'alexis', '2017-05-05 11:59:05'),
(106, '3dff6c04d97ceeafc449ce30c90dc9b1', 'vsat_stations', 38, 'nom_station', 'Delegation N''djamena A2', 'Delegation CICR N''djamena A2', 'alexis', '2017-05-05 11:59:49'),
(107, '23959dab74b3e8c561590db45c73ea0e', 'vsat_stations', 51, 'marque_antenne', 'XXXX', 'XXXXXXXXXXXXX', 'djourbe', '2017-05-08 10:37:17'),
(108, '23959dab74b3e8c561590db45c73ea0e', 'vsat_stations', 51, 'polarisation', 'XXXX', 'XXXXXXXXXXXXX', 'djourbe', '2017-05-08 10:37:17'),
(109, '23959dab74b3e8c561590db45c73ea0e', 'vsat_stations', 51, 'marque_radio', 'XXXX', 'XXXXXXXXX', 'djourbe', '2017-05-08 10:37:18'),
(110, '23959dab74b3e8c561590db45c73ea0e', 'vsat_stations', 51, 'ns_radio', 'XXXX', 'XXXXXXXXX', 'djourbe', '2017-05-08 10:37:18'),
(111, '23959dab74b3e8c561590db45c73ea0e', 'vsat_stations', 51, 'marque_lnb', 'XXXX', 'XXXXXXXXX', 'djourbe', '2017-05-08 10:37:18'),
(112, '23959dab74b3e8c561590db45c73ea0e', 'vsat_stations', 51, 'ns_lnb', 'XXXX', 'XXXXXXXXX', 'djourbe', '2017-05-08 10:37:18'),
(113, '23959dab74b3e8c561590db45c73ea0e', 'vsat_stations', 51, 'ns_modem', 'XXXX', '00004766', 'djourbe', '2017-05-08 10:37:18'),
(114, '23959dab74b3e8c561590db45c73ea0e', 'vsat_stations', 51, 'hub', '9', '18', 'djourbe', '2017-05-08 10:37:18'),
(115, '9173e958696937f569063d84ff55e91d', 'prm_anonyme', 58, 'titre', 'FONAFP', 'FONAP', 'admin', '2017-05-09 17:34:44'),
(116, '9173e958696937f569063d84ff55e91d', 'prm_anonyme', 58, 'remarque', '<p>Pas de photos du site<br></p>', '<p>Pas de photos du site</p><p>Non permissionaire&nbsp;</p>', 'admin', '2017-05-09 17:34:44'),
(117, '9173e958696937f569063d84ff55e91d', 'prm_anonyme', 58, 'date_visite', '2017-05-09 00:00:00', '2017-05-09', 'admin', '2017-05-09 17:34:44'),
(118, '5b039d720d8787e8e94291927878ed7f', 'permissionnaires', 36, 'adresse', 'hias-chad/n''djamena rue 30m', 'HIAS-chad, N''djamena rue 30m', 'alexis', '2017-05-10 11:38:06'),
(119, '5b039d720d8787e8e94291927878ed7f', 'permissionnaires', 36, 'tel', '2147483647', '63303265', 'alexis', '2017-05-10 11:38:06'),
(120, '5b039d720d8787e8e94291927878ed7f', 'permissionnaires', 36, 'fax', '2147483647', '63303265', 'alexis', '2017-05-10 11:38:06'),
(121, '5b039d720d8787e8e94291927878ed7f', 'permissionnaires', 36, 'qualite_p', 'chef de mission', 'Chef de Mission', 'alexis', '2017-05-10 11:38:06'),
(122, '5b039d720d8787e8e94291927878ed7f', 'permissionnaires', 36, 'tel_p', '2147483647', '63303265', 'alexis', '2017-05-10 11:38:06'),
(123, '88f0f2aac21c1b029ea833951ce8c570', 'permissionnaires', 37, 'r_social', 'world vision ', 'World Vision International', 'alexis', '2017-05-11 10:29:15'),
(124, '88f0f2aac21c1b029ea833951ce8c570', 'permissionnaires', 37, 'sigle', 'world vision', 'WVI', 'alexis', '2017-05-11 10:29:15'),
(125, '88f0f2aac21c1b029ea833951ce8c570', 'permissionnaires', 37, 'adresse', 'rue de canal ', 'Rue du Canal  Ardep-Djoumal', 'alexis', '2017-05-11 10:29:15'),
(126, 'db0cefa43bc60e20dfa4b213f64a770d', 'vsat_stations', 53, 'marque_antenne', 'prodelin', 'Prodelin', 'alexis', '2017-05-11 11:30:49'),
(127, 'db0cefa43bc60e20dfa4b213f64a770d', 'vsat_stations', 53, 'hub', '9', '19', 'alexis', '2017-05-11 11:30:49'),
(128, 'db0cefa43bc60e20dfa4b213f64a770d', 'vsat_stations', 53, 'remarq', '<p>nom d''opérateur n''existe pas dans la liste ABS pris par défaut, pays d''export pris france à défaut<br></p>', '<p>Afrique du Sud comme pays d''importation par defaut<br></p>', 'alexis', '2017-05-11 11:30:49'),
(129, '3bd4aebf095aaf7a2ad9b48bc8b640c6', 'vsat_stations', 54, 'nom_station', 'LAI', 'WVI LAI', 'alexis', '2017-05-11 11:33:25'),
(130, '3bd4aebf095aaf7a2ad9b48bc8b640c6', 'vsat_stations', 54, 'revendeur', '1', NULL, 'alexis', '2017-05-11 11:33:25'),
(131, '3bd4aebf095aaf7a2ad9b48bc8b640c6', 'vsat_stations', 54, 'installateur', '15', NULL, 'alexis', '2017-05-11 11:33:25'),
(132, '4c2a50e3e1177abffd83926f839e6067', 'vsat_stations', 55, 'nom_station', 'BAGASSOULA', 'WVI BAGASSOULA', 'alexis', '2017-05-11 11:34:16'),
(133, '4c2a50e3e1177abffd83926f839e6067', 'vsat_stations', 55, 'revendeur', '5', NULL, 'alexis', '2017-05-11 11:34:16'),
(134, '4c2a50e3e1177abffd83926f839e6067', 'vsat_stations', 55, 'installateur', '1', NULL, 'alexis', '2017-05-11 11:34:16'),
(135, '4678f67ca77a2b818104a7eee4175d45', 'vsat_stations', 56, 'nom_station', 'Koumra', 'WVI Koumra', 'alexis', '2017-05-11 12:05:20'),
(136, '4678f67ca77a2b818104a7eee4175d45', 'vsat_stations', 56, 'revendeur', '1', NULL, 'alexis', '2017-05-11 12:05:20'),
(137, '4678f67ca77a2b818104a7eee4175d45', 'vsat_stations', 56, 'installateur', '15', NULL, 'alexis', '2017-05-11 12:05:20'),
(138, '6770bd628170ff734b9b541bbc21b7ef', 'vsat_stations', 57, 'nom_station', 'DOBA', 'WVI DOBA', 'alexis', '2017-05-11 12:06:04'),
(139, 'b5a82d0fd936c4b3ca50943cda459255', 'vsat_stations', 58, 'nom_station', 'Moundou', 'WVI Moundou', 'alexis', '2017-05-11 12:06:48'),
(140, 'ce148b0fc4577aa434503e2e8dc6f1da', 'vsat_stations', 59, 'nom_station', 'GUELENDENG', 'WVI GUELENDENG', 'alexis', '2017-05-11 12:07:25'),
(141, '886f3c8ed80fffaf502fff81f25e74ed', 'vsat_stations', 60, 'nom_station', 'N''DJAMENA', 'WVI N''DJAMENA', 'alexis', '2017-05-11 12:41:46'),
(142, '494c9a328b88eb805d97471b4b0d39f2', 'vsat_stations', 61, 'nom_station', 'ABECHE', 'CBT ABECHE', 'alexis', '2017-05-11 12:42:27'),
(143, 'b8d9c02d3d744f39bf6cd7ae306ef628', 'vsat_stations', 61, 'utilisation', 'Internet', 'backhaul', 'alexis', '2017-05-11 12:43:26'),
(144, '7b69aa54d410974ab1cd576148badf0e', 'prm_anonyme', 18, 'remarque', '<p>Station VSAT inconnue installée dans les locaux de BSIC <br></p>', '<p>Station VSAT inconnue installée dans les locaux de <b>BSIC</b> <br></p>', 'admin', '2017-05-11 15:14:47'),
(145, '7b69aa54d410974ab1cd576148badf0e', 'prm_anonyme', 18, 'date_visite', '2017-04-18 00:00:00', '2017-04-18', 'admin', '2017-05-11 15:14:47'),
(146, '3dae9ddffcaf12bacd218251e80cfbe3', 'prm_anonyme', 94, 'date_visite', '2017-05-12 00:00:00', '2017-05-12', 'alexis', '2017-05-12 11:04:00'),
(147, '17e9e51cf4542df09bc5d15c29d32535', 'prm_anonyme', 63, 'titre', 'Face centre culturel Charles Lwanga', 'Parage centre culturel Charles Lwanga', 'alexis', '2017-05-12 11:25:11'),
(148, '17e9e51cf4542df09bc5d15c29d32535', 'prm_anonyme', 63, 'date_visite', '2017-05-10 00:00:00', '2017-05-10', 'alexis', '2017-05-12 11:25:11'),
(149, '91bf1011cfe4b77b143703d625daf1c0', 'permissionnaires', 38, 'adresse', 'AV. CONDOL(N''DJAMENA-TCHAD)', 'AV. BEALOUM KONDOL (N''DJAMENA-TCHAD)', 'alexis', '2017-05-12 11:42:05'),
(150, 'dbaeb56b17b98637bf624fd8c0f798e5', 'prm_anonyme', 106, 'remarque', '<p>PHOTO A TRAITE<br></p>', '<p><br></p><p>C ''est bon.<br></p><p><br></p>', 'adamou', '2017-05-16 13:47:33'),
(151, 'dbaeb56b17b98637bf624fd8c0f798e5', 'prm_anonyme', 106, 'date_visite', '2017-05-15 00:00:00', '2017-05-15', 'adamou', '2017-05-16 13:47:33'),
(152, 'dbd6da9cee8829f9326a368721cdb556', 'prm_anonyme', 105, 'remarque', '<p>PHOTO A TRAITE<br></p>', '<p><br></p><p>C ''est bon.<br></p><p><br></p>', 'adamou', '2017-05-16 13:49:10'),
(153, 'dbd6da9cee8829f9326a368721cdb556', 'prm_anonyme', 105, 'date_visite', '2017-05-15 00:00:00', '2017-05-15', 'adamou', '2017-05-16 13:49:10'),
(154, '9808f287534ff1e65a0d3a72eb1ba051', 'prm_anonyme', 104, 'remarque', '<p>PHOTO A TRAITE<br></p>', '<p><br></p><p>C ''est bon.<br></p><p><br></p>', 'adamou', '2017-05-16 13:51:17'),
(155, '9808f287534ff1e65a0d3a72eb1ba051', 'prm_anonyme', 104, 'date_visite', '2017-05-15 00:00:00', '2017-05-15', 'adamou', '2017-05-16 13:51:17'),
(156, 'a17db79e223e8c67b0d87e8e14e319e5', 'prm_anonyme', 103, 'remarque', '<p>PHOTO A TRAITE<br></p>', '<p><br></p><p>C ''est bon.<br></p><p><br></p>', 'adamou', '2017-05-16 13:52:59'),
(157, 'a17db79e223e8c67b0d87e8e14e319e5', 'prm_anonyme', 103, 'date_visite', '2017-05-15 00:00:00', '2017-05-15', 'adamou', '2017-05-16 13:52:59'),
(158, '2902fa6ee3fd1dbae749b55736a5888a', 'prm_anonyme', 102, 'remarque', '<p>AGENCE DE VOYAGE ET TOURISME, PHOTO A TRAITE<br></p>', '<p><br></p><p>C ''est bon.<br></p><p><br></p>', 'adamou', '2017-05-16 13:54:54'),
(159, '2902fa6ee3fd1dbae749b55736a5888a', 'prm_anonyme', 102, 'date_visite', '2017-05-15 00:00:00', '2017-05-15', 'adamou', '2017-05-16 13:54:54'),
(160, 'f64b95913ecc21697b74a412322aa4a1', 'prm_anonyme', 101, 'remarque', 'CENTRE VILLE<br><p><br></p><p><br></p>', '<p><br></p><p>C ''est bon.<br></p><p><br></p>', 'adamou', '2017-05-16 13:56:38'),
(161, 'f64b95913ecc21697b74a412322aa4a1', 'prm_anonyme', 101, 'date_visite', '2017-05-15 00:00:00', '2017-05-15', 'adamou', '2017-05-16 13:56:38'),
(162, 'a367410da69b2376966391374c3d4529', 'prm_anonyme', 100, 'remarque', 'AG.', '<p><br></p><p>C ''est bon.<br></p><p><br></p>', 'adamou', '2017-05-16 13:58:16'),
(163, 'a367410da69b2376966391374c3d4529', 'prm_anonyme', 100, 'date_visite', '2017-05-15 00:00:00', '2017-05-15', 'adamou', '2017-05-16 13:58:16'),
(164, 'c0396998276e9d01c9e056db5662bec2', 'prm_anonyme', 99, 'remarque', '<p>Societe chinoise.<br></p>', '<p><br></p><p>C ''est bon.<br></p><p><br></p>', 'adamou', '2017-05-16 13:59:27'),
(165, 'c0396998276e9d01c9e056db5662bec2', 'prm_anonyme', 99, 'date_visite', '2017-05-15 00:00:00', '2017-05-15', 'adamou', '2017-05-16 13:59:27'),
(166, '371e7b81c42218f3afefba9e2e3719eb', 'prm_anonyme', 98, 'titre', 'MEG', 'MEIG', 'adamou', '2017-05-16 14:01:22'),
(167, '371e7b81c42218f3afefba9e2e3719eb', 'prm_anonyme', 98, 'remarque', '<p>Société chinoise <br></p>', '<p><br></p><p>C ''est bon.<br></p><p><br></p>', 'adamou', '2017-05-16 14:01:22'),
(168, '371e7b81c42218f3afefba9e2e3719eb', 'prm_anonyme', 98, 'date_visite', '2017-05-15 00:00:00', '2017-05-15', 'adamou', '2017-05-16 14:01:22'),
(169, '573eb07420154227dd15453a76897586', 'prm_anonyme', 97, 'date_visite', '2017-05-12 00:00:00', '2017-05-12', 'adamou', '2017-05-16 14:02:08'),
(170, '0e4abee3e79aa1c5878021077d716139', 'prm_anonyme', 19, 'date_visite', '2017-04-03 00:00:00', '2017-04-03', 'b.abdelmajid', '2017-05-16 16:06:24'),
(171, '3700b748abd7f73ee4fa7f2f467d7152', 'prm_anonyme', 119, 'remarque', '<p>Sur grand pylône<br></p>', '<p>Sur grand pylône. FARCHA<br></p>', 'djourbe', '2017-05-17 15:47:28'),
(172, '3700b748abd7f73ee4fa7f2f467d7152', 'prm_anonyme', 119, 'date_visite', '2017-05-17 00:00:00', '2017-05-17', 'djourbe', '2017-05-17 15:47:28'),
(173, '557c6c14bd4b267d8cb184ca3d9bcf67', 'prm_anonyme', 120, 'remarque', '<p>rien à signalé<br></p>', '<p>rien à signalé. FARCHA<br></p>', 'djourbe', '2017-05-17 15:48:06'),
(174, '557c6c14bd4b267d8cb184ca3d9bcf67', 'prm_anonyme', 120, 'date_visite', '2017-05-17 00:00:00', '2017-05-17', 'djourbe', '2017-05-17 15:48:06'),
(175, '968de55c7a0ab5d6255a19d9c36756db', 'prm_anonyme', 117, 'date_visite', '2017-05-17 00:00:00', '2017-05-17', 'djourbe', '2017-05-17 15:48:50'),
(176, '126f1eff34cf8ca3df7e4f964599e96c', 'prm_anonyme', 123, 'latit', '12.12.223', '12.120223', 'djourbe', '2017-05-18 14:45:37'),
(177, '126f1eff34cf8ca3df7e4f964599e96c', 'prm_anonyme', 123, 'date_visite', '2017-05-17 00:00:00', '2017-05-17', 'djourbe', '2017-05-18 14:45:37'),
(178, '3dc54b6b34c66b17620bf25c275e3881', 'vsat_stations', 63, 'ville', '43', '22', 'djourbe', '2017-05-22 12:06:38'),
(179, '3dc54b6b34c66b17620bf25c275e3881', 'vsat_stations', 63, 'remarq', '<p>Pas de photos du sites, pas d''infos du cout mensuel et pas d''adresse IP<br></p>', '<p>Pas de photos du sites, pas d''infos du cout mensuel et pas d''adresse IP, operateur remplace par abs(MARLINE)<br></p>', 'djourbe', '2017-05-22 12:06:38'),
(180, '1451350f53c1c65df37e7ef5da634c60', 'vsat_stations', 63, 'remarq', '<p>Pas de photos du sites, pas d''infos du cout mensuel et pas d''adresse IP, operateur remplace par abs(MARLINE)<br></p>', '<p>Pas de photos du sites, pas d''infos du cout mensuel et pas d''adresse IP, opérateur remplace par abs(MARLINE)<br></p>', 'djourbe', '2017-05-22 12:06:47'),
(181, 'b0b7f9e69641f9c21a3d5b1267349f53', 'vsat_stations', 65, 'hub', '9', '20', 'ibrahim', '2017-05-22 12:24:37'),
(182, 'ef860dae3255491fb0c4100336d15090', 'vsat_stations', 63, 'hub', '9', '20', 'ibrahim', '2017-05-22 12:27:23'),
(183, 'ef860dae3255491fb0c4100336d15090', 'vsat_stations', 63, 'remarq', '<p>Pas de photos du sites, pas d''infos du cout mensuel et pas d''adresse IP, opérateur remplace par abs(MARLINE)<br></p>', '<p>Pas de photos du sites, pas d''infos du cout mensuel et pas d''adresse IP, nom du site MANGARA, Moundou est pris par défaut<br></p>', 'ibrahim', '2017-05-22 12:27:23'),
(184, '36366636536947047716c32e2845c6aa', 'vsat_stations', 65, 'ville', '43', '24', 'ibrahim', '2017-05-22 12:29:30'),
(185, '36366636536947047716c32e2845c6aa', 'vsat_stations', 65, 'remarq', '<p>Pas de photo, <br></p>', '<p>Pas de photo, ville de station BADILA, DOBA est pris par défaut.<br></p>', 'ibrahim', '2017-05-22 12:29:30'),
(186, '5f2c6bf852f6767401e924873aad58dc', 'permissionnaires', 40, 'r_social', 'CAtholique Relief Services -USCC', 'Catholique Relief Services -USCC', 'alexis', '2017-05-26 09:24:10'),
(187, '5f2c6bf852f6767401e924873aad58dc', 'permissionnaires', 40, 'adresse', 'ARDEPDJOUMAL', 'ARDEP-DJOUMAL', 'alexis', '2017-05-26 09:24:10'),
(188, 'f90b776baedd6c1eaa97ca8a05670ae9', 'permissionnaires', 39, 'r_social', 'ACTION CONTRE LA FAIM', 'Action Contre la Faim', 'alexis', '2017-05-26 09:26:14'),
(189, 'f90b776baedd6c1eaa97ca8a05670ae9', 'permissionnaires', 39, 'sigle', 'ACTION CONTRE L', 'ACF', 'alexis', '2017-05-26 09:26:14'),
(190, 'f90b776baedd6c1eaa97ca8a05670ae9', 'permissionnaires', 39, 'nation_p', '1', '228', 'alexis', '2017-05-26 09:26:14'),
(191, 'f90b776baedd6c1eaa97ca8a05670ae9', 'permissionnaires', 39, 'adresse_p', 'QTIER Residentiel Rue d''aeroport face Mince ', 'QTIER Residentiel Rue d''Aeroport face Mince ', 'alexis', '2017-05-26 09:26:14'),
(192, '558f2cf0822377f29cabe29e40d3572d', 'vsat_stations', 66, 'ip', '0.0.0.0', '41.78.97.84', 'djourbe', '2017-05-26 10:30:55'),
(193, '558f2cf0822377f29cabe29e40d3572d', 'vsat_stations', 66, 'remarq', '<p>Pas de photos du sites<br></p>', '<p>Pas de photos du sites,<br></p>', 'djourbe', '2017-05-26 10:30:55'),
(194, '4d7d092bb14efaad8e87bbca098244a3', 'vsat_stations', 66, 'dat_entr_materiel', '2017-05-25', '2013-02-07', 'djourbe', '2017-05-26 10:39:09'),
(195, 'd5aa12c3d70118480c4246cf66fdd3c9', 'blr_stations', 1, 'site', 'XXXX', 'XXX', 'admin', '2017-06-05 01:42:43'),
(196, 'd5aa12c3d70118480c4246cf66fdd3c9', 'blr_stations', 1, 'date_visite', '2017-06-05 00:00:00', '2017-06-05', 'admin', '2017-06-05 01:42:43'),
(197, '565a38887de72f1b5d7c12c32d286beb', 'blr_stations', 1, 'date_visite', '2017-06-05 00:00:00', '2017-06-05', 'admin', '2017-06-05 03:41:50'),
(198, '50c1c1f624c95c81287bffb28b255fa8', 'uhf_vhf_stations', 1, 'site', 'KKK', 'LLL', 'admin', '2017-06-05 04:22:22'),
(199, '50c1c1f624c95c81287bffb28b255fa8', 'uhf_vhf_stations', 1, 'date_visite', '2017-06-05 00:00:00', '2017-06-05', 'admin', '2017-06-05 04:22:22');

-- --------------------------------------------------------

--
-- Table structure for table `forgot`
--

CREATE TABLE IF NOT EXISTS `forgot` (
  `token` varchar(32) NOT NULL,
  `user` int(2) NOT NULL,
  `etat` int(11) NOT NULL,
  `dat` datetime NOT NULL,
  `expir` datetime NOT NULL,
  `id` int(11) NOT NULL AUTO_INCREMENT COMMENT 'Id demande Forgot',
  `ip` varchar(16) DEFAULT NULL COMMENT 'Ip Demande',
  PRIMARY KEY (`id`)
) ENGINE=InnoDB DEFAULT CHARSET=latin1 COMMENT='Table recovery MDP user' AUTO_INCREMENT=1 ;

-- --------------------------------------------------------

--
-- Table structure for table `gsm_secteur`
--

CREATE TABLE IF NOT EXISTS `gsm_secteur` (
  `id` int(11) NOT NULL AUTO_INCREMENT,
  `num_secteur` int(11) DEFAULT NULL,
  `hba` varchar(20) DEFAULT NULL,
  `azimuth` varchar(20) DEFAULT NULL,
  `tilt_mecanique` varchar(20) DEFAULT NULL,
  `tilt_electrique` varchar(20) DEFAULT NULL,
  `id_site` int(11) DEFAULT NULL COMMENT 'FK GSM SITE',
  `id_technologie` int(11) DEFAULT NULL COMMENT 'FK GSM TECHNOLOGIE',
  `etat` int(11) DEFAULT '0',
  `credat` timestamp NULL DEFAULT CURRENT_TIMESTAMP,
  `creusr` int(11) DEFAULT NULL,
  `updusr` int(11) DEFAULT NULL,
  `upddat` timestamp NULL DEFAULT NULL,
  PRIMARY KEY (`id`)
) ENGINE=InnoDB DEFAULT CHARSET=utf8 AUTO_INCREMENT=1 ;

-- --------------------------------------------------------

--
-- Table structure for table `gsm_stations`
--

CREATE TABLE IF NOT EXISTS `gsm_stations` (
  `id` int(11) NOT NULL AUTO_INCREMENT COMMENT 'ID Systeme',
  `nom_station` varchar(40) NOT NULL COMMENT 'Identifiant site',
  `operateur` varchar(20) DEFAULT NULL COMMENT 'Operateur telephonique (TIGO,AIRTEL,..)',
  `id_perm` int(11) DEFAULT NULL COMMENT 'ID Permissionnaire',
  `adresse` varchar(150) DEFAULT NULL COMMENT 'Adresse Site',
  `ville` int(11) DEFAULT NULL COMMENT 'Ville Site',
  `longi` varchar(15) DEFAULT NULL COMMENT 'Longitude',
  `latit` varchar(15) DEFAULT NULL COMMENT 'Latitude',
  `type_support` varchar(15) DEFAULT NULL COMMENT 'Type Support (Pylone -Rooftop)',
  `shared_site` varchar(10) DEFAULT NULL COMMENT 'Site Partage',
  `oper_share` varchar(15) DEFAULT NULL COMMENT 'Operateur de partage',
  `power_generator` tinyint(1) DEFAULT NULL COMMENT 'Groupe electrogèn',
  `power_company` tinyint(1) DEFAULT NULL COMMENT 'Electricité SNE',
  `power_solar` tinyint(1) DEFAULT NULL COMMENT 'Energie Solaire',
  `bh_vsat` tinyint(1) DEFAULT NULL COMMENT 'Connexion VSAT',
  `bh_fh` tinyint(1) DEFAULT NULL COMMENT 'Connexion FH',
  `bh_fibre` tinyint(1) DEFAULT NULL COMMENT 'Connexion Fibre Optique',
  `tech_2g` tinyint(1) DEFAULT NULL COMMENT 'Technologie 2G',
  `tech_3g` tinyint(1) DEFAULT NULL COMMENT 'Technologie 3G',
  `tech_4g` tinyint(1) DEFAULT NULL COMMENT 'Technologie 4G',
  `tech_cdma` tinyint(1) DEFAULT NULL COMMENT 'Technologie CDMA',
  `pj` int(11) DEFAULT NULL COMMENT 'Pièce Jointe',
  `pj_images` varchar(60) DEFAULT NULL COMMENT 'Gallerie Images',
  `etat` int(11) NOT NULL COMMENT 'Etatligne',
  `creusr` int(11) DEFAULT NULL COMMENT 'Insert user',
  `credat` datetime NOT NULL DEFAULT CURRENT_TIMESTAMP COMMENT 'Date Insert',
  `updusr` int(11) DEFAULT NULL COMMENT 'Update user',
  `upddat` datetime DEFAULT NULL COMMENT 'Update date',
  PRIMARY KEY (`id`)
) ENGINE=InnoDB DEFAULT CHARSET=utf8 AUTO_INCREMENT=1 ;

-- --------------------------------------------------------

--
-- Table structure for table `gsm_technologie`
--

CREATE TABLE IF NOT EXISTS `gsm_technologie` (
  `id` int(11) NOT NULL AUTO_INCREMENT COMMENT 'Id de la ligne',
  `id_site_gsm` int(11) DEFAULT NULL COMMENT 'Id de site GSM',
  `technologie` int(11) DEFAULT NULL COMMENT 'Type de technologie',
  `marque_bts` varchar(60) DEFAULT NULL COMMENT 'Marque du BTS',
  `num_serie` varchar(20) DEFAULT NULL COMMENT 'Numéro de série',
  `modele_antenne` varchar(60) DEFAULT NULL COMMENT 'Modèle de l''entenne',
  `nbr_radio` int(11) DEFAULT NULL COMMENT 'Le nombre des radios',
  `nbr_secteur` int(11) DEFAULT NULL COMMENT 'Le nombre des secteurs',
  `etat` int(1) DEFAULT '0' COMMENT 'L''etat de la ligne',
  `creusr` int(11) NOT NULL COMMENT 'Crée par',
  `credat` timestamp NOT NULL DEFAULT CURRENT_TIMESTAMP COMMENT 'Date de création',
  `updusr` int(11) DEFAULT NULL COMMENT 'Derniere modif par',
  `upddat` timestamp NULL DEFAULT NULL COMMENT 'Date derniere modif',
  PRIMARY KEY (`id`),
  KEY `fk_technologies` (`technologie`)
) ENGINE=InnoDB DEFAULT CHARSET=utf8 AUTO_INCREMENT=1 ;

-- --------------------------------------------------------

--
-- Table structure for table `installateurs`
--

CREATE TABLE IF NOT EXISTS `installateurs` (
  `id` int(11) NOT NULL AUTO_INCREMENT COMMENT 'id auto incriment',
  `type_instal` varchar(60) CHARACTER SET latin1 NOT NULL COMMENT 'Type de l''installateur',
  `denomination` varchar(100) NOT NULL COMMENT 'Raison sociale(morale) ou nom/prenom(physique)',
  `piece_identite` varchar(20) NOT NULL COMMENT 'RC(morale) ou CIN(physique)',
  `num_agrement` varchar(20) DEFAULT NULL COMMENT 'le numéro d''agrément',
  `qualification` varchar(60) DEFAULT NULL COMMENT 'Qualité du répresentant',
  `ville` int(11) NOT NULL COMMENT 'Ville',
  `adresse` varchar(120) CHARACTER SET latin1 NOT NULL COMMENT 'Adresse',
  `email` varchar(40) CHARACTER SET latin1 NOT NULL COMMENT 'E-mail',
  `tel` int(10) NOT NULL COMMENT 'Téléphone',
  `fax` int(10) NOT NULL COMMENT 'Fax',
  `vsat` tinyint(1) DEFAULT '0' COMMENT 'Instal le VSAT? oui ou non',
  `uhf_vhf` tinyint(1) DEFAULT '0' COMMENT 'Instal le UHF/VHF? oui ou non',
  `gsm` tinyint(1) DEFAULT '0' COMMENT 'Instal le GSM? oui ou non',
  `blr` tinyint(1) DEFAULT '0' COMMENT 'Instal le BLR? oui ou non',
  `pj` int(11) NOT NULL COMMENT 'Formulaire inscription',
  `pj_image` int(11) NOT NULL COMMENT 'logo ste(morale) ou photo installateur (physique)',
  `etat` tinyint(1) NOT NULL DEFAULT '0' COMMENT 'état de dossier permissionnaire',
  `creusr` varchar(50) NOT NULL COMMENT 'Crée par',
  `credat` timestamp NOT NULL DEFAULT CURRENT_TIMESTAMP COMMENT 'Date de création',
  `updusr` varchar(50) DEFAULT NULL COMMENT 'Modifie par',
  `upddat` timestamp NULL DEFAULT NULL COMMENT 'Date dernière modification',
  PRIMARY KEY (`id`),
  UNIQUE KEY `denomination` (`denomination`),
  UNIQUE KEY `piece_identite` (`piece_identite`),
  UNIQUE KEY `num_agrement` (`num_agrement`),
  KEY `fk_instal_villes` (`ville`)
) ENGINE=InnoDB  DEFAULT CHARSET=utf8 AUTO_INCREMENT=16 ;

--
-- Dumping data for table `installateurs`
--

INSERT INTO `installateurs` (`id`, `type_instal`, `denomination`, `piece_identite`, `num_agrement`, `qualification`, `ville`, `adresse`, `email`, `tel`, `fax`, `vsat`, `uhf_vhf`, `gsm`, `blr`, `pj`, `pj_image`, `etat`, `creusr`, `credat`, `updusr`, `upddat`) VALUES
(1, 'PHYSIQUE', 'fffr', 'ccc', '333', 'pee', 8, 'adr', 'em@em', 2147483647, 2147483647, 2, 1, 2, 2, 83, 84, 0, 'admin', '2017-03-26 21:02:49', '8', '2017-05-11 08:56:02'),
(15, 'MORALE', 'eder', 'eddg', 'ggg', 'ffffffff', 13, 'EEE', 'em@em', 2147483647, 2147483647, 1, 2, 1, 2, 85, 86, 1, 'admin', '2017-03-26 21:15:15', 'admin', '2017-03-26 22:22:24');

-- --------------------------------------------------------

--
-- Table structure for table `map_markers`
--

CREATE TABLE IF NOT EXISTS `map_markers` (
  `id` int(11) NOT NULL AUTO_INCREMENT COMMENT 'ID Systeme',
  `marker_id_old` int(8) NOT NULL COMMENT 'ID marker',
  `marker_categorie` varchar(10) DEFAULT NULL COMMENT 'Categorie Marker',
  `marker_line_id` int(11) NOT NULL COMMENT 'Marker id line table',
  `marker_ville` int(11) DEFAULT NULL COMMENT 'Marker ville',
  `marker_longitude` varchar(20) DEFAULT NULL COMMENT 'Longitide',
  `marker_latitude` varchar(20) DEFAULT NULL COMMENT 'Latitude',
  `marker_text` varchar(300) DEFAULT NULL COMMENT 'Description',
  `marker_actif` tinyint(1) DEFAULT NULL COMMENT 'Etat',
  `marker_radius` int(4) DEFAULT NULL COMMENT 'Radius for cercle',
  `marker_network` int(4) DEFAULT NULL COMMENT 'Is Network BLR',
  `marker_line_lat` varchar(20) DEFAULT NULL COMMENT 'Latitude for P2P',
  `marker_line_long` varchar(20) DEFAULT NULL COMMENT 'Logitude for P2P',
  PRIMARY KEY (`marker_id_old`),
  KEY `id` (`id`)
) ENGINE=InnoDB  DEFAULT CHARSET=latin1 AUTO_INCREMENT=65 ;

--
-- Dumping data for table `map_markers`
--

INSERT INTO `map_markers` (`id`, `marker_id_old`, `marker_categorie`, `marker_line_id`, `marker_ville`, `marker_longitude`, `marker_latitude`, `marker_text`, `marker_actif`, `marker_radius`, `marker_network`, `marker_line_lat`, `marker_line_long`) VALUES
(64, 0, 'vsat', 37, 43, '15.05', '12.07', 'Station VSAT Delegation CICR N''djamena A1 -37-', 1, NULL, NULL, NULL, NULL),
(2, 2, 'vsat', 2, 22, '16.087702', '8.564211', 'Station VSAT MOUNDOU -2-', 1, NULL, NULL, NULL, NULL),
(4, 4, 'vsat', 4, 22, '16.0857277', '8.5642417', 'Station VSAT SGT MOUNDOU -4-', 1, NULL, NULL, NULL, NULL),
(5, 5, 'vsat', 5, 26, '17.540844', '8.9196528', 'Station VSAT SGT KOUMRA -5-', 1, NULL, NULL, NULL, NULL),
(6, 6, 'vsat', 6, 43, '15.036944', '12.128888', 'Station VSAT BIVAC N''DJAMENA -6-', 1, NULL, NULL, NULL, NULL),
(7, 7, 'vsat', 7, 32, '18.3857972', '9.1442306', 'Station VSAT SGT-SARH -7-', 1, NULL, NULL, NULL, NULL),
(8, 8, 'vsat', 8, 43, '15.0394', '12.1203', 'Station VSAT GEODIS N''DJAMENA -8-', 1, NULL, NULL, NULL, NULL),
(10, 10, 'vsat', 10, 30, '14.929355', '9.3592556', 'Station VSAT SGT-PALA -10-', 1, NULL, NULL, NULL, NULL),
(11, 11, 'vsat', 11, 43, '15.10057222', '12.0510333', 'Station VSAT SaoNet ndjamena1 -11-', 1, NULL, NULL, NULL, NULL),
(12, 12, 'vsat', 12, 44, '15.802425', '9.3002806', 'Station VSAT SGT Kelo -12-', 1, NULL, NULL, NULL, NULL),
(13, 13, 'vsat', 13, 43, '15.0017166666', '12.1243028', 'Station VSAT CST Farcha -13-', 1, NULL, NULL, NULL, NULL),
(14, 14, 'vsat', 14, 43, '15.02272500', '12.1208861', 'Station VSAT Siege ISSEED N''djamena -14-', 1, NULL, NULL, NULL, NULL),
(15, 15, 'vsat', 15, 34, '20.8344861', '13.8298167', 'Station VSAT SGT ABECHE -15-', 1, NULL, NULL, NULL, NULL),
(16, 16, 'vsat', 16, 16, '18.687883', '12.178525', 'Station VSAT SGT Mongo -16-', 1, NULL, NULL, NULL, NULL),
(17, 17, 'vsat', 17, 28, '15.3713138', '10.271925', 'Station VSAT SGT Bongor -17-', 1, NULL, NULL, NULL, NULL),
(18, 18, 'vsat', 18, 43, '15.15', '12.7', 'Station VSAT MSF SUISSE N''djamena -18-', 1, NULL, NULL, NULL, NULL),
(19, 19, 'vsat', 19, 43, '15.3', '12.5', 'Station VSAT AFRIJEUX N''djamena -19-', 1, NULL, NULL, NULL, NULL),
(20, 20, 'vsat', 20, 20, '14.31', '13.53', 'Station VSAT MSF BAGASSOLA -20-', 1, NULL, NULL, NULL, NULL),
(21, 21, 'vsat', 21, 20, '14.70773611', '13.4705528', 'Station VSAT MSF BOL -21-', 1, NULL, NULL, NULL, NULL),
(22, 22, 'vsat', 22, 32, '15.63', '12.26', 'Station VSAT CST BANDA -22-', 1, NULL, NULL, NULL, NULL),
(23, 23, 'vsat', 23, 43, '15.0557', '12.1348', 'Station VSAT SIEGE BAC N''DJAMENA -23-', 1, NULL, NULL, NULL, NULL),
(24, 24, 'vsat', 24, 43, '15.04805555', '12.1313889', 'Station VSAT MSF SIEGE N''DJAMENA -24-', 1, NULL, NULL, NULL, NULL),
(25, 25, 'vsat', 25, 36, '20.282777', '11.0297222', 'Station VSAT MSF HOLL AMTIMAN1 -25-', 1, NULL, NULL, NULL, NULL),
(26, 26, 'vsat', 26, 36, '20.282777', '11.029722', 'Station VSAT MSF HOLLANDE AMTIMANE 2 -26-', 1, NULL, NULL, NULL, NULL),
(29, 29, 'vsat', 29, 22, '16.08609', '8.567794', 'Station VSAT Vsat BSIC Moundou -29-', 1, NULL, NULL, NULL, NULL),
(30, 30, 'vsat', 30, 20, '14.76705', '13.47356', 'Station VSAT Vsat BSIC BOL -30-', 1, NULL, NULL, NULL, NULL),
(31, 31, 'vsat', 31, 43, '15.039', '12.1200', 'Station VSAT ISLAMIC RELIEF N''DJAMENA -31-', 1, NULL, NULL, NULL, NULL),
(32, 32, 'vsat', 32, 30, '14.9', '9.36', 'Station VSAT SONACIM PALA -32-', 1, NULL, NULL, NULL, NULL),
(33, 33, 'vsat', 33, 43, '15.031336', '12.122236', 'Station VSAT PAON/FED N''DJAMENA -33-', 1, NULL, NULL, NULL, NULL),
(34, 34, 'vsat', 34, 24, '16.849998', '8.6599944', 'Station VSAT DGT DOBA -34-', 1, NULL, NULL, NULL, NULL),
(35, 35, 'vsat', 35, 10, '16.49194166', '13.6431639', 'Station VSAT SGT MOUSSORO -35-', 1, NULL, NULL, NULL, NULL),
(36, 36, 'vsat', 36, 43, '14.89', '12.13', 'Station VSAT HUAWEI N''DJAMENA -36-', 1, NULL, NULL, NULL, NULL),
(39, 39, 'vsat', 39, 43, '15.0505416', '12.1142833', 'Station VSAT N''djamena DRS -39-', 1, NULL, NULL, NULL, NULL),
(41, 41, 'vsat', 41, 43, '15.0405305', '12.13183', 'Station VSAT HYDROCARBON N''DJAMENA -41-', 1, NULL, NULL, NULL, NULL),
(42, 42, 'vsat', 42, 24, '16.240611', '8.7024167', 'Station VSAT HYDROCARBONE BELANGA -42-', 1, NULL, NULL, NULL, NULL),
(45, 45, 'vsat', 43, 43, '15.04166', '12.110333', 'Station VSAT BOLLORE N''DJAMENA -43-', 1, NULL, NULL, NULL, NULL),
(46, 46, 'vsat', 44, 43, '15.04967', '12.113056', 'Station VSAT CFE N''djamena -44-', 1, NULL, NULL, NULL, NULL),
(50, 50, 'vsat', 46, 43, '12.1348457', '15.0557415000', 'Station VSAT SIEGE ECOBANK 2 -46-', 1, NULL, NULL, NULL, NULL),
(52, 52, 'vsat', 47, 43, '15.03584722', '12.117566', 'Station VSAT Ecobank Ndjamena siege1 -47-', 1, NULL, NULL, NULL, NULL),
(53, 53, 'vsat', 45, 43, '15.033897', '12.1292472', 'Station VSAT Air France Aéropport -45-', 1, NULL, NULL, NULL, NULL),
(54, 54, 'vsat', 48, 32, '18.231415', '9.085755', 'Station VSAT ECOBANK SARH -48-', 1, NULL, NULL, NULL, NULL),
(55, 55, 'vsat', 49, 30, '14.90215833', '9.3674417', 'Station VSAT ECOBANK PALA -49-', 1, NULL, NULL, NULL, NULL),
(56, 56, 'vsat', 50, 34, '20.830263', '13.8295167', 'Station VSAT ECOBANK ABECHE -50-', 1, NULL, NULL, NULL, NULL),
(57, 57, 'vsat', 40, 43, '15.0505416', '12.1142833', 'Station VSAT SGT N''djamena NIMERY -40-', 1, NULL, NULL, NULL, NULL),
(59, 59, 'vsat', 28, 43, '15.034538', '12.124978', 'Station VSAT Vsat Hôtel residence -28-', 1, NULL, NULL, NULL, NULL),
(60, 60, 'vsat', 9, 43, '15.0350', '12.1156', 'Station VSAT CBT SIEGE N''DJAMENA -9-', 1, NULL, NULL, NULL, NULL),
(61, 61, 'vsat', 1, 43, '15.0352', '12.1135', 'Station VSAT NDJAMENA SIEGE -1-', 1, NULL, NULL, NULL, NULL),
(62, 62, 'vsat', 3, 43, '15.04932', '12.12853', 'Station VSAT SONACIM N''djamena -3-', 1, NULL, NULL, NULL, NULL),
(63, 63, 'vsat', 27, 43, '15.038333', '12.122500', 'Station VSAT BSIC Siège N''DJAMENA -27-', 1, NULL, NULL, NULL, NULL);

-- --------------------------------------------------------

--
-- Table structure for table `map_markers_icone`
--

CREATE TABLE IF NOT EXISTS `map_markers_icone` (
  `icone_id` int(8) NOT NULL AUTO_INCREMENT,
  `icone_actif` varchar(8) NOT NULL,
  `icone_categorie` varchar(255) NOT NULL,
  `icone_icon` varchar(255) NOT NULL,
  `icone_table` varchar(20) NOT NULL,
  PRIMARY KEY (`icone_id`)
) ENGINE=InnoDB  DEFAULT CHARSET=utf8 AUTO_INCREMENT=10 ;

--
-- Dumping data for table `map_markers_icone`
--

INSERT INTO `map_markers_icone` (`icone_id`, `icone_actif`, `icone_categorie`, `icone_icon`, `icone_table`) VALUES
(4, 'oui', 'VSAT', 'vsat', 'vsat_station_vsat'),
(5, 'oui', 'GSM', 'gsm', '	gsm_site_gsm'),
(6, 'oui', 'FH', 'fh', '	fh_liaison_fh'),
(7, 'oui', 'UHF', 'uhf', 'uhf_station_uhf'),
(8, 'Oui', 'VHF', 'vhf', '0'),
(9, 'Oui', 'BLR', 'blr', 'blr_station_blr');

-- --------------------------------------------------------

--
-- Table structure for table `metier_secteur_activite`
--

CREATE TABLE IF NOT EXISTS `metier_secteur_activite` (
  `id` int(11) NOT NULL AUTO_INCREMENT,
  `secteur` varchar(100) NOT NULL,
  `groupe` int(11) NOT NULL,
  `idgroupe` int(11) NOT NULL,
  `addby` int(11) NOT NULL,
  `datinsert` datetime NOT NULL DEFAULT CURRENT_TIMESTAMP,
  PRIMARY KEY (`id`)
) ENGINE=InnoDB  DEFAULT CHARSET=latin1 AUTO_INCREMENT=165 ;

--
-- Dumping data for table `metier_secteur_activite`
--

INSERT INTO `metier_secteur_activite` (`id`, `secteur`, `groupe`, `idgroupe`, `addby`, `datinsert`) VALUES
(6, 'A  AGRICULTURE, SYLVICULTURE, PÊCHE', 1, 6, 110, '2014-10-26 23:22:45'),
(7, 'Extraction d''hydrocabures', 0, 5, 0, '2014-10-26 23:22:45'),
(8, '01  AGRICULTURE, ELEVAGE, CHASSE ET ACTIVITÉS DE SOUTIEN', 0, 6, 110, '2014-10-26 23:22:45'),
(15, 'B  ACTIVITÉS EXTRACTIVES', 1, 15, 110, '2014-10-26 23:22:45'),
(16, '05  EXTRACTION DE CHARBON ET DE LIGNITE', 0, 15, 110, '2014-10-26 23:22:45'),
(17, '06  EXTRACTION D''HYDROCARBURES', 0, 15, 110, '2014-10-26 23:22:45'),
(18, '', 0, 14, 0, '2014-10-26 23:22:45'),
(19, '07  EXTRACTION DE MINERAIS MÉTALLIQUES', 0, 15, 110, '2014-10-26 23:22:45'),
(20, 'Fabrication des produits en cuir', 0, 14, 0, '2014-10-26 23:22:45'),
(21, '08  ACTIVITÉS DE SOUTIEN AUX INDUSTRIES EXTRACTIVES', 0, 15, 110, '2014-10-26 23:22:45'),
(22, 'Industrie du bois et des meubles', 0, 14, 0, '2014-10-26 23:22:45'),
(25, 'Fabrication de papier,de carton et de produits édités et imprimé', 0, 14, 0, '2014-10-26 23:22:45'),
(26, '09  AUTRES ACTIVITÉS EXTRACTIVES', 0, 15, 110, '2014-10-26 23:22:45'),
(28, 'Raffinage de pétrole', 0, 14, 0, '2014-10-26 23:22:45'),
(30, 'Fabrication de produits chimiques', 0, 14, 0, '2014-10-26 23:22:45'),
(31, 'Fabrication de matériaux de construction', 0, 14, 0, '2014-10-26 23:22:45'),
(32, 'PRODUCTION ET DISTRIBUTION D''ELECTRICITE, EAU ET GAZ', 0, 5, 0, '2014-10-26 23:22:45'),
(33, 'Fabrication de matériels de transport', 0, 14, 0, '2014-10-26 23:22:45'),
(34, 'autres activités industrielles', 0, 14, 0, '2014-10-26 23:22:45'),
(35, 'C  ACTIVITES DE FABRICATION', 1, 35, 110, '2014-10-26 23:22:45'),
(36, '10  FABRICATION DE PRODUITS ALIMENTAIRES', 0, 35, 110, '2014-10-26 23:22:45'),
(37, 'CONSTRUCTION', 0, 14, 0, '2014-10-26 23:22:45'),
(38, 'D  PRODUCTION ET DISTRIBUTION D''ÉLECTRICITÉ ET DE DE GAZ', 1, 38, 110, '2014-10-26 23:22:45'),
(39, '35  PRODUCTION ET DISTRIBUTION D''ÉLECTRICITÉ ET DE GAZ,', 0, 38, 110, '2014-10-26 23:22:45'),
(40, 'E  CAPTAGE, TRAITEMENT ET DISTRIBUTION D''EAU', 1, 40, 110, '2014-10-26 23:22:45'),
(41, '36  CAPTAGE, TRAITEMENT ET DISTRIBUTION D''EAU', 0, 40, 110, '2014-10-26 23:22:45'),
(42, 'F  CONSTRUCTION', 1, 42, 110, '2014-10-26 23:22:45'),
(43, 'G  COMMERCE', 1, 43, 110, '2014-10-26 23:22:45'),
(44, '41  CONSTRUCTION DE BÂTIMENTS', 0, 42, 110, '2014-10-26 23:22:45'),
(45, '45  COMMERCE ET RÉPARATION D''AUTOMOBILES ET DE MOTOCYCLES', 0, 43, 110, '2014-10-26 23:22:45'),
(46, 'H  TRANSPORTS ET ENTREPOSAGE', 1, 46, 110, '2014-10-26 23:22:45'),
(47, 'I  HEBERGEMENT ET RESTAURATION', 1, 47, 110, '2014-10-26 23:22:45'),
(48, '49  TRANSPORTS TERRESTRES', 0, 46, 110, '2014-10-26 23:22:45'),
(49, '55  HEBERGEMENT', 0, 47, 110, '2014-10-26 23:22:45'),
(50, 'J  INFORMATION ET COMMUNICATION', 1, 50, 110, '2014-10-26 23:22:45'),
(51, '56  RESTAURATION ET DEBITS DE BOISSON', 0, 47, 110, '2014-10-26 23:22:45'),
(54, 'Education', 0, 53, 0, '2014-10-26 23:22:45'),
(56, 'K  ACTIVITÉS FINANCIÈRES ET D''ASSURANCE', 1, 56, 110, '2014-10-26 23:22:45'),
(57, '64  ACTIVITES FINANCIERES', 0, 56, 110, '2014-10-26 23:22:45'),
(58, 'Activités d''administration générale', 0, 55, 0, '2014-10-26 23:22:45'),
(59, '65  ASSURANCE', 0, 56, 110, '2014-10-26 23:22:45'),
(60, 'L  ACTIVITES IMMOBILIERES', 1, 60, 110, '2014-10-26 23:22:45'),
(61, 'M  ACTIVITÉS SPECIALISEES, SCIENTIFIQUES ET TECHNIQUES', 1, 61, 110, '2014-10-26 23:22:45'),
(62, '68  ACTIVITES IMMOBILIERES', 0, 60, 110, '2014-10-26 23:22:45'),
(63, 'N  ACTIVITES DE SERVICES DE SOUTIEN ET DE BUREAU', 1, 63, 110, '2014-10-26 23:22:45'),
(64, '69  ACTIVITES JURIDIQUES ET COMPTABLES', 0, 61, 110, '2014-10-26 23:22:45'),
(65, '77  LOCATION ET LOCATION-BAIL', 0, 63, 110, '2014-10-26 23:22:45'),
(66, 'BRANCHE D''ATTENTE DE NIVEAU', 0, 5, 0, '2014-10-26 23:22:45'),
(68, 'BRANCHE D''ATTENTE DE NIVEAU 2', 0, 67, 0, '2014-10-26 23:22:45'),
(69, 'égrenage du coton et industrie textile', 0, 14, 0, '2014-10-26 23:22:45'),
(70, '46  COMMERCE DE GROS ET ACTIVITES DES INTERMEDIAIRES', 0, 43, 110, '2014-10-26 23:34:19'),
(74, 'Pêche Maritime', 0, 72, 111, '2014-10-27 12:16:58'),
(75, 'Industrie Aeronautique', 0, 73, 110, '2014-10-27 12:16:59'),
(76, 'O  ACTIVITES D''ADMINISTRATION PUBLIQUE', 1, 76, 110, '2014-10-27 12:51:22'),
(78, 'Test One', 0, 77, 111, '2014-10-27 12:52:44'),
(80, 'Just', 0, 79, 111, '2014-10-27 12:56:28'),
(81, '84  ACTIVITES D''ADMINISTRATION PUBLIQUE', 0, 76, 110, '2014-11-03 08:24:35'),
(83, 'P  ENSEIGNEMENT', 1, 83, 110, '2014-12-04 09:31:32'),
(84, '85  ENSEIGNEMENT', 0, 83, 110, '2014-12-04 09:32:15'),
(86, 'Q  ACTIVITÉS POUR LA SANTÉ HUMAINE ET L''ACTION SOCIALE', 1, 86, 110, '2014-12-08 12:04:16'),
(87, '58  EDITION', 0, 50, 110, '2014-12-08 12:05:55'),
(91, 'ACTIVITÉS POUR LA SANTÉ HUMAINE ET L''ACTION SOCIALE', 0, 91, 110, '2014-12-10 11:08:45'),
(92, 'R  ACTIVITÉS ARTISTIQUES, SPORTIVES ET RECREATIVES', 1, 92, 110, '2014-12-10 11:18:21'),
(93, 'ACTIVITÉS POUR LA SANTÉ HUMAINE ET L''ACTION SOCIALE', 0, 91, 110, '2014-12-10 11:22:59'),
(94, 'Autres activités extractives', 0, 91, 110, '2014-12-10 11:24:09'),
(95, 'S  AUTRES ACTIVITÉS DE SERVICES N.C.A.', 1, 95, 110, '2014-12-10 11:51:05'),
(96, 'T  ACTIVITÉS SPECIALES DES MÉNAGES', 1, 96, 110, '2014-12-11 10:34:33'),
(97, 'U  ACTIVITÉS DES ORGANISATIONS EXTRATERRITORIALES', 1, 97, 110, '2014-12-11 10:36:15'),
(98, '02  SYLVICULTURE, EXPLOITATION FORESTIÈRE ET ACTIVITÉS DE SOUTIEN', 0, 6, 110, '2014-12-11 10:38:39'),
(99, '03  PÊCHE, PISCICULTURE, AQUACULTURE', 0, 6, 110, '2014-12-11 10:47:03'),
(100, '11  FABRICATION DE BOISSONS', 0, 35, 110, '2014-12-11 11:06:27'),
(101, '12  FABRICATION DE PRODUITS A BASE DE TABAC', 0, 35, 110, '2014-12-11 11:08:56'),
(102, '13  ACTIVITES DE FABRICATION DE TEXTILES', 0, 35, 110, '2014-12-11 11:09:57'),
(103, '14  FABRICATION D''ARTICLES D''HABILLEMENT', 0, 35, 110, '2014-12-11 11:17:49'),
(104, '15  TRAVAIL DU CUIR ; FABRICATION D''ARTICLES DE VOYAGE ET DE CHAUSSURES', 0, 35, 110, '2014-12-11 11:19:28'),
(105, '16  TRAVAIL DU BOIS ET FABRICATION D''ARTICLES EN BOIS HORS MEUBLES', 0, 35, 110, '2014-12-11 11:21:09'),
(106, '17  FABRICATION DU PAPIER ET DU CARTON', 0, 35, 110, '2014-12-11 11:22:34'),
(107, '18  IMPRIMERIE ET REPRODUCTION D''ENREGISTREMENTS', 0, 35, 110, '2014-12-11 11:23:00'),
(108, '19  RAFFINAGE PÉTROLIER, COKEFACTION', 0, 35, 110, '2014-12-11 11:23:28'),
(109, '20  FABRICATION DE PRODUITS CHIMIQUES', 0, 35, 110, '2014-12-11 11:24:50'),
(110, '21  FABRICATION DU PAPIER ET DU CARTON', 0, 35, 110, '2014-12-11 11:25:27'),
(111, '22  FABRICATION D''OUVRAGES EN MÉTAUX', 0, 35, 110, '2014-12-11 11:25:49'),
(112, '23  FABRICATION D''OUVRAGES EN MÉTAUX', 0, 35, 110, '2014-12-11 11:26:21'),
(113, '24  MÉTALLURGIE', 0, 35, 110, '2014-12-11 11:26:45'),
(114, '25  FABRICATION D''OUVRAGES EN MÉTAUX', 0, 35, 110, '2014-12-11 11:27:10'),
(115, '26  FABRICATION DE PRODUITS ELECTRONIQUES ET INFORMATIQUES', 0, 35, 110, '2014-12-11 11:27:35'),
(116, '27  FABRICATION D''EQUIPEMENTS ELECTRIQUES', 0, 35, 110, '2014-12-11 11:28:01'),
(117, '28  FABRICATION DE MACHINES ET D''EQUIPEMENTS N.C.A.', 0, 35, 110, '2014-12-11 11:28:23'),
(118, '29  FABRICATION DE PRODUITS ELECTRONIQUES ET INFORMATIQUES', 0, 35, 110, '2014-12-11 11:28:50'),
(119, '30  MÉTALLURGIE', 0, 35, 110, '2014-12-11 11:29:26'),
(120, '31  FABRICATION DE MATERIAUX MINERAUX', 0, 35, 110, '2014-12-11 11:32:30'),
(121, '32  FABRICATION DE PRODUITS PHARMACEUTIQUES', 0, 35, 110, '2014-12-11 11:32:54'),
(122, '33  REPARATION ET INSTALLATION DE MACHINES ET D''EQUIPEMENTS PROFESSIONNELS', 0, 35, 110, '2014-12-11 11:33:50'),
(124, '37  COLLECTE ET TRAITEMENT DES EAUX USEES', 0, 40, 110, '2014-12-18 11:16:09'),
(125, '38  COLLECTE, TRAITEMENT ET ELIMINATION DES DECHETS; RECUPERATION', 0, 40, 110, '2014-12-18 11:16:53'),
(126, '39  DEPOLLUTION ET AUTRES ACTIVITES DE GESTION DES DECHETS', 0, 40, 110, '2014-12-18 11:17:37'),
(127, '42  GENIE CIVIL', 0, 42, 110, '2014-12-18 11:18:56'),
(128, '43  ACTIVITÉS SPECIALISEES DE CONSTRUCTION', 0, 42, 110, '2014-12-18 11:20:48'),
(129, '47  COMMERCE DE DÉTAIL', 0, 43, 110, '2014-12-18 11:23:51'),
(130, '50  TRANSPORTS PAR EAU', 0, 46, 110, '2014-12-18 11:24:58'),
(131, '51  TRANSPORTS AÉRIENS', 0, 46, 110, '2014-12-18 11:25:24'),
(132, '52  ENTREPOSAGE ET ACTIVITÉS DES AUXILIAIRES DE TRANSPORT', 0, 46, 110, '2014-12-18 11:25:43'),
(133, '53  ACTIVITÉS DE POSTE ET DE COURRIER', 0, 46, 110, '2014-12-18 11:26:06'),
(134, '59  PRODUCTION AUDIO ET VIDEO : TELEVISION, CINEMA, SON', 0, 50, 110, '2014-12-18 11:30:32'),
(135, '60  PROGRAMMATION TELEVISUELLE ; RADIODIFFUSION', 0, 50, 110, '2014-12-18 11:31:05'),
(136, '61  TÉLÉCOMMUNICATIONS', 0, 50, 110, '2014-12-18 11:31:29'),
(137, '62  ACTIVITÉS INFORMATIQUES : CONSEIL, PROGRAMMATION', 0, 50, 110, '2014-12-18 11:31:49'),
(138, '63  ACTIVITÉS DE FOURNITURE D''INFORMATION', 0, 50, 110, '2014-12-18 11:32:09'),
(139, '66  ACTIVITÉS D''AUXILIAIRES FINANCIERS ET D''ASSURANCE', 0, 56, 110, '2014-12-18 11:35:08'),
(140, '70  ACTIVITÉS DES SIEGES SOCIAUX; CONSEIL EN GESTION', 0, 61, 110, '2014-12-18 11:39:42'),
(141, '71  ACTIVITÉS D''ARCHITECTURE, D''INGENIERIE ET TECHNIQUES', 0, 61, 110, '2014-12-18 11:40:05'),
(142, '72  RECHERCHE-DEVELOPPEMENT', 0, 61, 110, '2014-12-18 11:40:24'),
(143, '73  PUBLICITE ET ETUDES DE MARCHE', 0, 61, 110, '2014-12-18 11:40:41'),
(144, '74  AUTRES ACTIVITÉS PROFESSIONNELLES DE SERVICES SPECIALISES', 0, 61, 110, '2014-12-18 11:41:03'),
(145, '75  ACTIVITÉS VETERINAIRES', 0, 61, 110, '2014-12-18 11:41:20'),
(146, '78  ACTIVITÉS LIEES AUX RESSOURCES HUMAINES', 0, 63, 110, '2014-12-18 11:43:04'),
(147, '79  ACTIVITÉS DES AGENCES DE RESERVATION ET VOYAGISTES', 0, 63, 110, '2014-12-18 11:44:06'),
(148, '80  ENQUETES ET SECURITE', 0, 63, 110, '2014-12-18 11:47:25'),
(149, '81  SOUTIEN AUX BATIMENTS ; AMENAGEMENT PAYSAGER', 0, 63, 110, '2014-12-18 11:47:48'),
(150, '82  ACTIVITES DE SOUTIEN AUX ENTREPRISES ; ACTIVITES DE BUREAU', 0, 63, 110, '2014-12-18 11:48:12'),
(151, '90  ACTIVITÉS ARTISTIQUES, SPORTIVES ET RECREATIVES', 0, 92, 110, '2014-12-18 12:03:24'),
(152, '94  ACTIVITÉS DES ORGANISATIONS ASSOCIATIVES', 0, 95, 110, '2014-12-18 12:04:02'),
(153, '97  ACTIVITÉS DES MÉNAGES EN TANT QU''EN EMPLOYEURS DE PERSONNEL DOMESTIQUE', 0, 96, 110, '2014-12-18 12:05:08'),
(154, '99  ACTIVITÉS DES ORGANISATIONS EXTRATERRITORIALES', 0, 97, 110, '2014-12-18 12:05:40'),
(155, '86  ACTIVITÉS POUR LA SANTÉ HUMAINE', 0, 86, 110, '2014-12-18 12:13:24'),
(156, '87  ACTIVITES D''HEBERGEMENT MEDICO-SOCIAL ET SOCIAL', 0, 86, 110, '2014-12-18 12:13:51'),
(157, '88  ACTION SOCIALE SANS HEBERGEMENT', 0, 86, 110, '2014-12-18 12:14:28'),
(158, '91  CONSERVATION ET VALORISATION DU PATRIMOINE', 0, 92, 110, '2014-12-18 12:22:52'),
(159, '92  ORGANISATION DE JEUX DE HASARD ET D''ARGENT', 0, 92, 110, '2014-12-18 12:23:23'),
(160, '93  ACTIVITÉS SPORTIVES, RÉCRÉATIVES ET DE LOISIRS', 0, 92, 110, '2014-12-18 12:23:45'),
(161, '95  REPARATION D''ORDINATEURS, BIENS PERSONNELS ET DOMESTIQUES', 0, 95, 110, '2014-12-18 12:25:26'),
(162, '96  FOURNITURE D''AUTRES SERVICES PERSONNELS', 0, 95, 110, '2014-12-18 12:25:43'),
(163, '98  ACTIVITÉS INDIFFERENCIEES AUTOPRODUITES DES MÉNAGES', 0, 96, 110, '2014-12-18 12:28:01'),
(164, 'ENVIRONNEMENT ET TRAVAUX PUBLICS', 1, 164, 110, '2015-04-07 11:40:04');

-- --------------------------------------------------------

--
-- Table structure for table `modul`
--

CREATE TABLE IF NOT EXISTS `modul` (
  `id` int(11) NOT NULL AUTO_INCREMENT COMMENT 'id modul',
  `modul` varchar(25) NOT NULL COMMENT 'nom modul',
  `description` varchar(100) NOT NULL COMMENT 'Description',
  `rep_modul` varchar(100) DEFAULT NULL COMMENT 'Répertoir module',
  `tables` varchar(100) DEFAULT NULL COMMENT 'Tables utlisées par le module',
  `app_modul` varchar(25) NOT NULL COMMENT 'Application de base',
  `modul_setting` varchar(25) DEFAULT 'NA' COMMENT 'Si is_setting Choix modul',
  `is_setting` tinyint(1) DEFAULT '0' COMMENT 'Modul de parametre',
  `etat` int(11) NOT NULL DEFAULT '0' COMMENT 'Etat de module',
  `services` varchar(40) DEFAULT NULL COMMENT 'Services de Module',
  PRIMARY KEY (`id`),
  UNIQUE KEY `modul` (`modul`)
) ENGINE=InnoDB  DEFAULT CHARSET=latin1 COMMENT='Table Systeme Modules' AUTO_INCREMENT=55 ;

--
-- Dumping data for table `modul`
--

INSERT INTO `modul` (`id`, `modul`, `description`, `rep_modul`, `tables`, `app_modul`, `modul_setting`, `is_setting`, `etat`, `services`) VALUES
(1, 'Systeme', 'Applications utilises par le Systeme', 'tdb', NULL, 'tdb', NULL, 0, 10, '[-1-]'),
(2, 'users', 'Utilisateurs', 'users', 'users_sys', 'user', NULL, 0, 0, '[-1-]'),
(3, 'modul_mgr', 'Modules', 'modul_mgr', 'modul,task,task_action', 'modul', NULL, 0, 0, '[-1-]'),
(4, 'services', 'Services', 'users/settings/services', 'services', 'services', 'users', 1, 0, '[-1-]'),
(5, 'permissionnaire', 'Permissionnaires', 'permissionnaire', 'prm_permissionnaires', 'prm', NULL, 0, 0, '[-1-2-17-]'),
(25, 'installateurs', 'Gestion Installateurs', 'installateurs', 'installateurs', 'installateurs', NULL, 0, 0, '[-1-17-]'),
(27, 'vsat_hub', 'VSAT HUB', 'VSAT/settings/vsat_hub', 'vsat_hub', 'vsat_hub', 'VSAT', 1, 0, '[-1-2-17-]'),
(28, 'villes', 'Gestion Villes', 'Systeme/settings/villes', 'ref_villes', 'villes', 'Systeme', 1, 0, '[-1-]'),
(29, 'vsat_satellite', 'Gestion Satellites', 'VSAT/settings/vsat_satellite', 'vsat_satelite', 'vsat_satellite', 'VSAT', 1, 0, '[-1-2-17-]'),
(31, 'anonymes', 'Anonymes', 'anonymes', 'prm_anonyme', 'anonymes', NULL, 0, 0, '[-1-2-17-]'),
(32, 'blr_stations', 'BLR Stations', 'blr_stations', 'blr_stations, permissionnaires, ref_ville', 'blr_stations', NULL, 0, 0, '[-1-]'),
(33, 'uhf_vhf_stations', 'Gestion UHF/VHF', 'uhf_vhf_stations', 'uhf_vhf_stations', 'uhf_vhf_stations', NULL, 0, 0, '[-1-]'),
(34, 'gsm', 'Stations GSM', 'gsm', 'gsm_stations', 'gsm', NULL, 0, 0, '[-1-19-18-]'),
(53, 'vsat', 'Gestion VSAT', 'vsat', 'vsat', 'vsat', NULL, 0, 0, '[-1-2-17-]');

-- --------------------------------------------------------

--
-- Table structure for table `permissionnaires`
--

CREATE TABLE IF NOT EXISTS `permissionnaires` (
  `id` int(11) NOT NULL AUTO_INCREMENT COMMENT 'id auto incriment',
  `sigle` varchar(15) NOT NULL COMMENT 'Sigle',
  `r_social` varchar(100) CHARACTER SET latin1 NOT NULL COMMENT 'Raison Social',
  `categorie` int(11) DEFAULT NULL COMMENT 'Categorie soc_economique',
  `secteur_activ` int(11) NOT NULL COMMENT 'secteur d''activité',
  `rc` varchar(30) CHARACTER SET latin1 NOT NULL COMMENT 'N° de registre de commerce',
  `nif` varchar(20) CHARACTER SET latin1 NOT NULL COMMENT 'Numéros d''identification fiscale',
  `multi_national` int(1) NOT NULL COMMENT 'Groupe Multi National:',
  `pay_siege` int(11) NOT NULL COMMENT 'Secteur d''activité principal:',
  `adresse` varchar(120) CHARACTER SET latin1 NOT NULL COMMENT 'Adresse',
  `bp` varchar(50) CHARACTER SET latin1 NOT NULL COMMENT 'code postal',
  `ville` int(11) NOT NULL COMMENT 'Ville',
  `email` varchar(40) CHARACTER SET latin1 NOT NULL COMMENT 'E-mail',
  `tel` int(10) NOT NULL COMMENT 'Téléphone',
  `fax` int(10) NOT NULL COMMENT 'Fax',
  `nom_p` varchar(60) CHARACTER SET latin1 NOT NULL COMMENT 'nom personne physique',
  `qualite_p` varchar(60) CHARACTER SET latin1 NOT NULL COMMENT 'Qualité de representant',
  `nation_p` int(11) NOT NULL COMMENT 'Nationalité',
  `adresse_p` varchar(120) CHARACTER SET latin1 NOT NULL COMMENT 'adresse personne physique',
  `email_p` varchar(40) CHARACTER SET latin1 NOT NULL COMMENT 'E-mail représentant',
  `tel_p` int(10) NOT NULL COMMENT 'Téléphone represantant',
  `logo` varchar(120) CHARACTER SET latin1 DEFAULT NULL COMMENT 'logo ste',
  `pj` int(11) NOT NULL COMMENT 'Formulaire inscription',
  `etat` int(11) NOT NULL COMMENT 'état de dossier permissionnaire',
  `creusr` varchar(50) NOT NULL COMMENT 'id utilisateur qui ouvre la session d''ajout',
  `credat` timestamp NOT NULL DEFAULT CURRENT_TIMESTAMP COMMENT 'date d''insertion',
  `updusr` varchar(50) DEFAULT NULL COMMENT 'Modifier par',
  `upddat` timestamp NULL DEFAULT NULL COMMENT 'Date dernière modification',
  PRIMARY KEY (`id`),
  UNIQUE KEY `raison social` (`r_social`),
  UNIQUE KEY `NIF` (`nif`),
  UNIQUE KEY `RC` (`rc`),
  UNIQUE KEY `Sigle` (`sigle`),
  KEY `ville` (`ville`),
  KEY `nationnalité` (`nation_p`),
  KEY `secteur` (`secteur_activ`),
  KEY `Categorie_perm` (`categorie`),
  KEY `pays_perm` (`pay_siege`)
) ENGINE=InnoDB  DEFAULT CHARSET=utf8 AUTO_INCREMENT=41 ;

--
-- Dumping data for table `permissionnaires`
--

INSERT INTO `permissionnaires` (`id`, `sigle`, `r_social`, `categorie`, `secteur_activ`, `rc`, `nif`, `multi_national`, `pay_siege`, `adresse`, `bp`, `ville`, `email`, `tel`, `fax`, `nom_p`, `qualite_p`, `nation_p`, `adresse_p`, `email_p`, `tel_p`, `logo`, `pj`, `etat`, `creusr`, `credat`, `updusr`, `upddat`) VALUES
(1, 'Afrijeux', 'Afrijeux', 4, 10, 'RCCM/TC/NDJ/10B114', '9008303N', 1, 121, 'Avenue Yossouf Boy; Rue 3252', '592', 43, 'nagychraim@afrijeux.com', 66906720, 66906720, 'Najy CHRAIM', 'DAF', 121, 'Av. Youssouf Boy', 'nchraim@afrijeux.com', 66906720, NULL, 64, 1, '4', '2017-04-05 12:17:41', '4', '2017-05-05 08:16:32'),
(2, 'FED', 'Action FED', 1, 17, 'x', 'x', 1, 18, 'Quartier résidentiel Rue: 1032', '0415', 43, 'amane25mai@gmail.com', 66235350, 66235350, 'Amane YAMARKE', 'Administrateur', 242, 'Qtier. Résidentiel', 'amane25mai@gmail.com', 66235350, NULL, 65, 1, '4', '2017-04-05 12:25:41', '4', '2017-04-07 08:17:52'),
(3, 'CHE Y', 'CABINET HENRY ERNST et YOUNG', 4, 16, 'TC/NDJ/12B137', '600002844', 1, 231, 'AV. Ngarta TOMBALBAYE', '324', 43, 'anselme.patipewe.njiakin@td.ey.com', 22523620, 22523620, 'DEOUKOULA Abraham', 'Responsable informatique', 242, 'AV, Ngarta TOMBALBAYE', 'abraham.deoukoula@td.ey.com', 66388306, NULL, 66, 1, '4', '2017-04-05 12:38:48', '4', '2017-04-06 12:18:50'),
(4, 'SONACIM', 'Société Nationale de Ciment', 5, 9, 'B-619-11', '90110340', 2, 242, 'Klemat rue 40 2ème arrondissement', '2625', 43, 'sonacim@sonacim.com', 22530082, 22530082, 'Douzoune Patchanne Pabame', 'chef de service informatique', 242, 'Klemat rue de 40 2ème arrondissement', 'douzepierre@sonacim.com', 63869630, NULL, 67, 1, '4', '2017-04-05 12:45:48', '4', '2017-04-07 08:48:02'),
(5, 'Hydrocarbure', 'Hydrocarbone', 4, 25, 'RCCMTC/NDJ/I2B729', '600007082', 1, 228, 'Porte 1243 Av. General Tilbo', '2784', 43, 'contrymanager@unitedhydrocarbon.com', 22519534, 22519534, 'Baouna Glama', 'IT technicien', 242, 'United Hydrocarbone (UHCL) qtier Aerogare', 'bglama@unitedhydrocarbon.com', 22519534, NULL, 68, 1, '4', '2017-04-05 12:57:27', '4', '2017-04-10 07:46:31'),
(6, 'SATOM', 'SOGEA SATOM', 4, 12, 'Xx', 'Xx', 1, 75, 'Route de FARCHA', '14', 43, 'sogeasatom-tchad@vinci-construction.com', 22522071, 22522067, 'KABO GANDOL HAROUN', 'responsable service IT', 242, 'route de farcha', 'gandol.harounkabo@vinci-construction.com', 66330527, NULL, 69, 1, '4', '2017-04-05 13:06:19', NULL, NULL),
(7, 'GEODIS', 'GEODIS PROJECTS CHAD SA', 4, 48, 'RCCMNTCHAD.NDJ/10/B/616', '9004710T', 1, 75, 'Qtier.Klemat rue 3283', '105', 43, 'ipcommercegpcamchad.ff.gw@geodis.com', 22524115, 22524113, 'Taga Mbra TAGA', 'Responsable Informatique', 242, 'Klemat', 'taga.mbra@geodis.com', 62778953, NULL, 70, 1, '4', '2017-04-05 13:17:28', '4', '2017-04-10 07:47:57'),
(8, 'ISLAMIC RELIEF', 'ISLAMIC RELIEF', 2, 10, 'Xxx', '7016734B', 1, 228, 'Qtier BEGUINAGE', '5666', 43, 'islamicrelieftchad@yahoo.fr', 22525288, 22525298, 'NABIL MONHAMAD HAMAD ABOU', 'responsables ressource humaine et administration', 242, 'N''djamena TCHAD', 'nabil_monhamad@yahoo.fr', 66996522, NULL, 71, 1, '4', '2017-04-05 13:32:53', '4', '2017-04-10 07:50:38'),
(9, 'SGT', 'Societe Générale de Banque', 4, 11, 'NDG/241/B', '600010602', 1, 75, '2-6 Rue du commandant GALYAM NEGAL', '461', 43, 'SGT@intnet.td', 22522801, 22523713, 'MAHAMAT AGUIDI', 'Directeur de systeme informatique', 242, 'mahamat.aguidi@socgen.com', 'mahamat.aguidi@socgen.com', 66293732, NULL, 72, 1, '4', '2017-04-05 13:42:08', '4', '2017-04-07 10:44:49'),
(10, 'CBT', 'Commercial Bank Tchad', 5, 11, '28/B/62', 'xxxx', 2, 242, 'AV.charles de gaulle', '19', 43, 'cbt_sdsi@groupecommercialbank.com', 22522829, 22523318, 'ABDELKHADER MAHAMAT YOUSSOUF ', 'DGA', 242, 'Av. Charles de Gaulle', 'ymahamat@groupecommercial.com', 22522829, NULL, 73, 1, '4', '2017-04-05 13:51:47', '4', '2017-04-10 07:53:04'),
(11, 'SAONET', 'Saonet', 4, 45, 'TC NDJ 2000 B 1147', '600010185', 2, 242, 'AV. Felix Eboue', '1345', 43, 'saonet2002@gmail.com', 22517581, 62006200, 'Yacoub MAHAMAT', 'Directeur Général', 242, 'Av. Felix Eboue', 'saonet2002@gmail.com', 62006200, NULL, 74, 1, '4', '2017-04-05 13:58:48', '4', '2017-04-06 11:58:39'),
(12, 'BIVAC', 'BIVAC TCHAD', 4, 29, 'RCCMTC/NDj/15B418', '600032229', 1, 150, 'Av. 04 Joseph Yodeyman', '1635', 43, 'contact.tcd@bureauveritas.com', 22523664, 22522334, 'Kemté Ninga', 'IT informaticien', 242, 'Av. 04 Joseph Yodeyman', 'Kemte.ningn@td.bureauveritas.com', 66302716, NULL, 75, 1, '4', '2017-04-05 14:06:03', '4', '2017-04-06 12:02:16'),
(13, 'Concern WW', 'Concern World Wide', 2, 10, '2/CD/1992', '7014486E', 1, 228, 'Hille rogué rue 3242 porte230', '6736', 43, 'adolphe.mubanga@concern.net', 66011611, 66011611, 'Adolphe Moubenga', 'Coordinateur Logistique', 52, 'Adolphe.moubenga@concern.net', 'Adolphe.moubenga@concern.net', 66011611, NULL, 76, 1, '4', '2017-04-05 14:12:22', '4', '2017-04-10 09:05:53'),
(14, 'TRANSVAL', 'Transval Tchad', 4, 6, 'RCCMTC/NDJ/10B245', '600009963', 1, 36, 'Sabangali Ndjamena', '6388', 43, 'transvaltchad@yahoo.com', 90743918, 90743918, 'Mohama Harouna', 'Responsable National', 36, 's/c Transval Tchad', 'transvaltchad@yahoo.com', 62341673, NULL, 77, 1, '4', '2017-04-05 14:18:13', '4', '2017-04-10 08:05:54'),
(15, 'Mairie Centrale', 'Mairie Centrale de la Ville de N''Djamena', 1, 43, 'xxxxx', 'xxxxx', 2, 242, 'Mairie centrale', '437', 43, 'mairie@mairie.td', 22514777, 22514777, 'Arabi Issa', 'Chef Transmission', 242, 's/c Mairie', 'mairie@mairie.com', 66256807, NULL, 78, 1, '4', '2017-04-05 14:22:02', '4', '2017-04-10 08:10:26'),
(16, 'STAR', 'Star Security', 4, 10, '0472/B/2013', '600003683', 2, 242, 'Klemat', '124', 43, 'starsecu2003@yahoo.fr', 22523077, 22523077, 'Youssouf Bandaye', 'Directeur Général', 242, 's/c  STAR', 'youssoufbandaye@yahoo.fr', 66279885, NULL, 79, 1, '4', '2017-04-05 14:30:59', '4', '2017-04-10 07:59:47'),
(17, 'Residence Hotel', 'Residence Hotel', 4, 27, 'TC/NDJ/14B392', '600038144', 2, 242, 'Av. Bada Abbas', 'xxx', 43, 'ahmaty5@gmail.com', 66293220, 66293220, 'Mahamat Nour Ali aboutiman', 'Technicien', 242, 'Goudji', 'aboutiman_fils@hotmail.fr', 66293220, NULL, 80, 1, '4', '2017-04-05 14:34:32', '4', '2017-04-10 09:03:03'),
(18, 'INSEED', 'INSEED', 1, 43, 'xxxxxx', 'xxxxxx', 2, 242, 'Rond Point Travaux Publics', '453', 43, 'abdoulaye_haggar@yahoo.fr', 66310429, 66310429, 'OUSMAN ABDOULAYE HAGGAR', 'Directeur General Adjoint', 242, 'S/C INSEED', 'abdoulaye_haggar@yahoo.fr', 66310429, NULL, 83, 1, '6', '2017-04-06 12:55:17', '4', '2017-04-10 08:04:00'),
(19, 'MSF SUISSE', 'Médécins Sans Frontière SUISSE', 2, 10, 'xxxxxxx', '7006037C', 1, 210, 'Route de l''Aéoroport', '6303', 43, 'msfch-chad-it@geneva.msf.org', 66234739, 66234739, 'ALLAH MBATINA MADJITA', 'Charge de Système d''Information', 242, 'S/C MSF SUISSE', 'msfch-chad-it@geneva.msf.org', 66234739, NULL, 84, 1, '6', '2017-04-06 13:19:14', '4', '2017-04-10 08:01:49'),
(20, 'CST', 'COMPAGNIE SUCRIERE DU TCHAD', 5, 4, 'N°TCH/NDJ/10BH95', '600010149', 1, 75, 'Compagnie Sucriere du Tchad', '5763', 43, 'cbriand@cst.somdiaa.com', 22520812, 22522812, 'OUMAR BOUKAR', 'Chef de departement informatique', 242, 'S/C CST-BANDA BP-216', 'boumar@cst.somdiaa.com', 66407890, NULL, 108, 1, '5', '2017-04-10 14:28:41', '4', '2017-04-10 14:50:12'),
(21, 'GAB Security', 'GAB Security', 4, 10, 'TC/NDJ/15210', '600020183', 2, 242, 'Place de la Nation', '790', 43, 'gabsecu@gmail.com', 66268936, 66313199, 'ABDOUL ABDEL-HADI', 'Directeur Général', 242, 'Qtier Moursal, B.P. 790 N''Djamena', 'abdoulalofi@gmail.com', 66313199, NULL, 126, 1, '4', '2017-04-12 10:30:08', NULL, NULL),
(22, 'MSF HOLLANDE', 'Médécins Sans Frontières HOLLANDE', 2, 10, '000000', '60053004C', 1, 150, 'Qtier CLEMAT Porte 428 Rue 3211', '30', 43, 'chad-logco-dept@oca.msf.org', 62933014, 62933014, ' CLEMENT AYITCHEME', 'COORDONATEUR LOGISTIQUE ADJOINT', 59, 'MSF HOLLANDE N''DJAMENA-TCHAD', 'chad-logco-dept@oca.msf.org', 62933014, NULL, 127, 1, '7', '2017-04-13 08:50:56', '4', '2017-04-13 10:58:00'),
(23, 'MIRACLE TELECOM', 'MIRACLE TELECOM TCHAD', 4, 45, 'RCCMIC/NDJAM/12B595', 'W90109448', 2, 242, 'SABANGALI ', '6084', 43, 'garycoupermiracle@gmail.com', 66280051, 66280051, 'RAHAMA ADOUM SOUMAINE', 'responsable administratif ', 242, 'SABANGALI', 'garycoupermiracle@gamail.com', 66280051, NULL, 128, 1, '7', '2017-04-13 08:59:53', '4', '2017-04-13 10:59:32'),
(24, 'HUAWEI', 'HUAWEI TECHNOLOGIES', 4, 45, 'RCCMTC/NDJ/12B163', '600008426', 1, 44, 'Immeuble CORDIER Rue de la BAEC', '5974', 43, 'ba.mahamat@gmail.com', 66299545, 66299545, 'BA  MAHAMAT', 'installateur de vsat Huawei', 242, 'Avenue Maldoum-angle chari tamourage', 'ba.mahamat@gmail.com', 66299545, NULL, 129, 1, '7', '2017-04-13 11:51:54', '4', '2017-04-13 11:54:27'),
(25, 'BAC', 'BANQUE AGRICOLE ET COMMERCIALE', 4, 11, 'TCD/NDJ/12B470', '600002130', 2, 242, 'Avenue CHARLES DE GAULLE, N''djamena', '1727', 43, 'bactchad@gmail.com', 22519041, 22519040, 'GORASHI SULIMAN ADAM HASSAN', 'Directeur General', 205, 'S/C BAC ', 'bactchad@gmail.com', 22519040, NULL, 130, 1, '5', '2017-04-13 13:43:10', '4', '2017-04-13 13:43:58'),
(26, 'BSIC', 'Banque Sahélo Saharienne pour l''Investissement et le Commerce', 4, 11, 'TCH-NDJ/2002/3/936', '9005203', 1, 125, 'AVENUE CHARLES DE GAULLE', '81', 43, 'bsic.chad@bsicbank.com', 22522692, 22522693, 'ELHUSSEIN HUSSEIN', 'Directeur du département Informatique', 125, 'S/C BSIC', 'it.tchad@bsicbank.com', 62080826, NULL, 138, 1, '5', '2017-04-18 12:29:31', '4', '2017-04-19 09:47:54'),
(27, 'CGT', 'Computer GOLFE TCHAD', 4, 45, 'TC/NDJT/11B3', '600010407', 2, 242, 'Qtier Residentiel AV. CHARLES De Gaulle', '49', 43, 'contact@cgt-tchad.com', 22524863, 22523109, 'ASSADICK Mahamat zen', 'Directeur General adjoint', 242, 'S/c COMPUTER Golfe Tchad', 'contact@cgt-tchad.com', 66235633, NULL, 152, 1, '7', '2017-04-24 12:34:37', '4', '2017-04-24 12:44:06'),
(28, 'CICR', 'Comité International des Croix Rouges ', 3, 10, 'humanitaire', 'xxxuhhooo', 1, 210, 'Hile Rogue, 2ème Arrondissement', '965', 43, 'ndj-ndjamena@icrc.org', 66201372, 22250316, 'NGARLEM TOUSDE Jean-Claude', 'Responsable ICT', 242, 'S/c CICR.TD,Hile Rogue', 'jngarlemtousde@icrc.org', 66202069, NULL, 153, 1, '7', '2017-04-24 13:12:10', '4', '2017-04-24 13:16:37'),
(29, 'BOLLORE TRANSPO', 'BOLLORE TRANSPORT ET LOGISTICS', 4, 48, '239B/62 du 02/01/1996', '600001391', 1, 75, 'Rue de BRAZZA', '751', 43, 'tchad-bollore@bollore.com', 22522027, 22522027, 'KOSSI Kombe MBOGO', 'Responsable Informatique', 242, 'S/C de Bolloré', 'mbogo.kossi@bollore.com', 66185989, NULL, 171, 1, '7', '2017-04-26 13:22:06', '4', '2017-04-26 13:26:47'),
(30, 'PETROCHAD', 'PETROCHAD (MANGARA) LIMITED', 4, 38, 'TC/NDJ/11B350', '600006939', 1, 228, '107 Rue Kaltouma NGUEMBANG (3050)', '2929', 43, 'CHADITMANAGERS@GLENCORE.COM', 90893691, 90893691, 'LEPRINCE/BLEYNIE LAURENT', 'IT MANAGER', 75, '107 Rue Kaltouma Nguembang (3050)', 'CHADITMANAGERS@GLENCORE.COM', 90893691, NULL, 173, 1, '6', '2017-04-27 11:46:33', '4', '2017-05-03 12:17:46'),
(31, 'CFE', 'CFE TCHAD SA', 4, 12, 'XXXXXXXXX', '600006118', 1, 18, 'Citée du 1er décembre derièrre le Lycée SACRE COEUR', '6483', 43, 'secretaire1@cfetchad.com', 63900785, 63900785, 'OUASRIH DENIS AHMED', 'Administrateur', 18, 'S/C CFE', 'secretaire1@cfetchad.com', 62934790, NULL, 174, 1, '5', '2017-04-27 12:44:05', '4', '2017-05-03 12:16:13'),
(32, 'AIR FRANCE', 'AIR FRANCE', 4, 48, 'RSERT3652', '600001881', 1, 242, 'Av.charles de gaulles', '33', 43, 'frlecoeuche@airfrance.fr', 66270886, 66270886, 'LECOEURCHE Franck', 'Delegue AIR France', 75, 'Av. Charles De gaulles', 'frlecoeuche@airfrance.fr', 66270886, NULL, 175, 1, '7', '2017-05-02 13:28:03', '4', '2017-05-03 12:14:58'),
(33, 'ECOBANK', 'ECOBANK TCHAD', 4, 11, 'TC-NDJ-7-B-81', '9000000A', 1, 214, 'AVENUE CHARLES DE GAULLE', '87', 43, 'ecobanktd@ecobank.com', 22522375, 22522345, 'GOMEM VALERY', 'RESPONSABLE INFORMATIQUE', 242, 'S/C ECOBANK', 'vgolmem@ecobank.com', 66568761, NULL, 176, 1, '5', '2017-05-03 12:33:34', '4', '2017-05-03 12:48:16'),
(35, 'SOTEC', 'SOTEC', 4, 25, '17B/90', '600001373', 2, 242, 'FARCHA ZONE INDUSTRIEL, N''DJAMENA', '902', 43, 'tjadda@sotec-tchad.com', 66328906, 66328906, 'ALI DJADDA KAMPARD', 'DIRECTEUR GENERAL', 242, 'S/C SOTEC', 'ali@sotec-tchad.com', 66243548, NULL, 208, 1, '5', '2017-05-08 08:03:42', '4', '2017-05-08 08:07:32'),
(36, 'HIAS', 'HIAS', 2, 10, '000000000', '1664GJJ23', 1, 231, 'HIAS-chad, N''djamena rue 30m', '62', 43, 'hiaschad@gmail.com', 63303265, 63303265, 'Joyce  KANJA', 'Chef de Mission', 115, 'S/C HIAS', 'joycekanja@hias.org', 63303265, NULL, 219, 1, '7', '2017-05-10 09:35:25', '4', '2017-05-10 09:38:06'),
(37, 'WVI', 'World Vision International', 2, 10, '0000', '0000frfgyhj', 1, 231, 'Rue du Canal  Ardep-Djoumal', '1108', 43, 'chad@wvi.org', 2147483647, 2147483647, 'DJONFANBE LOUAPAMBE', 'IT MANAGER', 242, 'Rue de canal', 'Djonfanbe-Louapambe@wvi.org', 66294358, NULL, 224, 1, '7', '2017-05-11 08:22:52', '4', '2017-05-11 08:29:15'),
(38, 'CRT', 'CROIX ROUGE DU TCHAD', 2, 39, '134/PR/MSP', '7014927Q', 2, 242, 'AV. BEALOUM KONDOL (N''DJAMENA-TCHAD)', '449', 43, 'crt@croixrougedutchad.org', 66928882, 66928882, 'BONGOR ZAM BARMINAS', 'SECRETAIRE GENERAL', 242, 'S/C CRT', 'barminas2010@gmail.com', 66298882, NULL, 238, 1, '5', '2017-05-12 09:40:32', '4', '2017-05-12 09:42:05'),
(39, 'ACF', 'Action Contre la Faim', 2, 10, '1356HUHII', '5459226598', 1, 242, 'Rue de aeroport rond point globe', '6498', 43, 'logco@td.missions-acf.org', 95005674, 66965964, 'RORY PETERS', 'Responsable de Departement logistique', 228, 'QTIER Residentiel Rue d''Aeroport face Mince ', 'logco@td.missions-acf.org', 95005674, NULL, 296, 1, '7', '2017-05-25 12:06:06', '4', '2017-05-26 07:26:14'),
(40, 'CRS', 'Catholique Relief Services -USCC', 2, 10, '00000', '00000', 1, 231, 'ARDEP-DJOUMAL', '95', 43, 'crschad@crs.org', 22517742, 22517742, 'NINGAM MARIE FLORENCE', 'IT ADMINISTRATIVE OFFICER', 242, 'QTIER ABENA', 'marie.ningam@crs.org', 62901117, NULL, 297, 1, '5', '2017-05-25 13:30:09', '4', '2017-05-26 07:24:10');

-- --------------------------------------------------------

--
-- Table structure for table `prm_anonyme`
--

CREATE TABLE IF NOT EXISTS `prm_anonyme` (
  `id` int(11) NOT NULL AUTO_INCREMENT,
  `titre` varchar(200) DEFAULT NULL,
  `longi` varchar(15) DEFAULT NULL,
  `latit` varchar(15) DEFAULT NULL,
  `technologie` varchar(200) DEFAULT NULL,
  `remarque` varchar(200) DEFAULT NULL,
  `date_visite` date DEFAULT NULL,
  `pj_images` varchar(60) DEFAULT NULL,
  `etat` int(11) DEFAULT '0',
  `creusr` int(11) DEFAULT NULL,
  `credat` timestamp NULL DEFAULT CURRENT_TIMESTAMP,
  `updusr` int(11) DEFAULT NULL,
  `upddat` timestamp NULL DEFAULT NULL,
  PRIMARY KEY (`id`)
) ENGINE=InnoDB  DEFAULT CHARSET=utf8 AUTO_INCREMENT=180 ;

--
-- Dumping data for table `prm_anonyme`
--

INSERT INTO `prm_anonyme` (`id`, `titre`, `longi`, `latit`, `technologie`, `remarque`, `date_visite`, `pj_images`, `etat`, `creusr`, `credat`, `updusr`, `upddat`) VALUES
(18, 'BSIC', '15.038333', '12.122500', 'VSAT', '<p>Station VSAT inconnue installée dans les locaux de <b>BSIC</b> <br></p>', '2017-04-18', '(237)', 1, 1, '2017-04-25 14:11:06', 1, '2017-05-11 13:14:47'),
(19, 'CST Farcha', '15.0017166666', '12.1243028', 'VSAT', '<p>Antenne installée utilisée par le DG.<br></p>', '2017-04-03', NULL, 0, 1, '2017-04-25 14:15:30', 8, '2017-05-16 14:06:24'),
(20, 'CBLT', '15.032780', '12.1171278', 'VSAT', '<p>il y a 3 Vsat dont une fait la reception satellitaire, pas de photo<br></p>', '2017-04-26', NULL, 0, 6, '2017-05-05 08:32:07', NULL, NULL),
(21, 'Almahri Group', '15.05416944	', '12.127825', 'BLR', '<p>pas de photo<br></p>', '2017-05-05', NULL, 0, 6, '2017-05-05 08:34:28', NULL, NULL),
(22, 'Almahri Group', '15.05416944', '12.127825', 'UHF/VHF', '<p>pas de photo<br></p>', '2017-05-05', NULL, 0, 6, '2017-05-05 08:35:10', NULL, NULL),
(23, 'GIMAC', '15.0355556', '12.118889', 'VSAT', '<p>Vsat se trouvant dans le local de BSIC<br></p>', '2017-05-03', NULL, 0, 6, '2017-05-05 08:48:03', NULL, NULL),
(24, 'Focon Télécom', '15.0361', '121162', 'BLR', '<p>Écriteau Fournisseur d’accès et dit être client d''un FAI local <br></p>', '2017-03-31', NULL, 0, 4, '2017-05-05 10:19:16', NULL, NULL),
(25, 'CBLT', '15.032780', '12.1171278', 'VSAT', '<p>IL y a 3 stations VSAT<br></p>', '2017-04-27', NULL, 0, 4, '2017-05-05 09:21:39', NULL, NULL),
(26, 'cours CBT', '15.034411', '12.1157694', 'VSAT', '<p>CBT dit ne pas être le propriétaire de la station VSAT<br></p>', '2017-04-27', NULL, 0, 4, '2017-05-05 09:27:12', NULL, NULL),
(27, 'BEAC', '15.037077', '12.1137167', 'VSAT', '<p>Ne figure pas sur la liste des permissionnaires<br></p>', '2017-05-05', NULL, 0, 4, '2017-05-05 09:31:07', NULL, NULL),
(28, 'BEAC', '15.037077', '12.1137167', 'BLR', '<p>Ne figure pas sur la liste<br></p>', '2017-05-05', NULL, 0, 4, '2017-05-05 09:32:31', NULL, NULL),
(31, 'GIM MAC2', '15.034411', '12.1157694', 'VSAT', '<p>pas de photo,<br></p>', '2017-04-26', NULL, 0, 5, '2017-05-05 09:41:58', NULL, NULL),
(32, 'HAUTE COURS DE JUSTICE CEMAC', '15.0346138', '12.1163472', 'VSAT', '<p>pas de photo<br></p>', '2017-04-26', NULL, 0, 5, '2017-05-05 09:50:20', NULL, NULL),
(33, 'Ambassade Turquie', '15.037966', '12.1157167', 'VSAT', '<p>pas de photo<br></p>', '2017-05-03', NULL, 0, 5, '2017-05-05 09:52:27', NULL, NULL),
(34, 'Cyber Abtouyour', '15.0361	', '12.1162', 'VSAT', '<p>ils sont signalés que leurs Vsat est arrêt et qu''ils ont pris la connexion avec Miracle Télécom<br></p>', '2017-04-25', NULL, 0, 5, '2017-05-05 09:56:23', NULL, NULL),
(35, 'Bureau Ambassade de USA', '15.04045	', '12.1175306', 'VSAT', '<p>pas de photo<br></p>', '2017-04-27', NULL, 0, 5, '2017-05-05 10:03:42', NULL, NULL),
(36, 'MCT Tobacco', '15.0333820', '12.123923', 'VSAT', '<p>pas de photo<br></p>', '2017-05-08', NULL, 0, 6, '2017-05-08 12:02:51', NULL, NULL),
(37, 'MCT Tobacco', '15.033820', '12.123923', 'BLR', '<p>pas de photo<br></p>', '2017-05-08', NULL, 0, 6, '2017-05-08 12:03:30', NULL, NULL),
(38, 'MCT Tobacco', '15.033820', '12.123923', 'UHF/VHF', '<p>pas de photo<br></p>', '2017-05-08', NULL, 0, 6, '2017-05-08 12:04:06', NULL, NULL),
(39, 'MSF France', '15.03605', '12.1261028', 'VSAT', '<p>permissionnaire sans reponse deposé depuis 14/03/2017<br></p>', '2017-05-08', NULL, 0, 6, '2017-05-08 12:05:49', NULL, NULL),
(40, 'MSF France', '15.03605', '12.1261028', 'UHF/VHF', '<p>permissionnaire sans reponse deposé depuis 14/03/2017, on ne sait pas s''ils ont de BLR<br></p>', '2017-05-08', NULL, 0, 6, '2017-05-08 12:06:47', NULL, NULL),
(41, 'BANQUE MONDIALE', '15.037516', '12.115794', 'VSAT', '<p>permissionnaire sans reponse deposé depuis 16/03/2017.<br></p>', '2017-05-08', NULL, 0, 6, '2017-05-08 12:07:59', NULL, NULL),
(42, 'CHAD INDUSTRY COMPANY', '15.049908', '12.1070528', 'VSAT', '<p>permissionnaire sans réponse, fiches&nbsp; déposées depuis le 21/03/2017<br></p>', '2017-05-08', NULL, 0, 6, '2017-05-08 12:17:24', NULL, NULL),
(43, 'TRACTAFRIC', '15.12841111', '12.224483', 'VSAT', '<p>permissionnaire sans réponse, fiche deposé depuis le 16/03/2017<br></p>', '2017-05-08', NULL, 0, 6, '2017-05-08 12:19:02', NULL, NULL),
(44, 'PRAJUST', '15.12841111', '12.224483', 'VSAT', '<p>Permissionnaire sans réponse, déposé depuis le 21/03/2017<br></p>', '2017-05-08', NULL, 0, 6, '2017-05-08 12:22:15', NULL, NULL),
(45, 'ALBATHA CYBER', '15.035258', '12.117861', 'VSAT', '<p>permissionnaire sans reponse, fiche déposé depuis le 21/03/2017<br></p>', '2017-05-08', NULL, 0, 6, '2017-05-08 12:29:11', NULL, NULL),
(46, 'ALBATHA CYBER', '15.035258', '12.117861', 'BLR', '<p>permissionnaire sans reponse, fiche déposé depuis le 21/03/2017<br></p>', '2017-05-08', NULL, 0, 6, '2017-05-08 12:30:49', NULL, NULL),
(47, 'DSS', '15.043617', '12.108372', 'UHF/VHF', '<p>permissionnaire sans reponse, fiche déposé depuis le 22/03/2017<br></p>', '2017-05-08', NULL, 0, 6, '2017-05-08 12:31:41', NULL, NULL),
(48, 'COOP GARDE', '15.052911', '12.1021861', 'UHF/VHF', '<p>permissionnaire sans reponse, fiche deposé depuis le 03/04/2017<br></p>', '2017-05-08', NULL, 0, 6, '2017-05-08 13:19:45', NULL, NULL),
(49, 'BUREAU EMBASSADE USA', '15.04045	', '12.1175306', 'VSAT', '<p>pas de photo, acces interdit<br></p>', '2017-05-08', NULL, 0, 6, '2017-05-08 13:38:06', NULL, NULL),
(50, 'BUREAU EMBASSY USA', '15.04045', '12.1175306', 'BLR', '<p>pas de photo<br></p>', '2017-05-08', NULL, 0, 6, '2017-05-08 13:39:11', NULL, NULL),
(51, 'BUREAU USA EMBASSY', '15.04045', '12.1175306', 'UHF/VHF', '<p>Pas de photo accès interdit<br></p>', '2017-05-08', NULL, 0, 6, '2017-05-08 13:40:07', NULL, NULL),
(52, 'TCHAD EVASION', '15.03389	', '12.12417', 'BLR', '<p>ils sont un client de Prestabist, ils ont deux liaison BLR<br></p>', '2017-05-08', '(215,216)', 0, 6, '2017-05-08 13:43:39', NULL, NULL),
(53, 'FLY ART', '15.0361	', '12.1162', 'VSAT', '<p>ils disent que la Vsat ne fonctionne pas. qu''ils ont une liaison avec Tigo<br></p>', '2017-05-08', NULL, 0, 6, '2017-05-08 13:51:06', NULL, NULL),
(54, 'SOS INTERNATIONALE', '15.041425	', '12.1200278', 'BLR', '<p>ils ont deux liaisons BLR dans leurs appartements, ils sont un client de Prestabist<br></p>', '2017-05-08', NULL, 0, 6, '2017-05-08 13:57:34', NULL, NULL),
(55, 'PRESTABIST', '15.043894', '12.1145194', 'VSAT', '<p>pas de photo, deux Vsat observé dans la cours, fiche deposé depuis le 13/04/2017.<br></p>', '2017-05-08', NULL, 0, 6, '2017-05-08 14:08:49', NULL, NULL),
(56, 'PRESTABIST', '15.043894', '12.1145194', 'BLR', '<p>permissionnaires sans réponse, fiche déposé depuis le 13/04/2017, ils ont plusieurs liaisons BLR<br></p>', '2017-05-08', NULL, 0, 6, '2017-05-08 14:10:48', NULL, NULL),
(57, 'DIRECTION GENERALE DE LA DOUANE', '15.065556', '12.088889', 'BLR', '<p>Pas de photos du sites<br></p>', '2017-05-09', NULL, 0, 5, '2017-05-09 12:47:07', NULL, NULL),
(58, 'FONAP', '15.055833', '12.097222', 'VSAT', '<p>Pas de photos du site</p><p>Non permissionaire&nbsp;</p>', '2017-05-09', NULL, 0, 5, '2017-05-09 12:48:38', 1, '2017-05-09 15:34:44'),
(59, 'DIRECTION GENERALE DE LA DOUANE', '15.065556', '12.88889', 'UHF/VHF', '<p>Pas de photos du site<br></p>', '2017-05-09', NULL, 0, 5, '2017-05-09 12:49:49', NULL, NULL),
(60, 'CYBER TCHAD TECHNOLOGIE', '15.055278', '12.097222', 'VSAT', '<p>Hors état de service<br></p>', '2017-05-09', '(217)', 0, 5, '2017-05-09 12:52:52', NULL, NULL),
(61, 'MEDIA SCAN', '15.0503694444', '12.1265611', 'BLR', '<p>Plusieurs antennes BLR sur le toit<br></p>', '2017-05-09', NULL, 0, 4, '2017-05-09 13:01:46', NULL, NULL),
(62, 'VOISIN HIASS', '15.055278', '121.131245', 'BLR', '<p>Structure inconnue<br></p>', '2017-05-09', '(218)', 0, 5, '2017-05-09 13:02:45', NULL, NULL),
(63, 'Parage centre culturel Charles Lwanga', '15.068438888', '12.1017278', 'BLR', '<p>Non permissionnaire et possède plusieurs BLR<br></p>', '2017-05-10', NULL, 0, 4, '2017-05-10 09:22:24', 4, '2017-05-12 09:25:11'),
(64, 'FOSAP', '15.0727694444', '12.1025', 'VSAT', '<p>Non permissionnaire il y a une station VSAT<br></p>', '2017-05-10', NULL, 0, 4, '2017-05-10 09:25:05', NULL, NULL),
(65, 'ONAPE', '15.0404694444', '12.1167972', 'VSAT', '<p>NON PERMISSIONNAIRE<br></p>', '2017-05-10', NULL, 0, 4, '2017-05-10 09:40:09', NULL, NULL),
(66, 'ONAPE', '15.0404694444', '12.1167972', 'BLR', '<p>NON PERMISSIONNAIRE<br></p>', '2017-05-10', NULL, 0, 4, '2017-05-10 09:41:20', NULL, NULL),
(67, 'PROQEB', '15.0745932609', '12.0972731376', 'VSAT', '<p>Non permissionnaire<br></p>', '2017-05-10', NULL, 0, 4, '2017-05-11 09:47:14', NULL, NULL),
(68, 'Cité de l''Union Africaine', '15.0698108822', '12.0901761640', 'VSAT', '<p>Il y a une station active <br></p>', '2017-05-10', NULL, 0, 4, '2017-05-11 09:52:24', NULL, NULL),
(69, 'Poste de Pari à Moursal', '15.0738', '12.1007389', 'VSAT', '<p>Point de jeux connecté via vsat non identifié<br></p>', '2017-05-10', NULL, 0, 4, '2017-05-11 10:10:00', NULL, NULL),
(70, 'Ministère du Plan', '15.0434027777', '12.1058667', 'VSAT', '<p>Non permissionnaire<br></p>', '2017-05-10', NULL, 0, 4, '2017-05-11 10:13:01', NULL, NULL),
(71, 'Ministère du Plan', '15.0434027777', '12.1058667', 'BLR', '<p>BLR visible<br></p>', '2017-05-10', NULL, 0, 4, '2017-05-11 10:14:44', NULL, NULL),
(72, 'Particulier', '15.06327874', '12.0917452426', 'BLR', '<p>BLR <br></p>', '2017-05-10', NULL, 0, 4, '2017-05-11 10:16:43', NULL, NULL),
(73, 'Ministère de la Communication', '15.05894166', '12.0940861', 'VSAT', '<p>Non permissionnaire<br></p>', '2017-05-10', NULL, 0, 4, '2017-05-11 10:18:23', NULL, NULL),
(74, 'Ministère de la Communication', '15.05894166', '12.0940861', 'BLR', '<p>BLR <br></p>', '2017-05-10', NULL, 0, 4, '2017-05-11 10:19:49', NULL, NULL),
(75, 'Maison de la Culture Baba Moustafa', '15.050922222', '12.1015917', 'VSAT', '<p>NON PERMISSIONNAIRE<br></p>', '2017-05-10', NULL, 0, 4, '2017-05-11 10:21:20', NULL, NULL),
(76, 'Rectorat de l''Université de N''Djamena', '15.0538858473', '12.1000066199', 'VSAT', '<p>Non permissionnaire<br></p>', '2017-05-10', NULL, 0, 4, '2017-05-11 10:23:53', NULL, NULL),
(77, 'Hopital Général de Reférence Nationale', '15.04670833', '12.10515', 'VSAT', '<p>Non permissionnaire<br></p>', '2017-05-10', NULL, 0, 4, '2017-05-11 10:25:39', NULL, NULL),
(78, 'Hopital Général de Réference Nationale', '15.04670833', '12.10515', 'UHF/VHF', '<p>Dispose d''une installation VHF et ne figure pas sur la liste des permissionnaires<br></p>', '2017-05-10', NULL, 0, 4, '2017-05-11 10:27:41', NULL, NULL),
(79, 'ASIA Hotel', '15.0434638888', '12.1078722', 'VSAT', '<p>Station VSAT non permissionnaire<br></p>', '2017-05-10', NULL, 0, 4, '2017-05-11 10:35:25', NULL, NULL),
(80, 'Inconnu a SABANGALI', '15.060951', '12.09231192', 'BLR', 'RAS', '2017-05-11', NULL, 0, 6, '2017-05-12 07:59:06', NULL, NULL),
(81, 'Bureau de l''ambassade de USA', '15.06151212', '12.09256632', 'BLR', '<p>RAS<br></p>', '2017-05-11', NULL, 0, 6, '2017-05-12 08:00:18', NULL, NULL),
(82, 'Inconnu a SABANGALI', '15.059444', '12.091389', 'BLR', '<p>c''est pour un particulier, la liaison est orienté vers le fleuve<br></p>', '2017-05-11', NULL, 0, 6, '2017-05-12 08:02:43', NULL, NULL),
(83, 'UPS', '15.041427', '12.109159', 'BLR', '<p>la liaison se trouve au quartier Djambal bahr<br></p>', '2017-05-11', NULL, 0, 6, '2017-05-12 08:03:43', NULL, NULL),
(84, 'Inconnu prés de UPS', '15.041462', '12.109046', 'BLR', '<p>c''est pour un particulier<br></p>', '2017-05-11', NULL, 0, 6, '2017-05-12 08:05:46', NULL, NULL),
(85, 'FEW NET', '15.04158', '12.109335', 'BLR', '<p>la liaison se trouve au quartier Djambal Bahr<br></p>', '2017-05-11', NULL, 0, 6, '2017-05-12 08:08:14', NULL, NULL),
(86, 'BLT', '15.043549', '12.112241', 'BLR', '<p>la liaison est situé au quartier djambal bahr<br></p>', '2017-05-11', NULL, 0, 6, '2017-05-12 08:09:46', NULL, NULL),
(87, 'AFRIQUE INGENIERIE', '15.04347', '12.108099', 'BLR', '<p>Quartier djambal bahr<br></p>', '2017-05-11', NULL, 0, 6, '2017-05-12 08:12:13', NULL, NULL),
(88, 'inconnu à DJAMBAL BAHR', '15.045732', '12.110429', 'BLR', '<p>c''est pour un particulier à DJAMBAL BAHR<br></p>', '2017-05-11', NULL, 0, 6, '2017-05-12 08:13:53', NULL, NULL),
(89, 'INCONNU EN FACE DE ORABANK', '15.043707', '12.109626', 'BLR', '<p>Quartier Djambal Bahr<br></p>', '2017-05-11', NULL, 0, 6, '2017-05-12 08:30:19', NULL, NULL),
(90, 'TTE TRANSIT TRANSPORT EXPORT', '15.044584', '12.110169', 'BLR', '<p>quartier djambal Bahr<br></p>', '2017-05-11', NULL, 0, 6, '2017-05-12 08:49:54', NULL, NULL),
(91, 'EMPLOI SERVICE', '15.046507', '12.110644', 'BLR', '<p>Quartier Djambal Bahr<br></p>', '2017-05-11', NULL, 0, 6, '2017-05-12 08:50:50', NULL, NULL),
(92, 'INCONNU PRÊT DE EMPLOI SERVICE', '15.046667', '12.110556', 'BLR', '<p>pour un Particulier<br></p>', '2017-05-12', NULL, 0, 6, '2017-05-12 08:59:11', NULL, NULL),
(93, 'CYBER SIFCOM', '15.045834', '12.110556', 'BLR', '<p>il y a 2 a 3 liaisons BLR<br></p>', '2017-05-12', NULL, 0, 6, '2017-05-12 09:00:16', NULL, NULL),
(94, 'INCONNU A DJAMBAL BAHR', '15.042303', '12.109801', 'BLR', '<p>Quartier Djambal bahr<br></p>', '2017-05-12', NULL, 0, 6, '2017-05-12 09:02:02', 4, '2017-05-12 09:04:00'),
(95, 'GEM TECHNOLOGIE', '15.040641', '12.110227', 'BLR', '<p>Pusierus liaison BLR<br></p>', '2017-05-12', NULL, 0, 6, '2017-05-12 09:02:53', NULL, NULL),
(96, 'GLOBAL PETROLIUM', '15.034279', '12.117934', 'VSAT', '<p>au centre ville derière TIGO<br></p>', '2017-05-12', NULL, 0, 6, '2017-05-12 09:04:16', NULL, NULL),
(97, 'GLOBAL PETROLIUM', '15.034279', '12.117934', 'BLR', '<p>Ils ont plusieurs liaisons BLR collé au Ministère du poste et telecom<br></p>', '2017-05-12', NULL, 0, 6, '2017-05-12 09:05:59', 7, '2017-05-16 12:02:08'),
(98, 'MEIG', '15.032333', '12.1234306', 'VSAT', '<p><br></p><p>C ''est bon.<br></p><p><br></p>', '2017-05-15', '(255)', 0, 6, '2017-05-15 13:32:22', 7, '2017-05-16 12:01:22'),
(99, 'MEIG', '15.032333', '12.1234306', 'BLR', '<p><br></p><p>C ''est bon.<br></p><p><br></p>', '2017-05-15', '(254)', 0, 6, '2017-05-15 13:34:48', 7, '2017-05-16 11:59:27'),
(100, 'Alimentation Generale AG', '15.032614', '12.1232638', 'BLR', '<p><br></p><p>C ''est bon.<br></p><p><br></p>', '2017-05-15', '(253)', 0, 6, '2017-05-15 13:36:14', 7, '2017-05-16 11:58:16'),
(101, 'SATGURU', '15.036251', '12.115254', 'BLR', '<p><br></p><p>C ''est bon.<br></p><p><br></p>', '2017-05-15', '(252)', 0, 6, '2017-05-15 13:41:02', 7, '2017-05-16 11:56:38'),
(102, 'AGENCE DE VOYAGE ET TOURISME', '15.03611773', '12.114578', 'BLR', '<p><br></p><p>C ''est bon.<br></p><p><br></p>', '2017-05-15', '(251)', 0, 6, '2017-05-15 13:42:49', 7, '2017-05-16 11:54:53'),
(103, 'CANAL PLUS', '15.035951', '12.119722', 'VSAT', '<p><br></p><p>C ''est bon.<br></p><p><br></p>', '2017-05-15', '(250)', 0, 6, '2017-05-15 13:44:00', 7, '2017-05-16 11:52:59'),
(104, 'CNAR', '15.034686', '12.1233584', 'VSAT', '<p><br></p><p>C ''est bon.<br></p><p><br></p>', '2017-05-15', '(249)', 0, 6, '2017-05-15 13:45:06', 7, '2017-05-16 11:51:17'),
(105, 'CNAR', '15.034686', '12.1233584', 'BLR', '<p><br></p><p>C ''est bon.<br></p><p><br></p>', '2017-05-15', '(248)', 0, 6, '2017-05-15 13:46:08', 7, '2017-05-16 11:49:10'),
(106, 'DIR.GEN.METEOROLOGIE NATIONALE', ' 15.03665417', '12.12562400', 'VSAT', '<p><br></p><p>C ''est bon.<br></p><p><br></p>', '2017-05-15', '(247)', 0, 6, '2017-05-15 13:48:13', 7, '2017-05-16 11:47:33'),
(107, 'INCONNUE A COTE QUICK PRESSING', '15.045172', '12.128111', 'BLR', '<p>photo a traite<br></p>', '2017-05-15', NULL, 0, 7, '2017-05-16 11:27:55', NULL, NULL),
(108, 'INCONNUE A COTE DE L''AMBSD.ARAB.SAOUDITE', '15.044172', '12.129772', 'BLR', '<p>Cest bon.<br></p>', '2017-05-15', '(239)', 0, 7, '2017-05-16 11:31:24', NULL, NULL),
(109, 'OPTIQUE VICTOIRE', '15.036070', '12.11463', 'BLR', '<p>C ''est bon.<br></p>', '2017-05-15', '(240)', 0, 7, '2017-05-16 11:32:56', NULL, NULL),
(110, 'INCONNUE A COTE AG', '15.032941', '12.123674', 'BLR', '<p><br></p><p>C ''est bon.<br></p><p><br></p>', '2017-05-15', '(241)', 0, 7, '2017-05-16 11:35:05', NULL, NULL),
(111, ' AMBASSADE ARABIE SAOUDITE ', '15.544419', '12.129332', 'VSAT', '<p><br></p><p>C ''est bon.<br></p><p><br></p>', '2017-05-15', '(242)', 0, 7, '2017-05-16 11:36:49', NULL, NULL),
(112, 'MAIBA AIRWAYS', '15.036386', '12.114627', 'BLR', '<p><br></p><p>C ''est bon.<br></p><p><br></p>', '2017-05-15', '(243)', 0, 7, '2017-05-16 11:38:17', NULL, NULL),
(113, 'AMBASSADE ARABIE SAOUDITE', '15.044419', '12.129332', 'BLR', '<p><br></p><p>C ''est bon.<br></p><p><br></p>', '2017-05-15', '(244)', 0, 7, '2017-05-16 11:41:27', NULL, NULL),
(114, 'CANAL +', '15.035951', '12.119722', 'BLR', '<p><br></p><p>C ''est bon.<br></p><p><br></p>', '2017-05-15', '(245)', 0, 7, '2017-05-16 11:43:00', NULL, NULL),
(115, 'CHINOIS MIEG', '15.032333', '12.123430', 'BLR', '<p><br></p><p>C ''est bon.<br></p><p><br></p>', '2017-05-15', '(246)', 0, 7, '2017-05-16 11:44:45', NULL, NULL),
(116, 'MG Group', '15.105972424171', '12.091539535434', 'BLR', '<p>BLR point à point<br></p>', '2017-05-17', NULL, 0, 4, '2017-05-17 13:12:50', NULL, NULL),
(117, 'INCONNUE', '14.984446', '12.129559', 'BLR', '<p>En face de PNUD à Farcha<br></p>', '2017-05-17', '(263)', 0, 5, '2017-05-17 13:31:06', 5, '2017-05-17 13:48:50'),
(118, 'PNUD', '14.984621', '12.128754', 'BLR', '<p>Présence certain de VSAT non visualisé<br></p>', '2017-05-17', '(257)', 0, 5, '2017-05-17 13:35:10', NULL, NULL),
(119, 'INCONNUE', '14.975496', '12.117737', 'BLR', '<p>Sur grand pylône. FARCHA<br></p>', '2017-05-17', '(261)', 0, 5, '2017-05-17 13:39:19', 5, '2017-05-17 13:47:28'),
(120, 'INCONNUE PARTICULIER', '14.975418', '12.117921', 'BLR', '<p>rien à signalé. FARCHA<br></p>', '2017-05-17', '(262)', 0, 5, '2017-05-17 13:44:00', 5, '2017-05-17 13:48:06'),
(121, 'ENTREPRISE CHINOI INCONNUE', '14.978875', '12.115493', 'BLR', '<p>Rien à signalé. FARCHA<br></p>', '2017-05-17', '(260)', 0, 5, '2017-05-17 13:46:45', NULL, NULL),
(122, 'INCONNUE', '14.980994', '12.115765', 'BLR', '<p>Rien à signalé. FARCHA<br></p>', '2017-05-17', NULL, 0, 5, '2017-05-17 13:53:16', NULL, NULL),
(123, 'INCONNUE', '15.040724', '12.120223', 'UHF/VHF', '<p>Derrière ESSO<br></p>', '2017-05-17', '(265)', 0, 5, '2017-05-17 13:57:54', 5, '2017-05-18 12:45:37'),
(124, 'INCONNUE ', '15.040966', '12.120806', 'BLR', '<p>Derrière ESSO<br></p>', '2017-05-17', '(266)', 0, 5, '2017-05-18 12:51:44', NULL, NULL),
(125, 'INCONNUE', '15.04244', '12.121959', 'BLR', '<p>Derrière OPIC<br></p>', '2017-05-17', '(267)', 0, 5, '2017-05-18 12:54:10', NULL, NULL),
(126, 'INCONNUE', '15.04277', '12.121539', 'BLR', '<p>A coté de OPIC<br></p>', '2017-05-17', '(268)', 0, 5, '2017-05-18 12:55:55', NULL, NULL),
(127, 'INCONNUE', '15.043895', '12.12422', 'BLR', '<p>A cote de GREAT WALL<br></p>', '2017-05-17', '(269)', 0, 5, '2017-05-18 12:57:38', NULL, NULL),
(128, 'INCONNUE', '15.043806', '12.124139', 'BLR', '<p>Pres de GREAT WALL<br></p>', '2017-05-17', '(270)', 0, 5, '2017-05-18 13:00:21', NULL, NULL),
(129, 'APLFT', '15.087478', '12.094966', 'BLR', '<p>Derrière Ambassade des USA Chagoua<br></p>', '2017-05-18', '(271)', 0, 5, '2017-05-19 09:58:56', NULL, NULL),
(130, 'INCONNUE', '15.087258', '12.091221', 'BLR', 'Bâtiment coller à FM Liberté Chagoua<br>', '2017-05-18', '(272)', 0, 5, '2017-05-19 10:01:24', NULL, NULL),
(131, 'Express Union', '15.059503', '12.092013', 'VSAT', '<p>Bâtiment un peu derrière la Direction de Douane<br></p>', '2017-05-18', '(273)', 0, 5, '2017-05-19 10:04:10', NULL, NULL),
(132, 'INCONNUE', '15.059503', '12.092013', 'BLR', '<p>Dans même Bâtiment de Express Union Derrière la Direction de la Douane<br></p>', '2017-05-18', '(274)', 0, 5, '2017-05-19 10:07:02', NULL, NULL),
(133, 'HOTEL VITELLA PALACE', '15.116875', '12.09211', 'BLR', '<p>GASSI<br></p>', '2017-05-18', '(275)', 0, 5, '2017-05-19 10:11:51', NULL, NULL),
(134, 'ISTD', '15.13095', '12.089978', 'BLR', '<p>Deux BLR sur même pylône<br></p>', '2017-05-18', '(276)', 0, 5, '2017-05-19 10:14:01', NULL, NULL),
(135, 'MG GROUP', '15.106039', '12.091727', 'BLR', '<p>Pres de du pylône de ARCEP double voie<br></p>', '2017-05-18', '(277)', 0, 5, '2017-05-19 10:17:16', NULL, NULL),
(136, 'ALLIANCE BIBLIQUE', '15.097397', '12.09111', 'BLR', '<p>CHAGOUA II, PRES DES C.A7<br></p>', '2017-05-19', NULL, 0, 5, '2017-05-22 07:34:46', NULL, NULL),
(137, 'CYBER', '15.097485', '12.090691', 'BLR', '<p>FACE ALLIANCE BIBLIQUE<br></p>', '2017-05-19', '(278)', 0, 5, '2017-05-22 07:41:00', NULL, NULL),
(138, 'PROGRAMME ALIMENTAIRE MONDIALE', '15.089685', '12.092013', 'BLR', '<p>Possibilité de Vsat<br></p>', '2017-05-19', '(279)', 0, 5, '2017-05-22 07:49:06', NULL, NULL),
(139, 'SHERABELLE', '15.105604', '12.091758', 'BLR', '<p>Pres de Double voie<br></p>', '2017-05-19', '(280)', 0, 5, '2017-05-22 07:52:34', NULL, NULL),
(140, 'INCONNU', '15.087306', '12.094937', 'BLR', '<p>Pres de APLFT derrière ambassade USA<br></p>', '2017-05-19', '(281)', 0, 5, '2017-05-22 08:48:12', NULL, NULL),
(141, 'PARTICULIER', '15.086609', '12.09523628', 'BLR', '<p>Pres de APLFT derrière ambassade USA<br></p>', '2017-05-19', '(282)', 0, 5, '2017-05-22 08:53:54', NULL, NULL),
(142, 'DIRECTION STATISTIQUE DE LA PRODUCTION AGRICOLE', '15.036143', '12.119779', 'VSAT', '<p>Face BSIC<br></p>', '2017-05-22', '(289)', 0, 5, '2017-05-22 14:10:40', NULL, NULL),
(143, 'CONSULTING AFRICA TCHAD', '15.035883', '12.119779', 'VSAT', '<p>Dans cours de STAR NATIONALE tout au fond derrière AIR FRANCE<br></p>', '2017-05-22', '(290)', 0, 5, '2017-05-22 14:13:46', NULL, NULL),
(144, 'DIRECTION DES STATISTIQUES DE LA PRODUCTION AGRICOLE', '12.11975613', '15.036143', 'BLR', '<p>Face BSIC<br></p>', '2017-05-22', '(291)', 0, 5, '2017-05-23 08:37:20', NULL, NULL),
(145, 'INCONNUE DANS COURS DE STAR NATIONALE', '15.035697', '12.119708', 'BLR', '<p>Dans cours de STAR NATIONAL derrière AIR FRANCE</p><p><br></p>', '2017-05-22', '(292)', 0, 5, '2017-05-23 08:48:23', NULL, NULL),
(146, 'INCONNUE PRES DE AFRICA CONSULTING', '15.035696', '12.119708', 'BLR', '<p>Cours de STAR NATIONAL prés de AFRICA CONSULTING<br></p>', '2017-05-22', '(293)', 0, 5, '2017-05-23 09:06:14', NULL, NULL),
(147, 'INCONNUE ', '15.035448', '12.119648', 'BLR', '<p>Cour de STAR NATIONAL<br></p>', '2017-05-22', '(294)', 0, 5, '2017-05-23 09:16:14', NULL, NULL),
(148, 'INCONNUE', '15.0347802', '12.11985316', 'BLR', '<p>Dans cours de STAR NATIONAL<br></p>', '2017-05-23', '(295)', 0, 5, '2017-05-23 09:38:07', NULL, NULL),
(149, 'BLR inconnu a cote de MSF SUISSE', '15.03255', '12.124802', 'BLR', '<p>INCONNU<br></p>', '2017-05-29', '(301)', 0, 7, '2017-05-29 15:00:49', NULL, NULL),
(150, 'BLR a cote de MSF SUISSE', '15.034886', '12.124886', 'BLR', '<p>Inconnu</p><p><br></p>', '2017-05-29', '(302)', 0, 7, '2017-05-29 15:03:40', NULL, NULL),
(151, 'Albidey groupe investissement', '15.047844', '12.10966', 'BLR', '<p>albidey groupe<br></p>', '2017-05-29', '(303)', 0, 7, '2017-05-29 15:07:51', NULL, NULL),
(152, 'peschaud', '15.031622', '12.123081', 'VSAT', '<p>peschaud<br></p>', '2017-05-29', '(304)', 0, 7, '2017-05-29 15:10:25', NULL, NULL),
(153, 'blr pharmacie du centre', '15.045398', '12.123081', 'BLR', '<p>photo<br></p>', '2017-05-29', '(305)', 0, 7, '2017-05-29 15:13:34', NULL, NULL),
(154, 'pharmacie EGUNI BLR', '15.047844', '12.10966', 'BLR', '<p>eguni<br></p>', '2017-05-29', '(306)', 0, 7, '2017-05-29 15:16:37', NULL, NULL),
(155, ' ministere de A.E.I.A', '15.048311', '12.10741', 'VSAT', '<p>MINISTERE DE A.E.I.A<br></p>', '2017-05-29', '(307)', 0, 7, '2017-05-29 15:20:46', NULL, NULL),
(156, 'BLR gd marche a cote de l''alimentation carrefoure', '15.051529', '12.1052946', 'BLR', '<p>blr gd marché<br></p>', '2017-05-29', '(308)', 0, 7, '2017-05-29 15:25:49', NULL, NULL),
(157, 'convention pour la democratie federalisme', '15.06924033', '12.101989', 'BLR', '<p>convention pour la démocratie federalisme <br></p>', '2017-05-29', '(309)', 0, 7, '2017-05-30 07:36:22', NULL, NULL),
(158, 'Blr inconnu a Moursal', '15.073220', '12.101989', 'BLR', '<p>moursal<br></p>', '2017-05-29', '(310)', 0, 7, '2017-05-30 07:46:42', NULL, NULL),
(159, 'station de service de moursal', '15.072335', '12.1010386', 'BLR', '<p>station de service de moursal<br></p>', '2017-05-29', '(311)', 0, 7, '2017-05-30 08:03:05', NULL, NULL),
(160, 'cyber a cote de station service moursale', '15.071949', '12.1008288', 'BLR', '<p>cyber a cote de station service a moursal<br></p>', '2017-05-29', '(312)', 0, 7, '2017-05-30 08:08:15', NULL, NULL),
(161, 'Blr inconnu a moursal', '15.070841', '12.097914', 'BLR', '<p>Blr inconnu a moursal<br></p>', '2017-05-31', '(313)', 0, 7, '2017-05-30 08:17:50', NULL, NULL),
(162, 'Blr a cote de programme de lutte contre SIDA', '15.178308', '12.1073874', 'BLR', '<p>Blr a cote de programme de lutte contre SIDA<br></p>', '2017-05-29', '(314)', 0, 7, '2017-05-30 08:21:30', NULL, NULL),
(163, 'Blr  de programme de lutte contre SIDA', '15077772', '12.10719', 'BLR', '<p>Blr&nbsp; de programme de lutte contre SIDA<br></p>', '2017-05-29', '(315)', 0, 7, '2017-05-30 08:23:49', NULL, NULL),
(164, 'winer technologie cyber ', '15.077354', '12.1073963', 'BLR', '<p>winer technologie cyber <br><br></p>', '2017-05-29', '(316)', 0, 7, '2017-05-30 08:26:18', NULL, NULL),
(165, 'SNE DEMBE', '15.080874', '12.1073963', 'BLR', '<p>SNE DEMBE<br></p>', '2017-05-29', '(317)', 0, 7, '2017-05-30 08:29:55', NULL, NULL),
(166, 'Blr QUIFEROU', '15.073137', '12.1073926', 'BLR', '<p>Blr QUIFEROU<br></p>', '2017-05-29', '(318)', 0, 7, '2017-05-30 08:33:10', NULL, NULL),
(167, 'Blr de l''hotel a cote de sotel gredia', '15.071469', '12.108551', 'BLR', '<p>Blr de l''hotel a cote de sotel gredia<br></p>', '2017-05-29', '(319)', 0, 7, '2017-05-30 08:37:42', NULL, NULL),
(168, 'blr projet SEDIGUE', '15.053281', '12.133061', 'BLR', '<p>blr projet SEDIGUE<br></p>', '2017-05-29', '(320)', 0, 7, '2017-05-31 08:37:15', NULL, NULL),
(169, 'cyber high-tech', '15.059844', '12.1429', 'BLR', '<p>cyber high-tech<br></p>', '2017-05-29', '(321)', 0, 7, '2017-05-31 08:39:52', NULL, NULL),
(170, 'Agence des Musulmans d''Afrique Bureau du tchad ', '15.054722', '12.132222', 'BLR', '<p>Agence des Musulmans d''Afrique Bureau du tchad <br><br></p>', '2017-05-29', '(322)', 0, 7, '2017-05-31 08:44:15', NULL, NULL),
(171, 'Blr inconnu 10eme arrondissement', '15.043503', '12.166486', 'BLR', '<p>Blr inconnu 10eme arrondissement<br></p>', '2017-05-29', '(323)', 0, 7, '2017-05-31 08:48:37', NULL, NULL),
(172, 'AGENCE EXPRESS UNION WALIA', '15.10115459', '12.0755672', 'VSAT', '<p>WALIA après le 1er rond point en allant à guelendeng<br></p>', '2017-05-31', '(324)', 0, 5, '2017-05-31 13:45:45', NULL, NULL),
(173, 'CHU BON SAMARITAIN', '15.08466303', '12.08138517', 'VSAT', '<p>WALIA derrière l’enceint pont<br></p>', '2017-05-31', '(325)', 0, 5, '2017-05-31 13:48:19', NULL, NULL),
(174, 'COUVENT PRETRE DE WALIA', '15.10234415', '12.08062353', 'VSAT', '<p>Pas de photos du site<br></p>', '2017-05-31', NULL, 0, 5, '2017-05-31 14:06:45', NULL, NULL),
(175, 'BOUTIQUE BEING SPORT', '15.05016714', '12.11528119', 'BLR', 'Non loin de SNE<br>', '2017-05-31', '(326)', 0, 5, '2017-05-31 14:14:04', NULL, NULL),
(176, 'INCONNU PLACE DE LA NATION', '15.04155054', '12.11590908', 'BLR', '<p>Derrière place de la nation<br></p>', '2017-06-01', '(327)', 0, 5, '2017-06-01 11:38:52', NULL, NULL),
(177, 'INCONNU', '15.04233847', '12.11976662', 'BLR', '<p>Derrière PRESTABIST<br></p>', '2017-06-01', '(328)', 0, 5, '2017-06-01 11:40:44', NULL, NULL),
(178, 'INCONNU', '15.09911209', '12.091614', 'BLR', '<p>Derrière JIMMY CARTER<br></p>', '2017-06-01', '(329)', 0, 5, '2017-06-01 11:43:19', NULL, NULL),
(179, 'INCONNU', '15.04233847', '12.11076893', 'BLR', '<p>Rien à signaler<br></p>', '2017-06-01', '(330)', 0, 5, '2017-06-01 11:45:39', NULL, NULL);

-- --------------------------------------------------------

--
-- Table structure for table `ref_categ_prm`
--

CREATE TABLE IF NOT EXISTS `ref_categ_prm` (
  `id` int(11) NOT NULL AUTO_INCREMENT COMMENT 'ID table',
  `categorie` varchar(75) NOT NULL COMMENT 'Catergorie',
  `abriv` varchar(25) DEFAULT NULL COMMENT 'Abreviation',
  PRIMARY KEY (`id`,`categorie`)
) ENGINE=InnoDB  DEFAULT CHARSET=utf8 AUTO_INCREMENT=6 ;

--
-- Dumping data for table `ref_categ_prm`
--

INSERT INTO `ref_categ_prm` (`id`, `categorie`, `abriv`) VALUES
(1, 'Gouvernement', 'Gouv'),
(2, 'ONG', 'ONG'),
(3, 'Mission diplomate', 'Diplomate'),
(4, 'Secteur privé', 'Privé'),
(5, 'Etablissement Etatique', 'Ets Etat');

-- --------------------------------------------------------

--
-- Table structure for table `ref_pays`
--

CREATE TABLE IF NOT EXISTS `ref_pays` (
  `id` int(11) NOT NULL,
  `pays` varchar(50) CHARACTER SET latin1 DEFAULT NULL,
  `nation` varchar(50) CHARACTER SET latin1 DEFAULT NULL,
  `alpha` varchar(2) CHARACTER SET latin1 DEFAULT NULL,
  PRIMARY KEY (`id`)
) ENGINE=InnoDB DEFAULT CHARSET=utf8;

--
-- Dumping data for table `ref_pays`
--

INSERT INTO `ref_pays` (`id`, `pays`, `nation`, `alpha`) VALUES
(1, 'Afghanistan', '0', 'AF'),
(2, 'Albanie', 'Albanaise', 'AL'),
(3, 'Antarctique', '0', 'AQ'),
(4, 'Algérie', 'Algérienne', 'DZ'),
(5, 'Samoa Américaines', '0', 'AS'),
(6, 'Andorre', '0', 'AD'),
(7, 'Angola', 'angolaise', 'AO'),
(8, 'Antigua-et-Barbuda', '0', 'AG'),
(9, 'Azerbaïdjan', 'Azerbaïdjanaise', 'AZ'),
(10, 'Argentine', '0', 'AR'),
(11, 'Australie', 'Australienne', 'AU'),
(12, 'Autriche', 'Autrichienne', 'AT'),
(13, 'Bahamas', '0', 'BS'),
(14, 'Bahreïn', '0', 'BH'),
(15, 'Bangladesh', 'Bangladesh', 'BD'),
(16, 'Arménie', 'Arménienne', 'AM'),
(17, 'Barbade', '0', 'BB'),
(18, 'Belgique', 'Belge', 'BE'),
(19, 'Bermudes', '0', 'BM'),
(20, 'Bhoutan', '0', 'BT'),
(21, 'Bolivie', '0', 'BO'),
(22, 'Bosnie-Herzégovine', 'Bosniaque', 'BA'),
(23, 'Botswana', '0', 'BW'),
(24, 'Île Bouvet', '0', 'BV'),
(25, 'Brésil', 'Brésilienne', 'BR'),
(26, 'Belize', '0', 'BZ'),
(27, 'Territoire Britannique de l''Océan Indien', '0', 'IO'),
(28, 'Îles Salomon', '0', 'SB'),
(29, 'Îles Vierges Britanniques', '0', 'VG'),
(30, 'Brunéi Darussalam', '0', 'BN'),
(31, 'Bulgarie', 'Bulgare', 'BG'),
(32, 'Myanmar', '0', 'MM'),
(33, 'Burundi', 'Burundaise', 'BI'),
(34, 'Bélarus', '0', 'BY'),
(35, 'Cambodge', '0', 'KH'),
(36, 'Cameroun', 'Camerounaise', 'CM'),
(37, 'Canada', 'Canadienne', 'CA'),
(38, 'Cap-vert', '0', 'CV'),
(39, 'Îles Caïmanes', '0', 'KY'),
(40, 'République Centrafricaine', 'Centre africaine', 'CF'),
(41, 'Sri Lanka', '0', 'LK'),
(42, 'Tanzanie', 'Tanzanienne', 'TA'),
(43, 'Chili', '0', 'CL'),
(44, 'Chine', 'Chinoise', 'CN'),
(45, 'Taïwan', 'Taiwanaise', 'TW'),
(46, 'Île Christmas', '0', 'CX'),
(47, 'Îles Cocos (Keeling)', '0', 'CC'),
(48, 'Colombie', 'Colombienne', 'CO'),
(49, 'Comores', '0', 'KM'),
(50, 'Mayotte', '0', 'YT'),
(51, 'République du Congo', '0', 'CG'),
(52, 'République Démocratique du Congo', 'Congolaise', 'CD'),
(53, 'Îles Cook', '0', 'CK'),
(54, 'Costa Rica', '0', 'CR'),
(55, 'Croatie', '0', 'HR'),
(56, 'Cuba', '0', 'CU'),
(57, 'Chypre', '0', 'CY'),
(58, 'République Tchèque', '0', 'CZ'),
(59, 'Bénin', 'Beninoise', 'BJ'),
(60, 'Danemark', 'Danoise', 'DK'),
(61, 'Dominique', '0', 'DM'),
(62, 'République Dominicaine', 'Dominicaine', 'DO'),
(63, 'Équateur', '0', 'EC'),
(64, 'El Salvador', '0', 'SV'),
(65, 'Guinée Équatoriale', 'Equato-guineenne', 'GQ'),
(66, 'Éthiopie', 'Ethiopienne', 'ET'),
(67, 'Érythrée', '0', 'ER'),
(68, 'Estonie', '0', 'EE'),
(69, 'Îles Féroé', '0', 'FO'),
(70, 'Îles (malvinas) Falkland', '0', 'FK'),
(71, 'Géorgie du Sud et les Îles Sandwich du Sud', '0', 'GS'),
(72, 'Fidji', '0', 'FJ'),
(73, 'Finlande', 'Finlandaise', 'FI'),
(74, 'Îles Åland', '0', 'AX'),
(75, 'France', 'Française', 'FR'),
(76, 'Guyane Française', '0', 'GF'),
(77, 'Polynésie Française', '0', 'PF'),
(78, 'Terres Australes Françaises', '0', 'TF'),
(79, 'Djibouti', '0', 'DJ'),
(80, 'Gabon', 'Gabonaise', 'GA'),
(81, 'Géorgie', 'Géorgienne', 'GE'),
(82, 'Gambie', '0', 'GM'),
(83, 'Territoire Palestinien Occupé', '0', 'PS'),
(84, 'Allemagne', 'Allemande', 'DE'),
(85, 'Ghana', 'Ghanéenne', 'GH'),
(86, 'Gibraltar', '0', 'GI'),
(87, 'Kiribati', '0', 'KI'),
(88, 'Grèce', 'Hellenique', 'GR'),
(89, 'Groenland', '0', 'GL'),
(90, 'Grenade', '0', 'GD'),
(91, 'Guadeloupe', '0', 'GP'),
(92, 'Guam', '0', 'GU'),
(93, 'Guatemala', '0', 'GT'),
(94, 'Guinée', 'Guinéenne', 'GN'),
(95, 'Guyana', '0', 'GY'),
(96, 'Haïti', '0', 'HT'),
(97, 'Îles Heard et Mcdonald', '0', 'HM'),
(98, 'Saint-Siège (état de la Cité du Vatican)', '0', 'VA'),
(99, 'Honduras', '0', 'HN'),
(100, 'Hong-Kong', '0', 'HK'),
(101, 'Hongrie', 'Hongroise', 'HU'),
(102, 'Islande', '0', 'IS'),
(103, 'Inde', 'Indienne', 'IN'),
(104, 'Indonésie', 'Indonesienne', 'ID'),
(105, 'République Islamique d''Iran', '0', 'IR'),
(106, 'Iraq', 'irakienne', 'IQ'),
(107, 'Irlande', 'Irlandaise', 'IE'),
(108, 'Israël', 'Israelienne', 'IL'),
(109, 'Italie', 'Italienne', 'IT'),
(110, 'Cote d''Ivoire', 'Ivoirienne', 'CI'),
(111, 'Jamaïque', '0', 'JM'),
(112, 'Japon', '0', 'JP'),
(113, 'Kazakhstan', '0', 'KZ'),
(114, 'Jordanie', 'Jordanienne', 'JO'),
(115, 'Kenya', 'Kenyanne', 'KE'),
(116, 'République Populaire Démocratique de Corée', '0', 'KP'),
(117, 'République de Corée', 'Coréenne', 'KR'),
(118, 'Koweït', '0', 'KW'),
(119, 'Kirghizistan', '0', 'KG'),
(120, 'République Démocratique Populaire Lao', '0', 'LA'),
(121, 'Liban', 'Libanaise', 'LB'),
(122, 'Lesotho', '0', 'LS'),
(123, 'Lettonie', 'Lettone', 'LV'),
(124, 'Libéria', '0', 'LR'),
(125, 'Jamahiriya Arabe Libyenne', 'Libyenne', 'LY'),
(126, 'Liechtenstein', '0', 'LI'),
(127, 'Lituanie', 'Lituanienne', 'LT'),
(128, 'Luxembourg', '0', 'LU'),
(129, 'Macao', '0', 'MO'),
(130, 'Madagascar', 'Malgache', 'MG'),
(131, 'Malawi', '0', 'MW'),
(132, 'Malaisie', 'Malaisienne', 'MY'),
(133, 'Maldives', '0', 'MV'),
(134, 'Mali', 'Malienne', 'ML'),
(135, 'Malte', '0', 'MT'),
(136, 'Martinique', '0', 'MQ'),
(137, 'Mauritanie', 'Mauritanienne', 'MR'),
(138, 'Maurice', 'Mauricienne', 'MU'),
(139, 'Mexique', 'Mexicaine', 'MX'),
(140, 'Monaco', '0', 'MC'),
(141, 'Mongolie', '0', 'MN'),
(142, 'République de Moldova', 'Moldave', 'MD'),
(143, 'Montserrat', '0', 'MS'),
(144, 'Maroc', 'Marocaine', 'MA'),
(145, 'Mozambique', 'Mozambicaine', 'MZ'),
(146, 'Oman', '0', 'OM'),
(147, 'Namibie', '0', 'NA'),
(148, 'Nauru', '0', 'NR'),
(149, 'Népal', 'Népalaise', 'NP'),
(150, 'Pays-Bas', 'Hollandaise', 'NL'),
(151, 'Antilles Néerlandaises', '0', 'AN'),
(152, 'Aruba', '0', 'AW'),
(153, 'Nouvelle-Calédonie', '0', 'NC'),
(154, 'Vanuatu', '0', 'VU'),
(155, 'Nouvelle-Zélande', 'New zelandaise', 'NZ'),
(156, 'Nicaragua', '0', 'NI'),
(157, 'Niger', 'Nigerienne', 'NE'),
(158, 'Nigéria', 'Nigériane', 'NG'),
(159, 'Niué', '0', 'NU'),
(160, 'Île Norfolk', '0', 'NF'),
(161, 'Norvège', 'Norvégienne', 'NO'),
(162, 'Îles Mariannes du Nord', '0', 'MP'),
(163, 'Îles Mineures Éloignées des États-Unis', '0', 'UM'),
(164, 'États Fédérés de Micronésie', '0', 'FM'),
(165, 'Îles Marshall', '0', 'MH'),
(166, 'Palaos', '0', 'PW'),
(167, 'Pakistan', 'Pakistanaise', 'PK'),
(168, 'Panama', '0', 'PA'),
(169, 'Papouasie-Nouvelle-Guinée', '0', 'PG'),
(170, 'Paraguay', '0', 'PY'),
(171, 'Pérou', 'Péruvienne', 'PE'),
(172, 'Philippines', 'Philippine', 'PH'),
(173, 'Pitcairn', '0', 'PN'),
(174, 'Pologne', 'Polonaise', 'PL'),
(175, 'Portugal', 'Portugaise', 'PT'),
(176, 'Guinée-Bissau', '0', 'GW'),
(177, 'Timor-Leste', '0', 'TL'),
(178, 'Porto Rico', '0', 'PR'),
(179, 'Qatar', '0', 'QA'),
(180, 'Réunion', '0', 'RE'),
(181, 'Roumanie', 'Roumaine', 'RO'),
(182, 'Fédération de Russie', 'Russe', 'RU'),
(183, 'Rwanda', '0', 'RW'),
(184, 'Sainte-Hélène', '0', 'SH'),
(185, 'Saint-Kitts-et-Nevis', '0', 'KN'),
(186, 'Anguilla', '0', 'AI'),
(187, 'Sainte-Lucie', '0', 'LC'),
(188, 'Saint-Pierre-et-Miquelon', '0', 'PM'),
(189, 'Saint-Vincent-et-les Grenadines', '0', 'VC'),
(190, 'Saint-Marin', '0', 'SM'),
(191, 'Sao Tomé-et-Principe', '0', 'ST'),
(192, 'Arabie Saoudite', 'Saoudienne', 'SA'),
(193, 'Sénégal', 'Sénégalaise', 'SN'),
(194, 'Seychelles', '0', 'SC'),
(195, 'Sierra Leone', '0', 'SL'),
(196, 'Singapour', '0', 'SG'),
(197, 'Slovaquie', 'Slovaque', 'SK'),
(198, 'Viet Nam', '0', 'VN'),
(199, 'Slovénie', '0', 'SI'),
(200, 'Somalie', '0', 'SO'),
(201, 'Afrique du Sud', 'Sud africaine', 'ZA'),
(202, 'Zimbabwe', '0', 'ZW'),
(203, 'Espagne', 'Espagnole', 'ES'),
(205, 'Soudan', 'Soudanaise', 'SD'),
(206, 'Suriname', '0', 'SR'),
(207, 'Svalbard etÎle Jan Mayen', '0', 'SJ'),
(208, 'Swaziland', '0', 'SZ'),
(209, 'Suède', 'Suédoise', 'SE'),
(210, 'Suisse', '0', 'CH'),
(211, 'République Arabe Syrienne', 'Syrienne', 'SY'),
(212, 'Tadjikistan', '0', 'TJ'),
(213, 'Thaïlande', '0', 'TH'),
(214, 'Togo', 'Togolaise', 'TG'),
(215, 'Tokelau', '0', 'TK'),
(216, 'Tonga', '0', 'TO'),
(217, 'Trinité-et-Tobago', 'Trinidad', 'TT'),
(218, 'Émirats Arabes Unis', '0', 'AE'),
(219, 'Tunisie', 'Tunisienne', 'TN'),
(220, 'Turquie', 'Turque', 'TR'),
(221, 'Turkménistan', '0', 'TM'),
(222, 'Îles Turks et Caïques', '0', 'TC'),
(223, 'Tuvalu', '0', 'TV'),
(224, 'Ouganda', 'Ougandaise', 'UG'),
(225, 'Ukraine', 'Ukrainienne', 'UA'),
(226, 'L''ex-République Yougoslave de Macédoine', 'Macedonienne', 'MK'),
(227, 'égypte', 'Egyptienne', 'EG'),
(228, 'Royaume-Uni', 'Britannique', 'GB'),
(229, 'Île de Man', '0', 'IM'),
(230, 'République-Unie de Tanzanie', '0', 'TZ'),
(231, 'Etats-Unis Amerique', 'Americaine', 'US'),
(232, 'Îles Vierges des États-Unis', '0', 'VI'),
(233, 'Burkina Faso', 'Burkinabe', 'BF'),
(234, 'Uruguay', '0', 'UY'),
(235, 'Ouzbékistan', '0', 'UZ'),
(236, 'Venezuela', 'Vénézuélienne', 'VE'),
(237, 'Wallis et Futuna', '0', 'WF'),
(238, 'Samoa', '0', 'WS'),
(239, 'Yémen', 'Yemenite', 'YE'),
(240, 'Serbie-et-Monténégro', 'Serbe', 'CS'),
(241, 'Zambie', '0', 'ZM'),
(242, 'Tchad', 'Tchadienne', 'TD'),
(243, 'Erythree', 'Erythreenne', 'ER'),
(244, 'Soudan du Sud', 'Sud-Soudanaise', 'SS');

-- --------------------------------------------------------

--
-- Table structure for table `ref_region`
--

CREATE TABLE IF NOT EXISTS `ref_region` (
  `id` int(11) NOT NULL AUTO_INCREMENT COMMENT 'identifiant de ligne',
  `id_pays` int(11) DEFAULT '242' COMMENT 'le pays de la region par default Tchad',
  `region` varchar(30) CHARACTER SET latin1 NOT NULL COMMENT 'libelle region',
  `etat` int(2) NOT NULL DEFAULT '1' COMMENT 'l''etat de la ligne',
  `creusr` varchar(60) NOT NULL COMMENT 'Crée par',
  `credat` datetime NOT NULL DEFAULT CURRENT_TIMESTAMP COMMENT 'Date de création',
  `updusr` varchar(60) DEFAULT NULL COMMENT 'Derniere modif par',
  `upddat` datetime DEFAULT NULL COMMENT 'Date derniere modif',
  PRIMARY KEY (`id`),
  KEY `fk_region_pays` (`id_pays`)
) ENGINE=InnoDB  DEFAULT CHARSET=utf8 AUTO_INCREMENT=31 ;

--
-- Dumping data for table `ref_region`
--

INSERT INTO `ref_region` (`id`, `id_pays`, `region`, `etat`, `creusr`, `credat`, `updusr`, `upddat`) VALUES
(1, 242, 'Barh el Ghazel', 1, '', '2017-03-19 21:47:48', 'admin', '2017-03-28 21:55:35'),
(2, 242, 'Batha', 1, '', '2017-03-19 21:47:48', NULL, NULL),
(5, 242, 'Borkou', 1, '', '2017-03-19 21:47:48', NULL, NULL),
(6, 242, 'Chari-Baguirmi', 1, '', '2017-03-19 21:47:48', 'admin', '2017-03-28 21:56:56'),
(7, 242, 'Ennedi Est', 1, '', '2017-03-19 21:47:48', NULL, NULL),
(8, 242, 'Ennedi Ouest', 1, '', '2017-03-19 21:47:48', NULL, NULL),
(9, 242, 'Guéra', 1, '', '2017-03-19 21:47:48', 'admin', '2017-03-28 21:56:04'),
(10, 242, 'Hadjer-Lamis', 1, '', '2017-03-19 21:47:48', NULL, NULL),
(11, 242, 'Kanem', 1, '', '2017-03-19 21:47:48', NULL, NULL),
(12, 242, 'Lac', 1, '', '2017-03-19 21:47:48', NULL, NULL),
(13, 242, 'Logone Occidental', 1, '', '2017-03-19 21:47:48', NULL, NULL),
(14, 242, 'Logone Oriental', 1, '', '2017-03-19 21:47:48', NULL, NULL),
(15, 242, 'Mandoul', 1, '', '2017-03-19 21:47:48', NULL, NULL),
(16, 242, 'Mayo-Kebbi Est', 1, '', '2017-03-19 21:47:48', NULL, NULL),
(17, 242, 'Mayo-Kebbi Ouest', 1, '', '2017-03-19 21:47:48', NULL, NULL),
(18, 242, 'Moyen-Chari', 1, '', '2017-03-19 21:47:48', NULL, NULL),
(19, 242, 'Ouaddaï', 1, '', '2017-03-19 21:47:48', NULL, NULL),
(20, 242, 'Salamat', 1, '', '2017-03-19 21:47:48', NULL, NULL),
(21, 242, 'Sila', 1, '', '2017-03-19 21:47:48', NULL, NULL),
(22, 242, 'Tandjilé', 1, '', '2017-03-19 21:47:48', NULL, NULL),
(23, 242, 'Tibesti', 1, '', '2017-03-19 21:47:48', NULL, NULL),
(24, 242, 'Ville de N''Djamena', 1, '', '2017-03-19 21:47:48', NULL, NULL),
(25, 242, 'Wadi Fira', 1, '', '2017-03-19 21:47:48', '1', '2017-04-02 13:48:49'),
(30, 242, 'Lacc', 1, '1', '2017-04-02 13:50:53', '1', '2017-04-02 13:52:01');

-- --------------------------------------------------------

--
-- Table structure for table `ref_secteur_activite`
--

CREATE TABLE IF NOT EXISTS `ref_secteur_activite` (
  `id` int(11) NOT NULL AUTO_INCREMENT COMMENT 'ID Table',
  `secteur` varchar(36) NOT NULL COMMENT 'Secteur',
  PRIMARY KEY (`id`,`secteur`)
) ENGINE=InnoDB  DEFAULT CHARSET=utf8 AUTO_INCREMENT=49 ;

--
-- Dumping data for table `ref_secteur_activite`
--

INSERT INTO `ref_secteur_activite` (`id`, `secteur`) VALUES
(1, 'Aéronautique / Spatial'),
(2, 'Agence pub / Marketing Direct'),
(3, 'Agriculture / Environnement'),
(4, 'Agroalimentaire'),
(5, 'Ameublement / Décoration'),
(6, 'Assurance / Courtage'),
(7, 'Audiovisuel'),
(8, 'Automobile / Motos / Cycles'),
(9, 'Autres Industries'),
(10, 'Autres services'),
(11, 'Banque / Finance'),
(12, 'BTP / Génie Civil'),
(13, 'Call Center / Web Center'),
(14, 'Chimie / Parachimie / Peintures'),
(15, 'Communication / Evénementiel'),
(16, 'Comptabilité / Audit'),
(17, 'Conseil / Etudes'),
(18, 'Cosmétique / Parfumerie / Luxe'),
(19, 'Distribution'),
(20, 'Edition / Imprimerie'),
(21, 'Education/Formation'),
(22, 'Electro-mécanique / Mécanique'),
(23, 'Electronique'),
(24, 'Energie'),
(25, 'Extraction / Mines'),
(26, 'Ferroviaire'),
(27, 'Hôtellerie / Restauration'),
(28, 'Immobilier / Promoteur /Agence'),
(29, 'Import / Export / Négoce'),
(30, 'Informatique'),
(31, 'Internet / Multimédia'),
(32, 'Juridique / Cabinet d’avocats'),
(33, 'Matériel Médical /Parapharmacie'),
(34, 'Métallurgie / Sidérurgie'),
(35, 'Nettoyage / Sécurité / Gardiennage'),
(36, 'Offshoring/Nearshoring'),
(37, 'Papier / Carton'),
(38, 'Pétrole/Gaz'),
(39, 'Pharmacie / Santé'),
(40, 'Plasturgie'),
(41, 'Presse'),
(42, 'Recrutement / Intérim'),
(43, 'Service public /Administration'),
(44, 'Tabac'),
(45, 'Telecom'),
(46, 'Textile / Cuir'),
(47, 'Tourisme / Voyage / Loisirs '),
(48, 'Transport / Messagerie /Logistique');

-- --------------------------------------------------------

--
-- Table structure for table `ref_ville`
--

CREATE TABLE IF NOT EXISTS `ref_ville` (
  `id` int(11) NOT NULL AUTO_INCREMENT COMMENT 'Identifiant ligne',
  `id_region` int(11) DEFAULT '0' COMMENT 'id de region',
  `ville` varchar(20) CHARACTER SET latin1 NOT NULL COMMENT 'libelle',
  `latitude` varchar(15) NOT NULL COMMENT 'coordonnées geographique',
  `longitude` varchar(15) NOT NULL COMMENT 'coordonnées geographique',
  `etat` int(11) NOT NULL DEFAULT '1' COMMENT 'etat de ligne',
  `creusr` varchar(60) NOT NULL COMMENT 'Crée par',
  `credat` datetime NOT NULL DEFAULT CURRENT_TIMESTAMP COMMENT 'Date de création',
  `updusr` varchar(60) DEFAULT NULL COMMENT 'Derniere modif',
  `upddat` datetime DEFAULT NULL COMMENT 'Date deniere modif',
  PRIMARY KEY (`id`),
  KEY `fk_ville_region` (`id_region`)
) ENGINE=InnoDB  DEFAULT CHARSET=utf8 AUTO_INCREMENT=49 ;

--
-- Dumping data for table `ref_ville`
--

INSERT INTO `ref_ville` (`id`, `id_region`, `ville`, `latitude`, `longitude`, `etat`, `creusr`, `credat`, `updusr`, `upddat`) VALUES
(1, 2, 'Batha', '12.33545', '15.22654', 1, '', '2017-03-19 23:45:09', 'admin', '2017-04-11 22:37:08'),
(2, 1, 'Ati', '', '', 1, '', '2017-03-19 23:45:09', NULL, NULL),
(3, 1, 'Chari-Baguirmi', '', '', 1, '', '2017-03-19 23:45:09', NULL, NULL),
(4, 1, 'Massenya', '', '', 1, '', '2017-03-19 23:45:09', NULL, NULL),
(5, 1, 'Hadjer-Lamis', '', '', 1, '', '2017-03-19 23:45:09', NULL, NULL),
(6, 1, 'Massakory', '', '', 1, '', '2017-03-19 23:45:09', NULL, NULL),
(7, 1, 'Wadi-Fira', '', '', 1, '', '2017-03-19 23:45:09', NULL, NULL),
(8, 1, 'Beltine', '', '', 1, '', '2017-03-19 23:45:09', NULL, NULL),
(9, 1, 'Bahr El Gazal', '', '', 1, '', '2017-03-19 23:45:09', NULL, NULL),
(10, 1, 'Moussoro', '', '', 1, '', '2017-03-19 23:45:09', NULL, NULL),
(11, 1, 'Borko', '', '', 1, '', '2017-03-19 23:45:09', NULL, NULL),
(12, 1, 'Faya-Largeau', '', '', 1, '', '2017-03-19 23:45:09', NULL, NULL),
(13, 1, 'Ennedi', '', '', 1, '', '2017-03-19 23:45:09', NULL, NULL),
(14, 1, 'Fada', '', '', 1, '', '2017-03-19 23:45:09', NULL, NULL),
(15, 1, 'Guéra', '', '', 1, '', '2017-03-19 23:45:09', NULL, NULL),
(16, 1, 'Mongo', '', '', 1, '', '2017-03-19 23:45:09', NULL, NULL),
(17, 1, 'Kanem', '', '', 1, '', '2017-03-19 23:45:09', NULL, NULL),
(18, 1, 'Mao', '', '', 1, '', '2017-03-19 23:45:09', NULL, NULL),
(19, 1, 'Lac Tchad', '', '', 1, '', '2017-03-19 23:45:09', NULL, NULL),
(20, 1, 'Bol', '', '', 1, '', '2017-03-19 23:45:09', NULL, NULL),
(21, 1, 'Logone Occidental', '', '', 1, '', '2017-03-19 23:45:09', NULL, NULL),
(22, 1, 'Moundou', '', '', 1, '', '2017-03-19 23:45:09', NULL, NULL),
(23, 1, 'Logone Oriental', '', '', 1, '', '2017-03-19 23:45:09', NULL, NULL),
(24, 1, 'Doba', '', '', 1, '', '2017-03-19 23:45:09', NULL, NULL),
(25, 1, 'Mandoul', '', '', 1, '', '2017-03-19 23:45:09', NULL, NULL),
(26, 1, 'Koumra', '', '', 1, '', '2017-03-19 23:45:09', NULL, NULL),
(27, 1, 'Mayo-Kebbi Est', '', '', 1, '', '2017-03-19 23:45:09', NULL, NULL),
(28, 1, 'Bongor', '', '', 1, '', '2017-03-19 23:45:09', NULL, NULL),
(29, 1, 'Mayo-Kebbi Ouest', '', '', 1, '', '2017-03-19 23:45:09', NULL, NULL),
(30, 1, 'Pala', '', '', 1, '', '2017-03-19 23:45:09', NULL, NULL),
(31, 1, 'Moyen-Chari', '', '', 1, '', '2017-03-19 23:45:09', NULL, NULL),
(32, 1, 'Sarh', '', '', 1, '', '2017-03-19 23:45:09', NULL, NULL),
(33, 1, 'Ouaddaï', '', '', 1, '', '2017-03-19 23:45:09', NULL, NULL),
(34, 1, 'Abéché', '', '', 1, '', '2017-03-19 23:45:09', NULL, NULL),
(35, 1, 'Salamat', '', '', 1, '', '2017-03-19 23:45:09', NULL, NULL),
(36, 1, 'Am-Timan', '', '', 1, '', '2017-03-19 23:45:09', NULL, NULL),
(37, 1, 'Sila', '', '', 1, '', '2017-03-19 23:45:09', NULL, NULL),
(38, 1, 'Goz Beïda', '', '', 1, '', '2017-03-19 23:45:09', NULL, NULL),
(39, 1, 'Tandjilé', '', '', 1, '', '2017-03-19 23:45:09', NULL, NULL),
(40, 1, 'Laï', '', '', 1, '', '2017-03-19 23:45:09', NULL, NULL),
(41, 1, 'Tibesti', '', '', 1, '', '2017-03-19 23:45:09', NULL, NULL),
(42, 1, 'Bardaï', '', '', 1, '', '2017-03-19 23:45:09', NULL, NULL),
(43, 1, 'N''djamena', '', '', 1, '', '2017-03-19 23:45:09', NULL, NULL),
(48, 2, 'Test ville', '12.33545', '15.22654', 1, 'admin', '2017-04-11 22:06:36', NULL, NULL);

-- --------------------------------------------------------

--
-- Table structure for table `revendeurs`
--

CREATE TABLE IF NOT EXISTS `revendeurs` (
  `id` int(11) NOT NULL AUTO_INCREMENT COMMENT 'id auto incriment',
  `type_rev` varchar(60) CHARACTER SET latin1 NOT NULL COMMENT 'Type de revendeur',
  `denomination` varchar(100) NOT NULL COMMENT 'Raison sociale(morale) ou nom/prenom(physique)',
  `piece_identite` varchar(20) NOT NULL COMMENT 'RC(morale) ou CIN(physique)',
  `num_agrement` varchar(20) DEFAULT NULL COMMENT 'le numéro d''agrément',
  `qualification` varchar(60) DEFAULT NULL COMMENT 'Qualité de l''installateur(physique) ou secteur d''activite (morale)',
  `ville` int(11) NOT NULL COMMENT 'Ville',
  `adresse` varchar(120) CHARACTER SET latin1 NOT NULL COMMENT 'Adresse',
  `email` varchar(40) CHARACTER SET latin1 NOT NULL COMMENT 'E-mail',
  `tel` int(10) NOT NULL COMMENT 'Téléphone',
  `fax` int(10) NOT NULL COMMENT 'Fax',
  `vsat` tinyint(1) DEFAULT '0' COMMENT 'Instal le VSAT? oui ou non',
  `uhf_vhf` tinyint(1) DEFAULT '0' COMMENT 'Instal le UHF/VHF? oui ou non',
  `gsm` tinyint(1) DEFAULT '0' COMMENT 'Instal le GSM? oui ou non',
  `blr` tinyint(1) DEFAULT '0' COMMENT 'Instal le BLR? oui ou non',
  `pj` int(11) NOT NULL COMMENT 'Formulaire inscription',
  `pj_image` int(11) NOT NULL COMMENT 'logo ste(morale) ou photo installateur (physique)',
  `etat` tinyint(1) NOT NULL DEFAULT '0' COMMENT 'état de dossier permissionnaire',
  `creusr` varchar(50) NOT NULL COMMENT 'Crée par',
  `credat` timestamp NOT NULL DEFAULT CURRENT_TIMESTAMP COMMENT 'Date de création',
  `updusr` varchar(50) DEFAULT NULL COMMENT 'Modifie par',
  `upddat` timestamp NULL DEFAULT NULL COMMENT 'Date dernière modification',
  PRIMARY KEY (`id`),
  UNIQUE KEY `denomination` (`denomination`),
  UNIQUE KEY `piece_identite` (`piece_identite`),
  UNIQUE KEY `num_agrement` (`num_agrement`),
  KEY `fk_instal_villes` (`ville`)
) ENGINE=InnoDB  DEFAULT CHARSET=utf8 AUTO_INCREMENT=8 ;

--
-- Dumping data for table `revendeurs`
--

INSERT INTO `revendeurs` (`id`, `type_rev`, `denomination`, `piece_identite`, `num_agrement`, `qualification`, `ville`, `adresse`, `email`, `tel`, `fax`, `vsat`, `uhf_vhf`, `gsm`, `blr`, `pj`, `pj_image`, `etat`, `creusr`, `credat`, `updusr`, `upddat`) VALUES
(1, 'MORALE', 'tootoo', 're', '12244', 'sect', 28, 'asrtt', 'em@em', 2147483647, 2147483647, 1, 2, 2, 1, 91, 92, 1, 'admin', '2017-03-26 10:49:20', 'admin', '2017-03-26 22:23:18'),
(5, 'MORALE', 'tootoop', 'OP', '98', 'sect', 28, 'asrtt', 'em@em', 2147483647, 2147483647, 1, 2, 2, 1, 42, 43, 0, 'admin', '2017-03-26 10:49:20', 'admin', '2017-03-26 22:29:41'),
(6, 'MORALE', 'tootooo', 'ree', '122440', 'sect', 28, 'asrtt', 'em@em', 2147483647, 2147483647, 1, 2, 2, 1, 42, 43, 1, 'admin', '2017-03-26 10:49:20', 'admin', '2017-03-26 14:02:46'),
(7, 'MORALE', 'add', 'dff', '0444', 'qee', 20, 'asdd', 'em@e', 2147483647, 2147483647, 1, 2, 2, 2, 93, 94, 0, 'admin', '2017-03-26 20:00:53', 'admin', '2017-03-26 22:29:55');

-- --------------------------------------------------------

--
-- Table structure for table `rules_action`
--

CREATE TABLE IF NOT EXISTS `rules_action` (
  `id` int(11) NOT NULL AUTO_INCREMENT COMMENT 'rule id',
  `appid` int(11) NOT NULL COMMENT 'id task',
  `idf` varchar(32) DEFAULT NULL COMMENT 'IDF Rul Mgt',
  `service` int(11) DEFAULT NULL COMMENT 'Service ID',
  `userid` int(11) NOT NULL COMMENT 'id user',
  `action_id` int(11) NOT NULL COMMENT 'id action de task',
  `descrip` varchar(75) NOT NULL COMMENT 'description de rule',
  `type` int(11) DEFAULT '0' COMMENT 'action=0 task=1',
  `creusr` varchar(20) DEFAULT NULL COMMENT 'Create by',
  `credat` datetime DEFAULT CURRENT_TIMESTAMP COMMENT 'Date Create',
  PRIMARY KEY (`id`),
  UNIQUE KEY `uniq_rule_idf_usrid` (`idf`,`userid`),
  KEY `rules_action_task_appid` (`appid`),
  KEY `rules_action_user_sys` (`userid`),
  KEY `rule_action_task_action` (`action_id`),
  KEY `rule_action_service_id` (`service`)
) ENGINE=InnoDB  DEFAULT CHARSET=latin1 COMMENT='Table store rules for each user for each App and action' AUTO_INCREMENT=8604 ;

--
-- Dumping data for table `rules_action`
--

INSERT INTO `rules_action` (`id`, `appid`, `idf`, `service`, `userid`, `action_id`, `descrip`, `type`, `creusr`, `credat`) VALUES
(1075, 39, '783fa5c0f5f7025cf964051698103346', NULL, 2, 56, 'Permissionnaires', 1, NULL, '2017-05-04 20:47:21'),
(1076, 39, 'e2ef74a2bd59ec11667d2d1b830b2cf6', NULL, 2, 57, 'Editer Permissionnaire', 0, NULL, '2017-05-04 20:47:21'),
(1077, 39, '4e8c119851bdf85bae364446c892549c', NULL, 2, 68, 'Activation Permissionnaire', 0, NULL, '2017-05-04 20:47:21'),
(1078, 39, '2e471d70a87abafaea01ce390fef5ceb', NULL, 2, 69, 'Désactivation Permissionnaire', 0, NULL, '2017-05-04 20:47:21'),
(1079, 40, '47184c615fbb3a100584935fc82200d4', NULL, 2, 58, 'Ajouter Permissionnaire', 1, NULL, '2017-05-04 20:47:21'),
(1080, 41, 'bcf0b1f16bf84fafd825d1ac1b80c315', NULL, 2, 59, 'Editer Permissionnaire', 1, NULL, '2017-05-04 20:47:21'),
(1081, 42, '74a5678361026ebb62dd621f38a190db', NULL, 2, 60, 'Suprimer Permissionnaire', 0, NULL, '2017-05-04 20:47:21'),
(7729, 192, '97dfd39e0b376f443f223834a2894e60', NULL, 2, 270, 'Gestion VSAT', 1, '1', '2017-06-04 02:05:35'),
(7740, 192, '19b70e2f6796adc757e628fa963c6f5f', NULL, 2, 271, 'Editer Station VSAT', 0, '1', '2017-06-04 02:05:35'),
(7748, 193, '541c53713ebcf396070f27a375d8edff', NULL, 2, 272, 'Ajouter Station VSAT', 1, '1', '2017-06-04 02:05:35'),
(7759, 194, '064a594bbc69585173c5a4f0bef8536a', NULL, 2, 273, 'Editer Station VSAT', 1, '1', '2017-06-04 02:05:35'),
(7770, 195, 'c01ec9146fea7a8a94bf3afa068f48b3', NULL, 2, 274, 'Supprimer Station VSAT', 1, '1', '2017-06-04 02:05:35'),
(8436, 102, 'd429aa0325fd3bb72ffcef76c0662878', 1, 1, 135, 'Anonymes', 1, '1', '2017-06-05 01:27:54'),
(8437, 102, 'a4e8c04c7d10e8d1633aaaa9d55fa619', 1, 1, 136, 'Valider Anonyme', 0, '1', '2017-06-05 01:27:54'),
(8438, 102, 'd575f186cd6c93b06ca7e6a0d9b1b569', 1, 1, 137, 'Modifier Anonyme', 0, '1', '2017-06-05 01:27:54'),
(8439, 102, 'cb4bee122e3dd3e12cc8c9419e895ba4', 1, 1, 278, 'Détails anonyme', 0, '1', '2017-06-05 01:27:54'),
(8440, 103, '7ca8302af00b5acfda18320f9a5347fb', 1, 1, 139, 'Ajouter un anonyme', 1, '1', '2017-06-05 01:27:54'),
(8441, 104, 'f9709918cb20657564aab53988a56113', 1, 1, 140, 'Modifier Anonyme', 1, '1', '2017-06-05 01:27:54'),
(8442, 105, '943e53ed64ca0abf7b915d99f45a12f1', 1, 1, 141, 'Supprimer Anonyme', 1, '1', '2017-06-05 01:27:54'),
(8443, 106, 'ee0a32742ea57f8c15e7fd52cf3b5b6a', 1, 1, 142, 'Valider Anonyme', 1, '1', '2017-06-05 01:27:54'),
(8444, 197, 'c3f5079f754c21b2ed06b83cbb2edf31', 1, 1, 277, 'Détails anonyme', 1, '1', '2017-06-05 01:27:54'),
(8445, 117, 'a191a2768a0bdf0dc919b7c910122881', 1, 1, 150, 'BLR Stations', 1, '1', '2017-06-05 01:27:54'),
(8446, 117, 'd8303c8ab796472638c98d83dfda83e2', 1, 1, 151, 'Modifier Station', 0, '1', '2017-06-05 01:27:54'),
(8448, 117, '162166ae8b76398166b2c4425ceff3d3', 1, 1, 153, 'Liste clients', 0, '1', '2017-06-05 01:27:54'),
(8449, 117, 'eddfb2225ea88e469526a2b84d019993', 1, 1, 154, 'Validation station', 0, '1', '2017-06-05 01:27:54'),
(8450, 117, '6b8043b600b88dd9c28595ff0748abf1', 1, 1, 155, 'Liste des clients', 0, '1', '2017-06-05 01:27:54'),
(8451, 117, '01e2199e1d5cc932e6ec171e0d3e8cc4', 1, 1, 280, 'Détails station BLR', 0, '1', '2017-06-05 01:27:54'),
(8452, 118, '85dd8eec66cbca2dea98736a7d2c30fe', 1, 1, 156, 'Ajouter Station', 1, '1', '2017-06-05 01:27:54'),
(8453, 119, '346cb5afdb12448749d5ba9052f58e8f', 1, 1, 157, 'Modifier Station', 1, '1', '2017-06-05 01:27:54'),
(8455, 121, '6bfedc03abc106e249aa349d632240ea', 1, 1, 159, 'BLR Clients', 1, '1', '2017-06-05 01:27:54'),
(8456, 121, '12cebf41f6459ebee3399f55ba6415a6', 1, 1, 160, 'Modifier BLR Client', 0, '1', '2017-06-05 01:27:54'),
(8457, 121, '8269a897ed32f0ea0f1bc5fae676be0f', 1, 1, 161, 'Validation client', 0, '1', '2017-06-05 01:27:54'),
(8458, 121, 'd456a4883d52b9cb9c4587a3ad8e3c8f', 1, 1, 294, 'Détails client BLR', 0, '1', '2017-06-05 01:27:54'),
(8459, 122, 'b51ae23cbcbccb606d8ff16eb4f09886', 1, 1, 162, 'Ajouter BLR Client', 1, '1', '2017-06-05 01:27:54'),
(8460, 123, '0f893cbf847755649a6a22eb9e9c8281', 1, 1, 163, 'Modifier BLR Client', 1, '1', '2017-06-05 01:27:54'),
(8461, 124, '2e886e73ecd068f54691c045eca44fd1', 1, 1, 164, 'Supprimer client', 1, '1', '2017-06-05 01:27:54'),
(8462, 125, 'c00ea603b44e49999a12973fdf2c8114', 1, 1, 165, 'Validation station BLR', 1, '1', '2017-06-05 01:27:54'),
(8463, 126, '65ce707888a0affde6ceb62ba78e89e0', 1, 1, 166, 'Validation client BLR', 1, '1', '2017-06-05 01:27:54'),
(8464, 198, '06bdb0df5d68902f3ede5f42dbd9ff9a', 1, 1, 279, 'Détails station BLR', 1, '1', '2017-06-05 01:27:54'),
(8465, 199, '97c4d3e8a16d1e27b5dc79c992312184', 1, 1, 281, 'Détails client BLR', 1, '1', '2017-06-05 01:27:54'),
(8466, 142, '7735d03aa074643344a5740bac9d0e8b', 1, 1, 190, 'Stations GSM', 1, '1', '2017-06-05 01:27:54'),
(8467, 142, '9d9675fb9f034fd483094c6ccf75abd0', 1, 1, 191, 'Editer Station GSM', 0, '1', '2017-06-05 01:27:54'),
(8468, 142, '07f44b422848537413c5a7c6b206c9b2', 1, 1, 192, 'Liste GSM Technologie', 0, '1', '2017-06-05 01:27:54'),
(8469, 142, '56ef2db9b273c90489aa46cecd1ec841', 1, 1, 193, 'Valider Station GSM', 0, '1', '2017-06-05 01:27:54'),
(8470, 143, '4f571b521ec5d8d8e04d817906ef6292', 1, 1, 194, 'AJouter Station GSM', 1, '1', '2017-06-05 01:27:54'),
(8471, 144, 'babe2fa631ed298f8bda8e5956acbb52', 1, 1, 195, 'Editer Station GSM', 1, '1', '2017-06-05 01:27:54'),
(8472, 145, '1f40a8158807e197ec11cd4b84c0de7e', 1, 1, 196, 'Supprimer Station', 1, '1', '2017-06-05 01:27:54'),
(8473, 146, '34067c3a2c08497a8b8beb0e0a38c65e', 1, 1, 197, 'GSM Technologie', 1, '1', '2017-06-05 01:27:54'),
(8474, 146, 'a1884e90e27faf8c4a9dfd8e920c99c8', 1, 1, 198, 'Editer GSM Technologie', 0, '1', '2017-06-05 01:27:54'),
(8475, 146, '389cce169fae7704081a5001e0a9faf3', 1, 1, 199, 'Liste GSM Secteur', 0, '1', '2017-06-05 01:27:54'),
(8476, 147, 'd935a5459278b316e27952cfbf9eeeb0', 1, 1, 200, 'Ajouter GSM Technologie', 1, '1', '2017-06-05 01:27:54'),
(8477, 148, 'ca9106ba2776087f9ebecadc22857602', 1, 1, 201, 'Editer GSM Technologie', 1, '1', '2017-06-05 01:27:54'),
(8478, 149, '9b0d9218e0958b9c18cd654eb6413ad7', 1, 1, 202, 'Supprimer technologie GSM', 1, '1', '2017-06-05 01:27:54'),
(8479, 150, '21d8beb934054b1268dc78abb734448a', 1, 1, 203, 'GSM Secteur', 1, '1', '2017-06-05 01:27:54'),
(8480, 150, '1dc89dc35f5d21648af7f1fb456c7d8e', 1, 1, 204, 'Editer GSM Secteur', 0, '1', '2017-06-05 01:27:54'),
(8481, 151, 'b8644a25390826bd380b09d62f2bb7b7', 1, 1, 205, 'Ajouter GSM Secteur', 1, '1', '2017-06-05 01:27:54'),
(8482, 152, 'a0586a3774ae895c834b7183d249642d', 1, 1, 206, 'Editer GSM Secteur', 1, '1', '2017-06-05 01:27:54'),
(8483, 153, '806e2cb7ef56bb9a7fa6963c6529bf2e', 1, 1, 207, 'Supprimer secteur GSM', 1, '1', '2017-06-05 01:27:54'),
(8484, 154, 'bccd978f087943c3f28545aaba14be8c', 1, 1, 208, 'Valider Station GSM', 1, '1', '2017-06-05 01:27:54'),
(8485, 73, '63c2420b90f96e576f0402f9a69ea3c7', 1, 1, 89, 'Gestion Installateurs', 1, '1', '2017-06-05 01:27:54'),
(8486, 73, 'a7b1e885ab7786e5b61b0485f8554366', 1, 1, 95, 'Editer Installateur', 0, '1', '2017-06-05 01:27:54'),
(8487, 73, '23465c8ce799daffa263f1b1803f0965', 1, 1, 96, 'Valider Installateur', 0, '1', '2017-06-05 01:27:54'),
(8488, 73, 'c1f50d57e154784b97b2547f0d440848', 1, 1, 100, 'Test WF', 1, '1', '2017-06-05 01:27:54'),
(8489, 75, 'b9c591b308463a9c0efbc01a34882fbc', 1, 1, 91, 'Ajouter Installateur P.Physique', 1, '1', '2017-06-05 01:27:54'),
(8490, 77, '09243bfac6f94082f6b72b2fd16ec0e3', 1, 1, 93, 'Editer Installateur', 1, '1', '2017-06-05 01:27:54'),
(8491, 78, '5d4a2105f3b437383c384e36b7a7efdd', 1, 1, 94, 'Valider Installateur', 1, '1', '2017-06-05 01:27:54'),
(8492, 83, '01ce7657f5ebc7555e7e968e9d73eb75', 1, 1, 106, 'Ajouter Installateur P.Moral', 1, '1', '2017-06-05 01:27:54'),
(8493, 21, 'b8e62907d367fb44d644a5189cd07f42', 1, 1, 9, 'Modules', 1, '1', '2017-06-05 01:27:54'),
(8494, 21, '05ce9e55686161d99e0714bb86243e5b', 1, 1, 11, 'Editer Module', 0, '1', '2017-06-05 01:27:54'),
(8495, 21, '819cf9c18a44cb80771a066768d585f2', 1, 1, 12, 'Exporter Module', 0, '1', '2017-06-05 01:27:54'),
(8496, 21, 'd2fc3ee15cee5208a8b9c70f1e53c196', 1, 1, 13, 'Liste task modul', 0, '1', '2017-06-05 01:27:54'),
(8497, 21, 'ad75e6b877f20e3d6fc1789da4dcb3e6', 1, 1, 75, 'Editer Module', 0, '1', '2017-06-05 01:27:54'),
(8498, 21, '064a9b0eff1006fd4f25cb4eaf894ca1', 1, 1, 77, 'Liste task modul Setting', 0, '1', '2017-06-05 01:27:54'),
(8499, 21, 'ac4eb0c94da00a48ad5d995f5e9e9366', 1, 1, 232, 'MAJ Module', 0, '1', '2017-06-05 01:27:54'),
(8500, 22, '44bd5341b0ab41ced21db8b3e92cf5aa', 1, 1, 10, 'Ajouter un Modul', 1, '1', '2017-06-05 01:27:54'),
(8501, 24, '8653b156f1a4160a12e5a94b211e59a2', 1, 1, 16, 'Liste Action Task', 0, '1', '2017-06-05 01:27:54'),
(8502, 24, '86aced763bc02e1957a5c740fb37b4f7', 1, 1, 22, 'Supprimer Application', 0, '1', '2017-06-05 01:27:54'),
(8503, 24, 'f07352e32fe86da1483c6ab071b7e7a9', 1, 1, 99, 'Ajout Affichage WF', 0, '1', '2017-06-05 01:27:54'),
(8504, 25, '1c452aff8f1551b3574e15b74147ea56', 1, 1, 14, 'Ajouter Task Modul', 1, '1', '2017-06-05 01:27:54'),
(8505, 26, 'f085fe4610576987db963501297e4d91', 1, 1, 15, 'Editer Task Modul', 1, '1', '2017-06-05 01:27:54'),
(8506, 26, '38702c272a6f4d334c2f4c3684c8b163', 1, 1, 18, 'Ajouter action modul', 1, '1', '2017-06-05 01:27:54'),
(8507, 27, 'cbae1ebe850f6dd8841426c6fedf1785', 1, 1, 20, 'Liste Action Task', 1, '1', '2017-06-05 01:27:54'),
(8508, 27, 'e30471396f9b86ccdcc94943d80b679a', 1, 1, 147, 'Editer Task Action', 0, '1', '2017-06-05 01:27:54'),
(8509, 28, '502460cd9327b46ee7af0a258ebf8c80', 1, 1, 19, 'Ajouter Action Task', 1, '1', '2017-06-05 01:27:54'),
(8510, 29, '13c107211904d4a2e65dd65c60ec7272', 1, 1, 21, 'Supprimer Application', 1, '1', '2017-06-05 01:27:54'),
(8511, 33, '8c8acf9cf3790b16b1fae26823f45eab', 1, 1, 24, 'Importer des modules', 1, '1', '2017-06-05 01:27:54'),
(8512, 55, '2f4518dab90b706e2f4acd737a0425d8', 1, 1, 70, 'Ajouter Module paramétrage', 1, '1', '2017-06-05 01:27:54'),
(8513, 62, '8e0c0212d8337956ac2f4d6eb180d74b', 1, 1, 74, 'Editer Module paramètrage', 1, '1', '2017-06-05 01:27:54'),
(8514, 79, 'fc54953b47b7fcb11cc14c0c2e2125f0', 1, 1, 98, 'Ajouter Autorisation Etat', 1, '1', '2017-06-05 01:27:54'),
(8515, 108, '966ec2dd83e6006c2d0ff1d1a5f12e33', 1, 1, 146, 'Editer Task Action', 1, '1', '2017-06-05 01:27:54'),
(8516, 167, '3473119f6683893a3f1372dbf7d811e1', 1, 1, 231, 'MAJ Module', 1, '1', '2017-06-05 01:27:54'),
(8517, 39, 'e2ef74a2bd59ec11667d2d1b830b2cf6', 1, 1, 57, 'Editer Permissionnaire', 0, '1', '2017-06-05 01:27:54'),
(8518, 39, '4e8c119851bdf85bae364446c892549c', 1, 1, 68, 'Activation Permissionnaire', 0, '1', '2017-06-05 01:27:54'),
(8519, 39, '2e471d70a87abafaea01ce390fef5ceb', 1, 1, 69, 'Désactivation Permissionnaire', 0, '1', '2017-06-05 01:27:54'),
(8520, 40, '47184c615fbb3a100584935fc82200d4', 1, 1, 58, 'Ajouter Permissionnaire', 1, '1', '2017-06-05 01:27:54'),
(8521, 41, 'bcf0b1f16bf84fafd825d1ac1b80c315', 1, 1, 59, 'Editer Permissionnaire', 1, '1', '2017-06-05 01:27:54'),
(8522, 42, '74a5678361026ebb62dd621f38a190db', 1, 1, 60, 'Suprimer Permissionnaire', 0, '1', '2017-06-05 01:27:54'),
(8523, 54, '910196b1cefdb8ff24f20397dd626354', 1, 1, 67, 'Activation Permissionnaire', 1, '1', '2017-06-05 01:27:54'),
(8524, 34, '83b9fa44466da4bcd7f8304185bfeac8', 1, 1, 28, 'Services', 1, '1', '2017-06-05 01:27:54'),
(8525, 34, '99aea4598ccc18d4c12ae091c8967d13', 1, 1, 33, 'Valider Service', 0, '1', '2017-06-05 01:27:54'),
(8526, 34, 'bb66cf787052616ea3dd02b0b5199b26', 1, 1, 34, 'Supprimer Service', 0, '1', '2017-06-05 01:27:54'),
(8527, 34, '47c552dce8b761ae2e2a44387a93432b', 1, 1, 144, 'Modifier Service Validé', 0, '1', '2017-06-05 01:27:54'),
(8528, 35, '55043bc4207521e3010e91d6267f5302', 1, 1, 29, 'Ajouter Service', 1, '1', '2017-06-05 01:27:54'),
(8529, 36, '2fea3d893f6b6e81467ddd2a744e4a76', 1, 1, 30, 'Modifier Service', 1, '1', '2017-06-05 01:27:54'),
(8530, 37, '1a0d5897d31b4d5e29022671c1112f59', 1, 1, 31, 'Valider Service', 1, '1', '2017-06-05 01:27:54'),
(8531, 38, '42083d4e159baf7c2ace2bb977e2b0a0', 1, 1, 32, 'Supprimer Service', 1, '1', '2017-06-05 01:27:54'),
(8532, 127, 'a103e1e77e0862705ec62ad2741e6522', 1, 1, 167, 'Gestion UHF/VHF', 1, '1', '2017-06-05 01:27:54'),
(8533, 127, '3e1c02423135af5a3edc8f6c8a24c130', 1, 1, 168, 'Modifier Station', 0, '1', '2017-06-05 01:27:54'),
(8534, 127, '7cd9ae4f8c0e1c85ab01766d85784e00', 1, 1, 169, 'Valider Station', 0, '1', '2017-06-05 01:27:54'),
(8536, 127, 'aadaec7e401d946c3edcba4e15ae83db', 1, 1, 171, 'Liste des clients', 0, '1', '2017-06-05 01:27:54'),
(8537, 127, '3a479d262ee66b99eb69793b3a8152a7', 1, 1, 172, 'Liste des clients', 0, '1', '2017-06-05 01:27:54'),
(8538, 127, '0e7910af90ffffac7b7e200f7c32365d', 1, 1, 288, 'Détails station uhf_vhf', 0, '1', '2017-06-05 01:27:54'),
(8539, 128, '59c93bdf7dc111cae9d6f1306382c896', 1, 1, 173, 'Ajouter station', 1, '1', '2017-06-05 01:27:54'),
(8540, 129, 'c1bc9b42786ad026f9147aeaa99f622d', 1, 1, 174, 'Modifier Station', 1, '1', '2017-06-05 01:27:54'),
(8542, 131, '939ccf06a327d91881b7b258b93585a4', 1, 1, 176, 'Valider Station', 1, '1', '2017-06-05 01:27:54'),
(8543, 132, '988f8f0817f020facab448bb694fc2e9', 1, 1, 177, 'Ajout client', 1, '1', '2017-06-05 01:27:54'),
(8544, 133, '2cd2dcab297ab7cf9103426510aeb918', 1, 1, 178, 'Modifier client', 1, '1', '2017-06-05 01:27:54'),
(8545, 134, 'd6fc10807987de7f39ad3dc712d0363c', 1, 1, 179, 'UHF/VHF Clients', 1, '1', '2017-06-05 01:27:54'),
(8548, 134, '45e026b77e91abe81b21baa473d536fd', 1, 1, 182, 'Modifier client', 0, '1', '2017-06-05 01:27:54'),
(8549, 134, '2c6d3519de701ab8fd0712cf0e8178d8', 1, 1, 293, 'Détails client UHF/VHF', 0, '1', '2017-06-05 01:27:54'),
(8551, 136, 'dd2a86ec80f60514f3d5cbd8fa987404', 1, 1, 184, 'Ajout Client', 1, '1', '2017-06-05 01:27:54'),
(8552, 137, 'b27c2ab70726c47c242fca8b9c30b771', 1, 1, 185, 'Ajout Client', 1, '1', '2017-06-05 01:27:54'),
(8554, 139, 'b0e750a138dcf4ab959ef8225252be2a', 1, 1, 187, 'Modifier client', 1, '1', '2017-06-05 01:27:54'),
(8555, 140, 'da74878d46c49cc2accb5cdeb7fa438e', 1, 1, 188, 'Modifier client', 1, '1', '2017-06-05 01:27:54'),
(8556, 141, 'b7e5f4088fa129cf0c76b8ed071dc79b', 1, 1, 189, 'Modifier client', 1, '1', '2017-06-05 01:27:55'),
(8557, 202, '3f8d6bfcd973be63e6ad187c328909ec', 1, 1, 287, 'Détails station uhf_vhf', 1, '1', '2017-06-05 01:27:55'),
(8558, 203, '78265bfab90a25b7d2d1a9490b0eb5c6', 1, 1, 289, 'Détails client fixe', 1, '1', '2017-06-05 01:27:55'),
(8559, 204, 'c7574f589aeb8a079d0e58ab40bc089e', 1, 1, 290, 'Détails client handset', 1, '1', '2017-06-05 01:27:55'),
(8560, 205, '52a7eab115ca46630d01fc609314d650', 1, 1, 291, 'Détails client mobile', 1, '1', '2017-06-05 01:27:55'),
(8561, 206, '466764849b81808d9c4ae57f3dfe6a6c', 1, 1, 292, 'Détails client UHF/VHF', 1, '1', '2017-06-05 01:27:55'),
(8562, 14, '56de23d30d6c54297c8d9772cd3c7f57', 1, 1, 1, 'Utilisateurs', 1, '1', '2017-06-05 01:27:55'),
(8563, 14, 'e656756fb7b39a4e6ddcabca75ff2970', 1, 1, 3, 'Editer Utilisateur', 0, '1', '2017-06-05 01:27:55'),
(8564, 14, 'c073a277957ca1b9f318ac3902555708', 1, 1, 6, 'Permissions', 0, '1', '2017-06-05 01:27:55'),
(8565, 14, 'c51499ddf7007787c4434661c658bbd1', 1, 1, 8, 'Désactiver compte', 0, '1', '2017-06-05 01:27:55'),
(8566, 14, '10096b6f54456bcfc85081523ee64cf6', 1, 1, 23, 'Supprimer utilisateur', 0, '1', '2017-06-05 01:27:55'),
(8567, 14, 'a0999cbed820aff775adf27276ee54a4', 1, 1, 25, 'Editer Utilisateur', 0, '1', '2017-06-05 01:27:55'),
(8568, 14, '9aa6877656339ddff2478b20449a924b', 1, 1, 27, 'Activer compte', 0, '1', '2017-06-05 01:27:55'),
(8569, 14, 'f4c79bb797b92dfa826b51a44e3171af', 1, 1, 112, 'Utilisateurs', 1, '1', '2017-06-05 01:27:55'),
(8570, 14, 'd7f7afd70a297e5c239f6cf271138390', 1, 1, 143, 'Utilisateur Archivé', 1, '1', '2017-06-05 01:27:55'),
(8571, 15, 'df91a8e6f8ee2cde64495fc0cc7d6c6f', 1, 1, 2, 'Ajouter Utilisateurs', 1, '1', '2017-06-05 01:27:55'),
(8572, 16, '2bb46b52eab9eecbdbba35605da07234', 1, 1, 4, 'Editer Utilisateurs', 1, '1', '2017-06-05 01:27:55'),
(8573, 17, '3f59a1326df27378304e142ab3bec090', 1, 1, 5, 'Permission', 1, '1', '2017-06-05 01:27:55'),
(8574, 18, 'b919571c88d036f8889742a81a4f41fd', 1, 1, 7, 'Supprimer utilisateur', 1, '1', '2017-06-05 01:27:55'),
(8575, 19, '38f89764a26e39ce029cd3132c12b2a5', 1, 1, 45, 'Compte utilisateur', 1, '1', '2017-06-05 01:27:55'),
(8576, 20, 'f988a608f35a0bc551cb038b1706d207', 1, 1, 26, 'Activer utilisateur', 1, '1', '2017-06-05 01:27:55'),
(8577, 107, 'b7b3a09fdd73a5b0a3e5ed8a2828f548', 1, 1, 145, 'Désactiver l''utilisateur', 1, '1', '2017-06-05 01:27:55'),
(8578, 89, '2c3b01c696ff401a2ac9ffedb7a06e4a', 1, 1, 114, 'Gestion Villes', 1, '1', '2017-06-05 01:27:55'),
(8579, 89, 'b9649163b368f863a0e8036f11cd81ae', 1, 1, 119, 'Editer Ville', 0, '1', '2017-06-05 01:27:55'),
(8580, 89, 'a9f6361ee4fc276b2cc3706af8f879b8', 1, 1, 120, 'Activer Ville', 0, '1', '2017-06-05 01:27:55'),
(8581, 89, '89dec6dabcb210cdb9dd28bbef90d43e', 1, 1, 121, 'Editer Ville', 0, '1', '2017-06-05 01:27:55'),
(8582, 90, 'e152b9052d3dcfcac593489dbdc0f61c', 1, 1, 115, 'Ajouter ville', 1, '1', '2017-06-05 01:27:55'),
(8583, 91, '3107e0cd0e0df14c4e94aa088e4457d7', 1, 1, 116, 'Editer Ville', 1, '1', '2017-06-05 01:27:55'),
(8584, 92, 'da79d9214ed5819d7f4f1e3070629a3d', 1, 1, 117, 'Supprimer Ville', 1, '1', '2017-06-05 01:27:55'),
(8585, 93, 'bb15db41ef6bb1c2ea0fd4cc920863e4', 1, 1, 118, 'Activer Ville', 1, '1', '2017-06-05 01:27:55'),
(8586, 192, '97dfd39e0b376f443f223834a2894e60', 1, 1, 270, 'Gestion VSAT', 1, '1', '2017-06-05 01:27:55'),
(8587, 192, '19b70e2f6796adc757e628fa963c6f5f', 1, 1, 271, 'Editer Station VSAT', 0, '1', '2017-06-05 01:27:55'),
(8588, 192, 'b6d85ff52f1644138995e1c71dacca0f', 1, 1, 286, 'Détails Station VSAT', 0, '1', '2017-06-05 01:27:55'),
(8589, 193, '541c53713ebcf396070f27a375d8edff', 1, 1, 272, 'Ajouter Station VSAT', 1, '1', '2017-06-05 01:27:55'),
(8590, 194, '064a594bbc69585173c5a4f0bef8536a', 1, 1, 273, 'Editer Station VSAT', 1, '1', '2017-06-05 01:27:55'),
(8591, 195, 'c01ec9146fea7a8a94bf3afa068f48b3', 1, 1, 274, 'Supprimer Station VSAT', 1, '1', '2017-06-05 01:27:55'),
(8592, 201, '02ca060882743822d7664933f2893bad', 1, 1, 285, 'Détails Station VSAT', 1, '1', '2017-06-05 01:27:55'),
(8593, 84, '48fe00a3628c3f68feb296ea4fded6b7', 1, 1, 107, 'VSAT HUB', 1, '1', '2017-06-05 01:27:55'),
(8594, 84, 'e850b170107e09b1f438fce02363fee2', 1, 1, 110, 'Editer HUB VSAT', 0, '1', '2017-06-05 01:27:55'),
(8595, 85, '353a1946036f3767c04ba3029a8be6c9', 1, 1, 108, 'Ajouter HUB VSAT', 1, '1', '2017-06-05 01:27:55'),
(8596, 86, '86f131a6547cdb32bbc7fcdbe083ca60', 1, 1, 109, 'Editer HUB VSAT', 1, '1', '2017-06-05 01:27:55'),
(8597, 87, '55d2609727e687228f49680104da9c12', 1, 1, 111, 'Supprimer VSAT HUB', 1, '1', '2017-06-05 01:27:55'),
(8598, 94, 'c0013695c79e432dbf44df790db464ab', 1, 1, 122, 'Gestion Satellites', 1, '1', '2017-06-05 01:27:55'),
(8599, 94, 'c345b00701f733e04b5ed2fb9e0e3e11', 1, 1, 126, 'Editer Satellite', 0, '1', '2017-06-05 01:27:55'),
(8600, 94, '49fbc84550aae2aac5e5552d331cf3de', 1, 1, 127, 'Valider Satellite', 0, '1', '2017-06-05 01:27:55'),
(8601, 95, '044c23ea7012771de4836432ef1f4faa', 1, 1, 123, 'Ajouter Satellite', 1, '1', '2017-06-05 01:27:55'),
(8602, 96, '2aec10bce5315ee30b495cd6908a559e', 1, 1, 124, 'Editer Satellite', 1, '1', '2017-06-05 01:27:55'),
(8603, 97, '047ad8dc15ab7e6086a6a24976f8360a', 1, 1, 125, 'Valider Satellite', 1, '1', '2017-06-05 01:27:55');

-- --------------------------------------------------------

--
-- Table structure for table `rules_action_temp`
--

CREATE TABLE IF NOT EXISTS `rules_action_temp` (
  `id` int(11) NOT NULL AUTO_INCREMENT COMMENT 'rule id',
  `idf` varchar(32) DEFAULT NULL COMMENT 'IDF Rul Mgt',
  `service` int(11) DEFAULT NULL COMMENT 'Service ID',
  `userid` int(11) NOT NULL COMMENT 'id user',
  `descrip` varchar(75) NOT NULL COMMENT 'description de rule',
  PRIMARY KEY (`id`),
  UNIQUE KEY `uniq_rule` (`idf`,`userid`),
  KEY `rules_action_user_sys` (`userid`),
  KEY `rule_action_service_id` (`service`)
) ENGINE=InnoDB DEFAULT CHARSET=latin1 COMMENT='Table store rules for each user for each App and action' AUTO_INCREMENT=1 ;

-- --------------------------------------------------------

--
-- Table structure for table `secteurs`
--

CREATE TABLE IF NOT EXISTS `secteurs` (
  `id` int(11) NOT NULL AUTO_INCREMENT COMMENT 'Id ligne',
  `libelle` varchar(20) NOT NULL COMMENT 'libelle secteur',
  `etat` tinyint(1) DEFAULT '1' COMMENT 'etat ligne',
  `creusr` int(11) NOT NULL COMMENT 'crée par',
  `credat` timestamp NOT NULL DEFAULT CURRENT_TIMESTAMP COMMENT 'date création',
  `updusr` int(11) DEFAULT NULL COMMENT 'derniere modif par',
  `upddat` timestamp NULL DEFAULT NULL COMMENT 'date derniere modif',
  PRIMARY KEY (`id`,`libelle`)
) ENGINE=InnoDB  DEFAULT CHARSET=utf8 AUTO_INCREMENT=7 ;

--
-- Dumping data for table `secteurs`
--

INSERT INTO `secteurs` (`id`, `libelle`, `etat`, `creusr`, `credat`, `updusr`, `upddat`) VALUES
(4, 'Secteur 1', 1, 1, '2017-05-08 22:34:23', NULL, NULL),
(5, 'Secteur 2', 1, 1, '2017-05-08 22:34:28', NULL, NULL),
(6, 'Secteur 3', 1, 1, '2017-05-08 22:34:44', NULL, NULL);

-- --------------------------------------------------------

--
-- Stand-in structure for view `secteur_gsm_by_technologie`
--
CREATE TABLE IF NOT EXISTS `secteur_gsm_by_technologie` (
`id_technologie` int(11)
,`id` int(11)
,`libelle` varchar(20)
,`etat` tinyint(1)
);
-- --------------------------------------------------------

--
-- Table structure for table `services`
--

CREATE TABLE IF NOT EXISTS `services` (
  `id` int(11) NOT NULL AUTO_INCREMENT COMMENT 'ID Groupe',
  `service` varchar(150) CHARACTER SET latin1 NOT NULL COMMENT 'Nom du Groupe',
  `sign` int(11) DEFAULT NULL COMMENT 'Exige une Signature',
  `etat` int(11) DEFAULT '0' COMMENT 'Etat line',
  `creusr` int(11) DEFAULT NULL COMMENT 'Créér par',
  `credat` datetime DEFAULT CURRENT_TIMESTAMP COMMENT 'Date de création',
  `updusr` int(11) DEFAULT NULL COMMENT 'Modifiée par',
  `upddat` datetime DEFAULT NULL COMMENT 'Date de modification',
  PRIMARY KEY (`id`)
) ENGINE=InnoDB  DEFAULT CHARSET=utf8 AUTO_INCREMENT=19 ;

--
-- Dumping data for table `services`
--

INSERT INTO `services` (`id`, `service`, `sign`, `etat`, `creusr`, `credat`, `updusr`, `upddat`) VALUES
(1, 'Administrateur', 1, 1, NULL, '2016-12-05 22:48:26', NULL, NULL),
(2, 'Agent de saisie', 1, 1, NULL, '2016-12-05 22:48:26', NULL, NULL),
(3, 'Direction Générale', 1, 1, NULL, '2016-12-05 22:48:26', NULL, NULL),
(4, 'Informatique', 1, 1, NULL, '2016-12-05 22:48:26', NULL, NULL),
(5, 'Finance', 0, 1, NULL, '2016-12-05 22:48:26', NULL, NULL),
(17, 'Direction Radiocommunication', 0, 1, 1, '2016-12-07 15:48:34', NULL, NULL),
(18, 'Test service modeif', 1, 1, 1, '2017-05-06 16:34:05', 1, '2017-05-06 16:35:33');

-- --------------------------------------------------------

--
-- Table structure for table `session`
--

CREATE TABLE IF NOT EXISTS `session` (
  `id_sys` int(11) NOT NULL AUTO_INCREMENT COMMENT 'ID SYS',
  `id` varchar(32) NOT NULL COMMENT 'id session MD5',
  `user` varchar(20) NOT NULL COMMENT 'Nom utilisateur',
  `dat` datetime NOT NULL DEFAULT CURRENT_TIMESTAMP COMMENT 'Time open session',
  `expir` datetime DEFAULT NULL COMMENT 'Date expiration',
  `ip` varchar(15) NOT NULL COMMENT 'IP Client',
  `browser` varchar(100) NOT NULL COMMENT 'Browser Utilisé',
  `userid` int(11) NOT NULL COMMENT 'ID utilisateur',
  PRIMARY KEY (`id_sys`),
  UNIQUE KEY `id` (`id`),
  KEY `session_user_id` (`userid`)
) ENGINE=InnoDB  DEFAULT CHARSET=latin1 AUTO_INCREMENT=9 ;

--
-- Dumping data for table `session`
--

INSERT INTO `session` (`id_sys`, `id`, `user`, `dat`, `expir`, `ip`, `browser`, `userid`) VALUES
(3, '3382a991fcf3fc1eefed6e0f7a2f03d9', 'admin', '2017-06-04 12:19:14', '2017-06-05 00:10:39', '::1', 'Mozilla/5.0 (Windows NT 10.0; Win64; x64; rv:53.0) Gecko/20100101 Firefox/53.0', 1),
(4, '10a4699da6b237fbfe64a0daaff3e24b', 'admin', '2017-06-05 00:10:39', '2017-06-05 03:21:00', '::1', 'Mozilla/5.0 (Windows NT 6.2; WOW64; rv:49.0) Gecko/20100101 Firefox/49.0', 1),
(5, '11a3874d049be5ce9781545923d6227b', 'admin', '2017-06-05 03:21:00', '2017-06-05 10:43:15', '::1', 'Mozilla/5.0 (Windows NT 6.2; WOW64; rv:49.0) Gecko/20100101 Firefox/49.0', 1),
(6, '028b7060c4f5fe8a160d51914b0e3505', 'admin', '2017-06-05 10:43:15', '2017-06-05 21:29:55', '::1', 'Mozilla/5.0 (Windows NT 6.2; WOW64; rv:49.0) Gecko/20100101 Firefox/49.0', 1),
(7, '97696cb4981fa3a28c4bcc732714409d', 'admin', '2017-06-05 21:30:10', '2017-06-06 09:56:26', '::1', 'Mozilla/5.0 (Windows NT 6.2; WOW64; rv:49.0) Gecko/20100101 Firefox/49.0', 1),
(8, '72e3403985f8c31883840d57d43b8a1e', 'admin', '2017-06-06 09:56:36', NULL, '::1', 'Mozilla/5.0 (Windows NT 6.2; WOW64; rv:49.0) Gecko/20100101 Firefox/49.0', 1);

-- --------------------------------------------------------

--
-- Table structure for table `sys_log`
--

CREATE TABLE IF NOT EXISTS `sys_log` (
  `id` int(11) NOT NULL AUTO_INCREMENT COMMENT 'ID Systeme',
  `message` varchar(400) DEFAULT NULL COMMENT 'Message',
  `type_log` varchar(10) DEFAULT NULL COMMENT 'Type of log (insert_update_delete_login_show)',
  `table_use` varchar(30) DEFAULT NULL COMMENT 'Table of ligne',
  `idm` int(11) DEFAULT NULL COMMENT 'ID of line',
  `user_exec` varchar(25) DEFAULT NULL COMMENT 'User Execute',
  `datlog` datetime DEFAULT CURRENT_TIMESTAMP COMMENT 'Date loggining',
  PRIMARY KEY (`id`)
) ENGINE=InnoDB DEFAULT CHARSET=utf8 AUTO_INCREMENT=1 ;

-- --------------------------------------------------------

--
-- Table structure for table `task`
--

CREATE TABLE IF NOT EXISTS `task` (
  `id` int(11) NOT NULL AUTO_INCREMENT COMMENT 'ID Sys',
  `app` varchar(100) NOT NULL COMMENT 'App Name',
  `modul` int(40) DEFAULT NULL COMMENT 'Module id ',
  `file` varchar(30) NOT NULL COMMENT 'File of App',
  `rep` varchar(60) DEFAULT NULL COMMENT 'Folder of App',
  `session` int(11) NOT NULL COMMENT 'Need session =1 else 0',
  `dscrip` varchar(50) DEFAULT NULL COMMENT 'Description',
  `sbclass` varchar(25) DEFAULT NULL COMMENT 'Class icon',
  `ajax` int(11) DEFAULT '0' COMMENT 'is Ajax App',
  `app_sys` int(11) NOT NULL DEFAULT '0' COMMENT 'Application Système',
  `etat` int(11) DEFAULT '0' COMMENT 'Etat de ligne',
  `type_view` varchar(10) DEFAULT NULL COMMENT 'Type affichage Application',
  `services` varchar(20) DEFAULT NULL COMMENT 'Les Services',
  PRIMARY KEY (`id`),
  UNIQUE KEY `UNIQUE` (`app`),
  KEY `task_ibfk_1` (`modul`)
) ENGINE=InnoDB  DEFAULT CHARSET=latin1 COMMENT='Table Task of modules' AUTO_INCREMENT=207 ;

--
-- Dumping data for table `task`
--

INSERT INTO `task` (`id`, `app`, `modul`, `file`, `rep`, `session`, `dscrip`, `sbclass`, `ajax`, `app_sys`, `etat`, `type_view`, `services`) VALUES
(1, 'login', 1, 'login', 'login', 0, 'Connexion', NULL, 0, 1, 0, '', '[-1-]'),
(2, 'forgot', 1, 'forgot', 'login', 0, 'Mot de passe oublie', NULL, 0, 1, 0, '', '[-1-]'),
(3, 'tdb', 1, 'tdb', 'tdb', 1, 'Tableau de bord', NULL, 0, 1, 0, '', '[-1-]'),
(4, 'logout', 1, 'logout', 'login', 1, 'Deconnexion', NULL, 0, 1, 0, '', '[-1-]'),
(5, 'check', 1, 'check', 'ajax', 1, 'Check All', NULL, 1, 1, 0, '', '[-1-]'),
(6, 'shopdf', 1, 'shopdf', 'ajax', 1, 'PDF Viewer', NULL, 1, 1, 0, '', '[-1-]'),
(7, 'tooltip', 1, 'tooltip', 'ajax', 1, 'annotation', NULL, 1, 1, 0, '', '[-1-]'),
(8, 'dbd', 1, 'dbd', 'tdb', 1, 'Tableau de bord', NULL, 0, 1, 0, '', '[-1-]'),
(9, 'upload', 1, 'upload', 'ajax', 1, 'Uploder', NULL, 1, 1, 0, '', '[-1-]'),
(10, 'add_pic', 1, 'add_pic', 'ajax', 1, 'Add Pic Gallery', NULL, 1, 1, 0, '', '[-1-]'),
(11, 'loadenselect', 1, 'loadenselect', 'ajax', 0, 'remplir select', NULL, 1, 1, 0, '', '[-1-]'),
(12, 'errorjs', 1, 'errorjs', 'ajax', 0, 'Erreur JS', NULL, 0, 1, 0, '', '[-1-]'),
(13, 'recovery', 1, 'recovery', 'login', 0, 'Récuperation Motde passe', NULL, 0, 1, 0, '', '[-1-]'),
(14, 'user', 2, 'user', 'users', 1, 'Utilisateurs', 'users', 1, 0, 0, 'list', '[-1-]'),
(15, 'adduser', 2, 'adduser', 'users', 1, 'Ajouter Utilisateur', NULL, 1, 0, 0, 'form', '[-1-]'),
(16, 'edituser', 2, 'edituser', 'users', 1, 'Editer compte utilisateur', NULL, 1, 0, 0, 'form', '[-1-]'),
(17, 'rules', 2, 'rules', 'users', 1, 'Permission Utilisateur', 'users', 1, 0, 0, 'form', '[-1-]'),
(18, 'delete_user', 2, 'delete_user', 'users', 1, 'Supprimer utilisateur', 'trash', 1, 0, 0, 'exec', 'null'),
(19, 'compte', 2, 'compte', 'users', 1, 'Details profile utilisateur', NULL, 1, 1, 0, 'profil', '[-1-]'),
(20, 'activeuser', 2, 'activeuser', 'users', 1, 'Activer utilisateur', 'unlock', 1, 0, 0, 'exec', '[-1-]'),
(21, 'modul', 3, 'modul', 'modul_mgr', 1, 'Modules', 'cubes', 1, 0, 0, 'list', '[-1-]'),
(22, 'addmodul', 3, 'addmodul', 'modul_mgr', 1, 'Ajouter Module', '', 1, 1, 0, 'form', '[-1-]'),
(23, 'editmodul', 3, 'editmodul', 'modul_mgr', 1, 'Editer Module', '', 1, 1, 0, 'form', '[-1-]'),
(24, 'task', 3, 'task', 'modul_mgr', 1, 'Liste Application Associes', '', 1, 1, 0, 'list', '[-1-]'),
(25, 'addtask', 3, 'addtask', 'modul_mgr', 1, 'Ajouter Module Task', '', 1, 1, 0, 'form', '[-1-]'),
(26, 'edittask', 3, 'edittask', 'modul_mgr', 1, 'Editer Module Task', '', 1, 1, 0, 'form', '[-1-]'),
(27, 'taskaction', 3, 'taskaction', 'modul_mgr', 1, 'Liste Task Action', '0', 1, 0, 0, 'list', '[-1-]'),
(28, 'addtaskaction', 3, 'addtaskaction', 'modul_mgr', 1, 'Ajouter Action Task', '0', 1, 0, 0, 'form', '[-1-3-]'),
(29, 'deletetask', 3, 'deletetask', 'modul_mgr', 1, 'Supprimer Application', NULL, 1, 0, 0, 'exec', '[-1-]'),
(33, 'importmodul', 3, 'importmodul', 'modul_mgr', 1, 'Importer des modules', NULL, 1, 0, 0, 'exec', '[-1-]'),
(34, 'services', 4, 'services', 'users/settings/services', 1, 'Services', 'briefcase', 1, 0, 0, 'list', '[-1-]'),
(35, 'addservice', 4, 'addservice', 'users/settings/services', 1, 'Ajouter Service', NULL, 1, 0, 0, 'form', '[-1-2-]'),
(36, 'editservice', 4, 'editservice', 'users/settings/services', 1, 'Modifier Service', NULL, 1, 0, 0, 'form', '[-1-2-]'),
(37, 'validservice', 4, 'validservice', 'users/settings/services', 1, 'Valider Service', NULL, 1, 0, 0, 'exec', '[-1-2-]'),
(38, 'deletservice', 4, 'deletservice', 'users/settings/services', 1, 'Supprimer Service', NULL, 1, 0, 0, 'exec', '[-1-2-]'),
(39, 'prm', 5, 'prm', 'permissionnaire', 1, 'Permissionnaires', 'th_list', 1, 0, 0, 'list', '[-1-2-17-]'),
(40, 'addprm', 5, 'addprm', 'permissionnaire', 1, 'Ajouter Permissionnaire', '0', 1, 0, 0, 'form', NULL),
(41, 'editprm', 5, 'editprm', 'permissionnaire', 1, 'Editer  Permissionnaire', '0', 1, 0, 0, 'form', NULL),
(42, 'deleteprm', 5, 'deleteprm', 'permissionnaire', 1, 'Supprimer Permissionnaire', '0', 1, 1, 0, 'exec', NULL),
(43, 'autocomplet', 1, 'autocomplet', 'ajax', 1, 'Auto complete Input', NULL, 1, 1, 0, '', '[-1-]'),
(53, 'addtest', 1, 'addtest', 'tdb', 1, 'Test galerry', NULL, 1, 1, 0, 'form', '[-1-2-17-]'),
(54, 'active_prm', 5, 'active_prm', 'permissionnaire', 1, 'Activation Permissionnaire', NULL, 1, 0, 0, 'exec', '[-1-2-17-]'),
(55, 'addmodulsetting', 3, 'addmodulsetting', 'modul_mgr', 1, 'Ajouter Module paramétrage', NULL, 1, 0, 0, 'form', '[-1-]'),
(62, 'editmodulsetting', 3, 'editmodulsetting', 'modul_mgr', 1, 'Editer Module paramètrage', 'na', 1, 0, 0, 'form', '[-1-]'),
(66, 'setting', 1, 'setting', 'tdb', 1, 'Paramètrages', NULL, 1, 1, 0, '', '[-1-]'),
(73, 'installateurs', 25, 'installateurs', 'installateurs', 1, 'Gestion Installateurs', 'installer', 1, 0, 0, 'list', '[-1-17-]'),
(75, 'addinstallateur_ph', 25, 'addinstallateur_ph', 'installateurs', 1, 'Ajouter Installateur', NULL, 1, 0, 0, 'form', '[-1-17-]'),
(77, 'editinstallateur', 25, 'editinstallateur', 'installateurs', 1, 'Editer Installateur', NULL, 1, 0, 0, 'form', '[-1-17-]'),
(78, 'validinstallateur', 25, 'validinstallateur', 'installateurs', 1, 'Valider Installateur', NULL, 1, 0, 0, 'exec', '[-1-17-]'),
(79, 'addetatrule', 3, 'addetatrule', 'modul_mgr', 1, 'Ajouter Autorisation Etat', NULL, 1, 0, 0, 'form', '[-1-]'),
(83, 'addinstallateur_m', 25, 'addinstallateur_m', 'installateurs', 1, 'Ajouter Installateur', NULL, 1, 0, 0, 'form', '[-1-17-]'),
(84, 'vsat_hub', 27, 'vsat_hub', 'vsat/settings/vsat_hub', 1, 'VSAT HUB', 'asterisk', 1, 0, 0, 'list', '[-1-2-17-]'),
(85, 'addvsat_hub', 27, 'addvsat_hub', 'vsat/settings/vsat_hub', 1, 'Ajouter HUB VSAT', NULL, 1, 0, 0, 'form', '[-1-2-17-]'),
(86, 'editvsat_hub', 27, 'editvsat_hub', 'vsat/settings/vsat_hub', 1, 'Editer HUB VSAT', NULL, 1, 0, 0, 'form', '[-1-2-17-]'),
(87, 'deletevsat_hub', 27, 'deletevsat_hub', 'vsat/settings/vsat_hub', 1, 'Supprimer VSAT HUB', NULL, 1, 0, 0, 'exec', '[-1-2-17-]'),
(89, 'villes', 28, 'villes', 'Systeme/settings/villes', 1, 'Gestion Villes', 'building', 1, 0, 0, 'list', '[-1-]'),
(90, 'addville', 28, 'addville', 'Systeme/settings/villes', 1, 'Ajouter ville', NULL, 1, 0, 0, 'form', '[-1-]'),
(91, 'editville', 28, 'editville', 'Systeme/settings/villes', 1, 'Editer Ville', NULL, 1, 0, 0, 'form', '[-1-]'),
(92, 'deleteville', 28, 'deleteville', 'Systeme/settings/villes', 1, 'Supprimer Ville', NULL, 1, 0, 0, 'exec', '[-1-]'),
(93, 'activeville', 28, 'activeville', 'Systeme/settings/villes', 1, 'Activer Ville', NULL, 1, 0, 0, 'exec', '[-1-]'),
(94, 'vsat_satellite', 29, 'vsat_satellite', 'vsat/settings/vsat_satellite', 1, 'Gestion Satellites', 'skyatlas', 1, 0, 0, 'list', '[-1-2-17-]'),
(95, 'addvsat_satellite', 29, 'addvsat_satellite', 'vsat/settings/vsat_satellite', 1, 'Ajouter Satellite', NULL, 1, 0, 0, 'form', '[-1-2-17-]'),
(96, 'editvsat_satellite', 29, 'editvsat_satellite', 'vsat/settings/vsat_satellite', 1, 'Editer Satellite', NULL, 1, 0, 0, 'form', '[-1-2-17-]'),
(97, 'validvsat_satellite', 29, 'validvsat_satellite', 'vsat/settings/vsat_satellite', 1, 'Valider Satellite', NULL, 1, 0, 0, 'exec', '[-1-2-17-]'),
(102, 'anonymes', 31, 'anonymes', 'anonymes', 1, 'Anonymes', 'eye-slash', 1, 0, 0, 'list', '[-1-2-17-]'),
(103, 'addanonyme', 31, 'addanonyme', 'anonymes', 1, 'Ajouter un anonyme', 'cogs', 1, 0, 0, 'form', '[-1-]'),
(104, 'editanonyme', 31, 'editanonyme', 'anonymes', 1, 'Modifier Anonyme', 'cogs', 1, 0, 0, 'form', '[-1-]'),
(105, 'deleteanonyme', 31, 'deleteanonyme', 'anonymes', 1, 'Supprimer Anonyme', 'cogs', 1, 0, 0, 'exec', '[-1-]'),
(106, 'validanonyme', 31, 'validanonyme', 'anonymes', 1, 'Valider Anonyme', 'cogs', 1, 0, 0, 'exec', '[-1-]'),
(107, 'archiv_user', 2, 'archiv_user', 'users', 1, 'Désactiver l''utilisateur', 'ban', 1, 0, 0, 'exec', '[-1-]'),
(108, 'edittaskaction', 3, 'edittaskaction', 'modul_mgr', 1, 'Editer Task Action', 'pen', 1, 0, 0, 'form', '[-1-]'),
(109, 'test', 27, 'test', 'VSAT/settings/vsat_hub', 1, 'test', 'test', 1, 0, 0, 'list', '[-1-2-17-]'),
(110, 'test1', 27, 'test1', 'VSAT/settings/vsat_hub', 1, 'test', 'test', 1, 0, 0, 'list', '[-1-2-17-]'),
(112, 'xxxxxx', 27, 'xxxxxx', 'VSAT/settings/vsat_hub', 1, 'xxxxx', NULL, 1, 0, 0, 'list', '[-1-2-17-]'),
(113, 'yyyyy', 27, 'yyyyy', 'VSAT/settings/vsat_hub', 1, 'yyyyy', NULL, 1, 0, 0, 'list', '[-1-2-17-]'),
(114, 'yyyyyd', 27, 'yyyyyd', 'VSAT/settings/vsat_hub', 1, 'yyyyyd', NULL, 1, 0, 0, 'list', '[-1-2-17-]'),
(115, 'yyyyydd', 27, 'yyyyydd', 'VSAT/settings/vsat_hub', 1, 'yyyyydd', NULL, 1, 0, 0, 'list', '[-1-2-17-]'),
(116, 'iieueu', 29, 'iieueu', 'VSAT/settings/vsat_satellite', 1, 'uuyet', NULL, 1, 0, 0, 'list', '[-1-2-17-]'),
(117, 'blr_stations', 32, 'blr_stations', 'blr_stations', 1, 'BLR Stations', 'blr', 1, 0, 0, 'list', '[-1-]'),
(118, 'addblr_stations', 32, 'addblr_stations', 'blr_stations', 1, 'Ajouter Station', 'cogs', 1, 0, 0, 'form', '[-1-]'),
(119, 'editblr_stations', 32, 'editblr_stations', 'blr_stations', 1, 'Modifier Station', 'cogs', 1, 0, 0, 'form', '[-1-]'),
(121, 'blr_clients', 32, 'blr_clients', 'blr_stations', 1, 'BLR Clients', 'envelope', 1, 0, 0, 'list', '[-1-]'),
(122, 'addblr_clients', 32, 'addblr_clients', 'blr_stations', 1, 'Ajouter BLR Client', 'cogs', 1, 0, 0, 'form', '[-1-]'),
(123, 'editblr_clients', 32, 'editblr_clients', 'blr_stations', 1, 'Modifier BLR Client', 'cogs', 1, 0, 0, 'form', '[-1-]'),
(124, 'deleteblr_clients', 32, 'deleteblr_clients', 'blr_stations', 1, 'Supprimer client', 'cogs', 1, 0, 0, 'exec', '[-1-]'),
(125, 'validblr_stations', 32, 'validblr_stations', 'blr_stations', 1, 'Validation station BLR', 'cogs', 1, 0, 0, 'exec', '[-1-]'),
(126, 'validblr_clients', 32, 'validblr_clients', 'blr_stations', 1, 'Validation client BLR', 'cogs', 1, 0, 0, 'exec', '[-1-]'),
(127, 'uhf_vhf_stations', 33, 'uhf_vhf_stations', 'uhf_vhf_stations', 1, 'UHF/VHF Stations', 'cogs', 1, 0, 0, 'list', '[-1-]'),
(128, 'adduhf_vhf_stations', 33, 'adduhf_vhf_stations', 'uhf_vhf_stations', 1, 'Ajouter Station UHF/VHF', 'cogs', 1, 0, 0, 'form', '[-1-]'),
(129, 'edituhf_vhf_stations', 33, 'edituhf_vhf_stations', 'uhf_vhf_stations', 1, 'Modifier Station UHF/VHF', 'cogs', 1, 0, 0, 'form', '[-1-]'),
(131, 'validuhf_vhf_stations', 33, 'validuhf_vhf_stations', 'uhf_vhf_stations', 1, 'Valider Station UHF/VHF', 'cogs', 1, 0, 0, 'exec', '[-1-]'),
(132, 'adduhf_vhf_clt_mobile', 33, 'adduhf_vhf_clt_mobile', 'uhf_vhf_stations', 1, 'Ajout Client Mobile', 'cloud', 1, 0, 0, 'form', '[-1-]'),
(133, 'edituhf_vhf_clt_mobile', 33, 'edituhf_vhf_clt_mobile', 'uhf_vhf_stations', 1, 'Modifier Client mobile', 'cogs', 1, 0, 0, 'form', '[-1-]'),
(134, 'uhf_vhf_clients', 33, 'uhf_vhf_clients', 'uhf_vhf_stations', 1, 'UHF/VHF Clients', 'cogs', 1, 0, 0, 'list', '[-1-]'),
(136, 'adduhf_vhf_clt_handset', 33, 'adduhf_vhf_clt_handset', 'uhf_vhf_stations', 1, 'Ajout Client Handset', 'cogs', 1, 0, 0, 'form', '[-1-]'),
(137, 'adduhf_vhf_clt_fixe', 33, 'adduhf_vhf_clt_fixe', 'uhf_vhf_stations', 1, 'Ajout Client Fixe', 'cogs', 1, 0, 0, 'form', '[-1-]'),
(139, 'edituhf_vhf_clt_handset', 33, 'edituhf_vhf_clt_handset', 'uhf_vhf_stations', 1, 'Modifier Client Handset', 'cogs', 1, 0, 0, 'form', '[-1-]'),
(140, 'edituhf_vhf_clt_fixe', 33, 'edituhf_vhf_clt_fixe', 'uhf_vhf_stations', 1, 'Modifier Client Fixe', 'cogs', 1, 0, 0, 'form', '[-1-]'),
(141, 'edituhf_vhf_clients', 33, 'edituhf_vhf_clients', 'uhf_vhf_stations', 1, 'Modifier Client UHF/VHF', 'cogs', 1, 0, 0, 'form', '[-1-]'),
(142, 'gsm', 34, 'gsm', 'gsm', 1, 'Stations GSM', 'gsm', 1, 0, 0, 'list', '[-1-19-18-]'),
(143, 'addgsm', 34, 'addgsm', 'gsm', 1, 'AJouter Station GSM', NULL, 1, 0, 0, 'form', '[-19-18-]'),
(144, 'editgsm', 34, 'editgsm', 'gsm', 1, 'Editer Station GSM', NULL, 1, 0, 0, 'form', '[-19-18-]'),
(145, 'deletegsm', 34, 'deletegsm', 'gsm', 1, 'Supprimer Station', NULL, 1, 0, 0, 'exec', '[-19-18-]'),
(146, 'gsm_technologie', 34, 'gsm_technologie', 'gsm', 1, 'GSM Technologie', NULL, 1, 0, 0, 'list', '[-1-19-18-]'),
(147, 'addgsm_technologie', 34, 'addgsm_technologie', 'gsm', 1, 'Ajouter GSM Technologie', NULL, 1, 0, 0, 'form', '[-19-18-]'),
(148, 'editgsm_technologie', 34, 'editgsm_technologie', 'gsm', 1, 'Editer GSM Technologie', NULL, 1, 0, 0, 'form', '[1-19-18-]'),
(149, 'deletegsm_technologie', 34, 'deletegsm_technologie', 'gsm', 1, 'Supprimer technologie GSM', 'gsm', 1, 0, 0, 'exec', '[-1-19-18-]'),
(150, 'gsm_secteur', 34, 'gsm_secteur', 'gsm', 1, 'GSM Secteur', 'bullhorn', 1, 0, 0, 'list', '[-1-19-18-]'),
(151, 'addgsm_secteur', 34, 'addgsm_secteur', 'gsm', 1, 'Ajouter GSM Secteur', 'bullhorn', 1, 0, 0, 'form', '[-1-19-18-]'),
(152, 'editgsm_secteur', 34, 'editgsm_secteur', 'gsm', 1, 'Editer GSM Secteur', 'cogs', 1, 0, 0, 'form', '[-1-19-18-]'),
(153, 'deletegsm_secteur', 34, 'deletegsm_secteur', 'gsm', 1, 'Supprimer secteur GSM', 'lock', 1, 0, 0, 'exec', '[-1-19-18-]'),
(154, 'validgsm', 34, 'validgsm', 'gsm', 1, 'Valider Station GSM', 'unlock', 1, 0, 0, 'exec', '[-1-19-18-]'),
(158, 'deleteinstallateur', 25, 'deleteinstallateur', 'installateurs', 1, 'Supprimer installateur', 'lock', 1, 0, 0, 'exec', '[-1-17-]'),
(160, 'consultprm', 5, 'consultprm', 'permissionnaire', 1, 'Consulter permissionnaire', 'eye', 1, 0, 0, 'profil', '[-1-2-17-]'),
(161, 'changepass', 2, 'changepass', 'users', 1, 'Changer le mot de passe', 'cogs', 1, 0, 0, 'form', '[-1-]'),
(162, 'history', 2, 'history', 'users', 1, 'History', 'users', 1, 0, 0, 'list', '[-1-]'),
(163, 'activities', 2, 'activities', 'users', 1, 'Activities', 'users', 1, 0, 0, 'list', '[-1-]'),
(167, 'update_module', 3, 'update_module', 'modul_mgr', 1, 'MAJ Module', 'pencil-square-o', 1, 0, 0, 'exec', '[-1-]'),
(192, 'vsat', 53, 'vsat', 'VSAT', 1, 'Gestion VSAT', 'vsat', 1, 0, 0, 'list', '[-1-2-17-]'),
(193, 'addvsat', 53, 'addvsat', 'VSAT', 1, 'Ajouter Station VSAT', NULL, 1, 0, 0, 'form', 'null'),
(194, 'editvsat', 53, 'editvsat', 'VSAT', 1, 'Editer Station VSAT', NULL, 1, 0, 0, 'form', '[-1-2-17-]'),
(195, 'deletevsat', 53, 'deletevsat', 'VSAT', 1, 'Supprimer Station VSAT', NULL, 1, 0, 0, 'exec', '[-1-2-17-]'),
(197, 'detailsanonyme', 31, 'detailsanonyme', 'anonymes', 1, 'Détails anonyme', 'cogs', 1, 0, 0, 'profil', '[-1-2-17-]'),
(198, 'detailsblr', 32, 'detailsblr', 'blr_stations', 1, 'Détails station BLR', 'cogs', 1, 0, 0, 'profil', '[-1-]'),
(199, 'detailsblr_clients', 32, 'detailsblr_clients', 'blr_stations', 1, 'Détails client BLR', 'cogs', 1, 0, 0, 'profil', '[-1-]'),
(201, 'detailsvsat', 53, 'detailsvsat', 'vsat', 1, 'Détails Station VSAT', 'cogs', 1, 0, 0, 'profil', '[-1-2-17-]'),
(202, 'detailsuhf_vhf', 33, 'detailsuhf_vhf', 'uhf_vhf_stations', 1, 'Détails station uhf_vhf', 'cogs', 1, 0, 0, 'profil', '[-1-]'),
(203, 'detailsuhf_vhf_clients_fixe', 33, 'detailsuhf_vhf_clients_fixe', 'uhf_vhf_stations', 1, 'Détails Client Fixe', 'cogs', 1, 0, 0, 'profil', '[-1-]'),
(204, 'detailsuhf_vhf_clients_handset', 33, 'detailsuhf_vhf_clients_handset', 'uhf_vhf_stations', 1, 'Détails Client Handset', 'cogs', 1, 0, 0, 'profil', '[-1-]'),
(205, 'detailsuhf_vhf_clients_mobile', 33, 'detailsuhf_vhf_clients_mobile', 'uhf_vhf_stations', 1, 'Détails Client Mobile', 'cogs', 1, 0, 0, 'profil', '[-1-]'),
(206, 'detailsuhf_vhf_clients', 33, 'detailsuhf_vhf_clients', 'uhf_vhf_stations', 1, 'Détails client UHF/VHF', 'cogs', 1, 0, 0, 'profil', '[-1-]');

-- --------------------------------------------------------

--
-- Table structure for table `task_action`
--

CREATE TABLE IF NOT EXISTS `task_action` (
  `id` int(11) NOT NULL AUTO_INCREMENT COMMENT 'ID App Action (AI)',
  `appid` int(11) NOT NULL COMMENT 'ID Application',
  `idf` varchar(32) DEFAULT NULL COMMENT 'Idf for Mgt rules',
  `descrip` varchar(75) NOT NULL COMMENT 'Description',
  `mode_exec` varchar(10) DEFAULT NULL COMMENT 'Mode execution',
  `app` varchar(100) DEFAULT NULL COMMENT 'Appli to call',
  `class` varchar(30) DEFAULT NULL COMMENT 'Class menu',
  `code` text NOT NULL COMMENT 'code html',
  `type` int(11) NOT NULL DEFAULT '0' COMMENT 'action = 0 task=1',
  `service` varchar(30) DEFAULT NULL COMMENT 'User Service ID',
  `etat_line` int(11) NOT NULL COMMENT 'Etat de la ligne quand si action liste',
  `notif` int(1) DEFAULT '0' COMMENT 'Notification ligne',
  `etat_desc` varchar(200) DEFAULT NULL COMMENT 'Descrp ETAT line',
  `creusr` varchar(25) DEFAULT NULL COMMENT 'Add by',
  `credat` datetime DEFAULT NULL COMMENT 'add date',
  `updusr` varchar(25) DEFAULT NULL COMMENT 'update by',
  `upddat` datetime DEFAULT NULL COMMENT 'update by',
  PRIMARY KEY (`id`),
  KEY `task_action_task` (`appid`),
  KEY `task_action_descrip` (`descrip`)
) ENGINE=InnoDB  DEFAULT CHARSET=latin1 COMMENT='Table of Task_Action and Permission of Task' AUTO_INCREMENT=295 ;

--
-- Dumping data for table `task_action`
--

INSERT INTO `task_action` (`id`, `appid`, `idf`, `descrip`, `mode_exec`, `app`, `class`, `code`, `type`, `service`, `etat_line`, `notif`, `etat_desc`, `creusr`, `credat`, `updusr`, `upddat`) VALUES
(1, 14, '56de23d30d6c54297c8d9772cd3c7f57', 'Utilisateurs', NULL, 'user', NULL, '', 1, '-1-2-', 1, 0, NULL, NULL, NULL, NULL, NULL),
(2, 15, 'df91a8e6f8ee2cde64495fc0cc7d6c6f', 'Ajouter Utilisateurs', NULL, 'adduser', NULL, '', 1, '-1-2-', 1, 0, NULL, NULL, NULL, NULL, NULL),
(3, 14, 'e656756fb7b39a4e6ddcabca75ff2970', 'Editer Utilisateur', 'this_url', 'user', NULL, '<li><a href="#" class="this_url" redi="user" data="%id%" rel="edituser" >\r\n     <i class="ace-icon fa fa-pencil bigger-100"></i> Editer compte\r\n   </a></li>', 0, '-1-2-', 1, 0, NULL, NULL, NULL, NULL, NULL),
(4, 16, '2bb46b52eab9eecbdbba35605da07234', 'Editer Utilisateurs', NULL, 'edituser', NULL, '', 1, '-1-2-', 1, 0, NULL, NULL, NULL, NULL, NULL),
(5, 17, '3f59a1326df27378304e142ab3bec090', 'Permission', NULL, 'rules', NULL, '', 1, '-1-2-', 1, 0, NULL, NULL, NULL, NULL, NULL),
(6, 14, 'c073a277957ca1b9f318ac3902555708', 'Permissions', 'this_url', 'user', NULL, '<li><a href="#" class="this_url" redi="user" data="%id%" rel="rules"  >\n     <i class="ace-icon fa fa-key bigger-100"></i> Permission compte\n    </a></li>', 0, '-1-2-', 1, 0, NULL, NULL, NULL, NULL, NULL),
(7, 18, 'b919571c88d036f8889742a81a4f41fd', 'Supprimer utilisateur', NULL, 'delete_user', NULL, '', 1, '[-1-]', 1, 0, NULL, NULL, NULL, NULL, NULL),
(8, 14, 'c51499ddf7007787c4434661c658bbd1', 'Désactiver compte', 'this_exec', 'user', NULL, '<li><a href="#" class="this_exec" data="%id%" rel="activeuser" ><i class="ace-icon fa fa-lock bigger-100"></i> Désactiver utilisateur</a></li>', 0, '-1-2-', 1, 0, NULL, NULL, NULL, NULL, NULL),
(9, 21, 'b8e62907d367fb44d644a5189cd07f42', 'Modules', NULL, 'modul', NULL, '', 1, 'null', 1, 0, NULL, NULL, NULL, NULL, NULL),
(10, 22, '44bd5341b0ab41ced21db8b3e92cf5aa', 'Ajouter un Modul', NULL, 'addmodul', NULL, '', 1, '-1-2-', 1, 0, NULL, NULL, NULL, NULL, NULL),
(11, 21, '05ce9e55686161d99e0714bb86243e5b', 'Editer Module', 'this_url', 'modul', NULL, '<li><a href="#" class="this_url" data="%id%" rel="editmodul" >\r\n      <i class="ace-icon fa fa-pencil bigger-100"></i> Editer Module\r\n    </a></li>', 0, '-1-2-', 0, 1, NULL, NULL, NULL, NULL, NULL),
(12, 21, '819cf9c18a44cb80771a066768d585f2', 'Exporter Module', NULL, 'modul', NULL, '<li><a href="#" class="export_mod" data="%id%&export=1&mod=%id%" rel="modul" item="%id%" >\r\n      <i class="ace-icon fa fa-download bigger-100"></i> Exporter Module\r\n    </a></li>', 0, '-1-2-', 0, 0, NULL, NULL, NULL, NULL, NULL),
(13, 21, 'd2fc3ee15cee5208a8b9c70f1e53c196', 'Liste task modul', 'this_url', 'modul', NULL, '<li><a href="#" class="this_url" data="%id%" rel="task" >\r\n     <i class="ace-icon fa fa-external-link bigger-100"></i>Application associes\r\n    </a></li>', 0, '-1-2-', 0, 0, NULL, NULL, NULL, NULL, NULL),
(14, 25, '1c452aff8f1551b3574e15b74147ea56', 'Ajouter Task Modul', NULL, 'addtask', NULL, '', 1, '-1-2-', 1, 0, NULL, NULL, NULL, NULL, NULL),
(15, 26, 'f085fe4610576987db963501297e4d91', 'Editer Task Modul', NULL, 'edittask', NULL, '', 1, '-1-2-', 1, 0, NULL, NULL, NULL, NULL, NULL),
(16, 24, '8653b156f1a4160a12e5a94b211e59a2', 'Liste Action Task', 'this_url', 'task', NULL, '<li><a href="#" class="this_url" data="%id%" rel="taskaction"  >\r\n     <i class="ace-icon fa fa-external-link bigger-100"></i>Application associes\r\n    </a></li>', 0, '-1-2-', 0, 0, NULL, NULL, NULL, NULL, NULL),
(18, 26, '38702c272a6f4d334c2f4c3684c8b163', 'Ajouter action modul', NULL, 'edittask', NULL, '', 1, '-1-2-', 1, 0, NULL, NULL, NULL, NULL, NULL),
(19, 28, '502460cd9327b46ee7af0a258ebf8c80', 'Ajouter Action Task', NULL, 'addtaskaction', NULL, '', 1, '[-1-3-]', 1, 0, NULL, NULL, NULL, NULL, NULL),
(20, 27, 'cbae1ebe850f6dd8841426c6fedf1785', 'Liste Action Task', NULL, 'taskaction', NULL, '', 1, '[-1-]', 1, 0, NULL, NULL, NULL, NULL, NULL),
(21, 29, '13c107211904d4a2e65dd65c60ec7272', 'Supprimer Application', NULL, 'deletetask', NULL, '', 1, 'null', 1, 0, NULL, NULL, NULL, NULL, NULL),
(22, 24, '86aced763bc02e1957a5c740fb37b4f7', 'Supprimer Application', 'this_exec', 'task', NULL, '<li><a href="#" class="this_exec" data="%id%" rel="task"  ><i class="ace-icon fa fa-draft bigger-100"></i> Supprimer Application</a></li>', 0, '[-1-]', 0, 0, NULL, NULL, NULL, NULL, NULL),
(23, 14, '10096b6f54456bcfc85081523ee64cf6', 'Supprimer utilisateur', 'this_exec', 'user', NULL, '<li><a href="#" class="this_exec" data="%id%" rel="delete_user" ><i class="ace-icon fa fa-trash red bigger-100"></i> Supprimer utilisateur</a></li>', 0, '[-1-]', 1, 0, NULL, NULL, NULL, NULL, NULL),
(24, 33, '8c8acf9cf3790b16b1fae26823f45eab', 'Importer des modules', NULL, 'importmodul', NULL, '', 1, '[-1-]', 1, 0, NULL, NULL, NULL, NULL, NULL),
(25, 14, 'a0999cbed820aff775adf27276ee54a4', 'Editer Utilisateur', 'this_url', 'user', NULL, '<li><a href="#" class="this_url" data="%id%" rel="edituser" ><i class="ace-icon fa fa-users bigger-100"></i> Editer compte</a></li>', 0, '[-1-]', 0, 0, NULL, NULL, NULL, NULL, NULL),
(26, 20, 'f988a608f35a0bc551cb038b1706d207', 'Activer utilisateur', NULL, 'activeuser', NULL, '', 1, '[-1-]', 1, 0, NULL, NULL, NULL, NULL, NULL),
(27, 14, '9aa6877656339ddff2478b20449a924b', 'Activer compte', 'this_exec', 'user', NULL, '<li><a href="#" class="this_exec" data="%id%" rel="activeuser" ><i class="ace-icon fa fa-unlock bigger-100"></i> Activer utilisateur</a></li>', 0, '[-1-]', 0, 1, NULL, NULL, NULL, NULL, NULL),
(28, 34, '83b9fa44466da4bcd7f8304185bfeac8', 'Services', NULL, 'services', NULL, '', 1, 'null', 1, 0, NULL, NULL, NULL, NULL, NULL),
(29, 35, '55043bc4207521e3010e91d6267f5302', 'Ajouter Service', NULL, 'addservice', NULL, '', 1, '[-1-2-4-]', 1, 0, NULL, NULL, NULL, NULL, NULL),
(30, 36, '2fea3d893f6b6e81467ddd2a744e4a76', 'Modifier Service', NULL, 'editservice', NULL, '', 1, '[-1-2-4-]', 1, 0, NULL, NULL, NULL, NULL, NULL),
(31, 37, '1a0d5897d31b4d5e29022671c1112f59', 'Valider Service', NULL, 'validservice', NULL, '', 1, '[-1-2-4-]', 1, 0, NULL, NULL, NULL, NULL, NULL),
(32, 38, '42083d4e159baf7c2ace2bb977e2b0a0', 'Supprimer Service', NULL, 'deletservice', NULL, '', 1, '[-1-2-4-]', 1, 0, NULL, NULL, NULL, NULL, NULL),
(33, 34, '99aea4598ccc18d4c12ae091c8967d13', 'Valider Service', 'this_exec', 'services', NULL, '<li><a href="#" class="this_exec" data="%id%" rel="validservice" ><i class="ace-icon fa fa-unlock bigger-100"></i> Valider Service</a></li>', 0, '[-1-2-4-]', 0, 1, NULL, NULL, NULL, NULL, NULL),
(34, 34, 'bb66cf787052616ea3dd02b0b5199b26', 'Supprimer Service', 'this_exec', 'services', NULL, '<li><a href="#" class="this_exec" data="%id%" rel="deletservice" ><i class="ace-icon fa fa-trash bigger-100"></i> Supprimer Service</a></li>', 0, '[-1-2-4-]', 0, 0, NULL, NULL, NULL, NULL, NULL),
(45, 19, '38f89764a26e39ce029cd3132c12b2a5', 'Compte utilisateur', NULL, 'compte', NULL, '', 1, '[-1-]', 1, 0, NULL, NULL, NULL, NULL, NULL),
(56, 39, '783fa5c0f5f7025cf964051698103346', 'Permissionnaires', NULL, 'prm', NULL, '', 1, 'null', 1, 0, NULL, NULL, NULL, NULL, NULL),
(57, 39, 'e2ef74a2bd59ec11667d2d1b830b2cf6', 'Editer Permissionnaire', 'this_url', 'prm', NULL, '<li><a href="#" class="this_url" redi="prm" data="%id%" rel="editprm" item="%id%" >\r\n     <i class="ace-icon fa fa-pencil bigger-100"></i> Editer Permissionnaire\r\n   </a></li>', 0, '-1-2-', 0, 0, NULL, NULL, NULL, NULL, NULL),
(58, 40, '47184c615fbb3a100584935fc82200d4', 'Ajouter Permissionnaire', NULL, 'addprm', NULL, '', 1, '-1-2-', 1, 0, NULL, NULL, NULL, NULL, NULL),
(59, 41, 'bcf0b1f16bf84fafd825d1ac1b80c315', 'Editer Permissionnaire', NULL, 'editprm', NULL, '', 1, '-1-2-', 1, 0, NULL, NULL, NULL, NULL, NULL),
(60, 42, '74a5678361026ebb62dd621f38a190db', 'Suprimer Permissionnaire', 'this_exec', 'deleteprm', NULL, '<li><a href="#" class="this_exec" data="id=%id%&idc=%idc%" rel="deleteprm" item="%id%" >\r\n      <i class="ace-icon glyphicon glyphicon-remove"></i> Supprimer Permissionnaire\r\n    </a></li>', 0, '-1-2-', 0, 0, NULL, NULL, NULL, NULL, NULL),
(67, 54, '910196b1cefdb8ff24f20397dd626354', 'Activation Permissionnaire', NULL, 'active_prm', NULL, '', 1, '[-1-17-]', 1, 0, NULL, NULL, NULL, NULL, NULL),
(68, 39, '4e8c119851bdf85bae364446c892549c', 'Activation Permissionnaire', 'this_exec', 'prm', NULL, '<li><a href="#" class="this_exec" data="%id%" rel="active_prm"  ><i class="ace-icon fa fa-lock bigger-100"></i> Activation Permissionnaire</a></li>', 0, '[-1-17-]', 0, 1, NULL, NULL, NULL, NULL, NULL),
(69, 39, '2e471d70a87abafaea01ce390fef5ceb', 'Désactivation Permissionnaire', 'this_exec', 'prm', NULL, '<li><a href="#" class="this_exec" data="%id%" rel="active_prm"  ><i class="ace-icon fa fa-unlock bigger-100"></i> Désactivation Permissionnaire</a></li>', 0, '[-1-17-]', 1, 0, NULL, NULL, NULL, NULL, NULL),
(70, 55, '2f4518dab90b706e2f4acd737a0425d8', 'Ajouter Module paramétrage', NULL, 'addmodulsetting', NULL, '', 1, '[-1-]', 1, 0, NULL, NULL, NULL, NULL, NULL),
(74, 62, '8e0c0212d8337956ac2f4d6eb180d74b', 'Editer Module paramètrage', NULL, 'editmodulsetting', NULL, '', 1, '[-1-]', 1, 0, NULL, NULL, NULL, NULL, NULL),
(75, 21, 'ad75e6b877f20e3d6fc1789da4dcb3e6', 'Editer Module', 'this_url', 'modul', NULL, '<li><a href="#" class="this_url" data="%id%" rel="editmodulsetting"  ><i class="ace-icon fa fa-pencil bigger-100"></i> Editer Module</a></li>', 0, '[-1-]', 1, 0, NULL, NULL, NULL, NULL, NULL),
(77, 21, '064a9b0eff1006fd4f25cb4eaf894ca1', 'Liste task modul Setting', 'this_url', 'modul', NULL, '<li><a href="#" class="this_url" data="%id%" rel="task" >\r\n     <i class="ace-icon fa fa-external-link bigger-100"></i>Application associes\r\n    </a></li>', 0, '-1-2-', 1, 0, NULL, NULL, NULL, NULL, NULL),
(89, 73, '63c2420b90f96e576f0402f9a69ea3c7', 'Gestion Installateurs', NULL, 'installateurs', NULL, '', 1, '[-1-17-]', 0, 0, NULL, NULL, NULL, NULL, NULL),
(91, 75, 'b9c591b308463a9c0efbc01a34882fbc', 'Ajouter Installateur P.Physique', NULL, 'addinstallateur_ph', NULL, '', 1, '[-1-17-]', 1, 0, NULL, NULL, NULL, NULL, NULL),
(93, 77, '09243bfac6f94082f6b72b2fd16ec0e3', 'Editer Installateur', NULL, 'editinstallateur', NULL, '', 1, '[-1-17-]', 1, 0, NULL, NULL, NULL, NULL, NULL),
(94, 78, '5d4a2105f3b437383c384e36b7a7efdd', 'Valider Installateur', NULL, 'validinstallateur', NULL, '', 1, '[-1-17-]', 1, 0, NULL, NULL, NULL, NULL, NULL),
(95, 73, 'a7b1e885ab7786e5b61b0485f8554366', 'Editer Installateur', 'this_url', 'installateurs', NULL, '<li><a href="#" class="this_url" data="%id%" rel="editinstallateur"  ><i class="ace-icon fa fa-pencil bigger-100"></i> Editer Installateur</a></li>', 0, '[-1-17-]', 0, 0, NULL, NULL, NULL, NULL, NULL),
(96, 73, '23465c8ce799daffa263f1b1803f0965', 'Valider Installateur', 'this_exec', 'installateurs', NULL, '<li><a href="#" class="this_exec" data="%id%" rel="validinstallateur"  ><i class="ace-icon fa fa-lock bigger-100"></i> Valider Installateur</a></li>', 0, '[-1-17-]', 0, 1, NULL, NULL, NULL, NULL, NULL),
(98, 79, 'fc54953b47b7fcb11cc14c0c2e2125f0', 'Ajouter Autorisation Etat', NULL, 'addetatrule', NULL, '', 1, '[-1-]', 1, 0, NULL, NULL, NULL, NULL, NULL),
(99, 24, 'f07352e32fe86da1483c6ab071b7e7a9', 'Ajout Affichage WF', 'this_url', 'task', NULL, '<li><a href="#" class="this_url" data="%id%" rel="addetatrule"  ><i class="ace-icon fa fa-eye bigger-100"></i> Ajout Affichage WF</a></li>', 0, '[-1-]', 0, 0, NULL, NULL, NULL, NULL, NULL),
(100, 73, 'c1f50d57e154784b97b2547f0d440848', 'Test WF', NULL, 'installateurs', NULL, '', 1, '[-1-]', 1, 0, NULL, NULL, NULL, NULL, NULL),
(106, 83, '01ce7657f5ebc7555e7e968e9d73eb75', 'Ajouter Installateur P.Moral', NULL, 'addinstallateur_m', NULL, '', 1, '[-1-17-]', 1, 0, NULL, NULL, NULL, NULL, NULL),
(107, 84, '48fe00a3628c3f68feb296ea4fded6b7', 'VSAT HUB', NULL, 'vsat_hub', NULL, '', 1, 'null', 1, 0, NULL, NULL, NULL, NULL, NULL),
(108, 85, '353a1946036f3767c04ba3029a8be6c9', 'Ajouter HUB VSAT', NULL, 'addvsat_hub', NULL, '', 1, '[-1-2-17-]', 1, 0, NULL, NULL, NULL, NULL, NULL),
(109, 86, '86f131a6547cdb32bbc7fcdbe083ca60', 'Editer HUB VSAT', NULL, 'editvsat_hub', NULL, '', 1, '[-1-2-17-]', 1, 0, NULL, NULL, NULL, NULL, NULL),
(110, 84, 'e850b170107e09b1f438fce02363fee2', 'Editer HUB VSAT', 'this_url', 'vsat_hub', 'pencil', '<li><a href="#" class="this_url" data="%id%" rel="editvsat_hub"  ><i class="ace-icon fa fa-pencil bigger-100"></i> Editer HUB VSAT</a></li>', 0, '[-1-]', 0, 0, NULL, NULL, NULL, NULL, NULL),
(111, 87, '55d2609727e687228f49680104da9c12', 'Supprimer VSAT HUB', NULL, 'deletevsat_hub', NULL, '', 1, '[-1-2-17-]', 1, 0, NULL, NULL, NULL, NULL, NULL),
(112, 14, 'f4c79bb797b92dfa826b51a44e3171af', 'Utilisateurs', NULL, 'user', NULL, '', 1, '-1-2-', 0, 1, NULL, NULL, NULL, NULL, NULL),
(114, 89, '2c3b01c696ff401a2ac9ffedb7a06e4a', 'Gestion Villes', NULL, 'villes', NULL, '', 1, '[-1-]', 1, 0, NULL, NULL, NULL, NULL, NULL),
(115, 90, 'e152b9052d3dcfcac593489dbdc0f61c', 'Ajouter ville', NULL, 'addville', NULL, '', 1, '[-1-2-]', 1, 0, NULL, NULL, NULL, NULL, NULL),
(116, 91, '3107e0cd0e0df14c4e94aa088e4457d7', 'Editer Ville', NULL, 'editville', NULL, '', 1, '[-1-2-]', 1, 0, NULL, NULL, NULL, NULL, NULL),
(117, 92, 'da79d9214ed5819d7f4f1e3070629a3d', 'Supprimer Ville', NULL, 'deleteville', NULL, '', 1, '[-1-]', 1, 0, NULL, NULL, NULL, NULL, NULL),
(118, 93, 'bb15db41ef6bb1c2ea0fd4cc920863e4', 'Activer Ville', NULL, 'activeville', NULL, '', 1, '[-1-]', 1, 0, NULL, NULL, NULL, NULL, NULL),
(119, 89, 'b9649163b368f863a0e8036f11cd81ae', 'Editer Ville', 'this_url', 'villes', NULL, '<li><a href="#" class="this_url" data="%id%" rel="editville"  ><i class="ace-icon fa fa-pencil bigger-100"></i> Editer Ville</a></li>', 0, '[-1-]', 0, 0, NULL, NULL, NULL, NULL, NULL),
(120, 89, 'a9f6361ee4fc276b2cc3706af8f879b8', 'Activer Ville', 'this_exec', 'villes', NULL, '<li><a href="#" class="this_exec" data="%id%" rel="activeville"  ><i class="ace-icon fa fa-lock bigger-100"></i> Activer Ville</a></li>', 0, '[-1-]', 0, 1, NULL, NULL, NULL, NULL, NULL),
(121, 89, '89dec6dabcb210cdb9dd28bbef90d43e', 'Editer Ville', 'this_url', 'villes', NULL, '<li><a href="#" class="this_url" data="%id%" rel="editville"  ><i class="ace-icon fa fa-pencil bigger-100"></i> Editer Ville</a></li>', 0, '[-1-]', 1, 0, NULL, NULL, NULL, NULL, NULL),
(122, 94, 'c0013695c79e432dbf44df790db464ab', 'Gestion Satellites', NULL, 'vsat_satellite', NULL, '', 1, '[-1-2-17-]', 1, 0, NULL, NULL, NULL, NULL, NULL),
(123, 95, '044c23ea7012771de4836432ef1f4faa', 'Ajouter Satellite', NULL, 'addvsat_satellite', NULL, '', 1, '[-1-2-17-]', 1, 0, NULL, NULL, NULL, NULL, NULL),
(124, 96, '2aec10bce5315ee30b495cd6908a559e', 'Editer Satellite', NULL, 'editvsat_satellite', NULL, '', 1, '[-1-2-17-]', 1, 0, NULL, NULL, NULL, NULL, NULL),
(125, 97, '047ad8dc15ab7e6086a6a24976f8360a', 'Valider Satellite', NULL, 'validvsat_satellite', NULL, '', 1, '[-1-2-17-]', 1, 0, NULL, NULL, NULL, NULL, NULL),
(126, 94, 'c345b00701f733e04b5ed2fb9e0e3e11', 'Editer Satellite', 'this_url', 'vsat_satellite', NULL, '<li><a href="#" class="this_url" data="%id%" rel="editvsat_satellite"  ><i class="ace-icon fa fa-pencil bigger-100"></i> Editer Satellite</a></li>', 0, '[-1-2-3-]', 0, 0, NULL, NULL, NULL, NULL, NULL),
(127, 94, '49fbc84550aae2aac5e5552d331cf3de', 'Valider Satellite', 'this_exec', 'vsat_satellite', NULL, '<li><a href="#" class="this_exec" data="%id%" rel="validvsat_satellite"  ><i class="ace-icon fa fa-lock bigger-100"></i> Valider Satellite</a></li>', 0, '[-1-2-17-]', 0, 1, NULL, NULL, NULL, NULL, NULL),
(135, 102, 'd429aa0325fd3bb72ffcef76c0662878', 'Anonymes', NULL, 'anonymes', NULL, '', 1, '[-1-2-17-]', 1, 0, NULL, NULL, NULL, NULL, NULL),
(136, 102, 'a4e8c04c7d10e8d1633aaaa9d55fa619', 'Valider Anonyme', 'this_exec', 'anonymes', NULL, '<li><a href="#" class="this_exec" data="%id%" rel="validanonyme"  ><i class="ace-icon fa fa-lock bigger-100"></i> Valider Anonyme</a></li>', 0, '[-1-]', 0, 1, NULL, NULL, NULL, NULL, NULL),
(137, 102, 'd575f186cd6c93b06ca7e6a0d9b1b569', 'Modifier Anonyme', 'this_url', 'anonymes', NULL, '<li><a href="#" class="this_url" data="%id%" rel="editanonyme"  ><i class="ace-icon fa fa-pencil bigger-100"></i> Modifier Anonyme</a></li>', 0, '[-1-]', 0, 0, NULL, NULL, NULL, NULL, NULL),
(139, 103, '7ca8302af00b5acfda18320f9a5347fb', 'Ajouter un anonyme', NULL, 'addanonyme', NULL, '', 1, '[-1-]', 1, 0, NULL, NULL, NULL, NULL, NULL),
(140, 104, 'f9709918cb20657564aab53988a56113', 'Modifier Anonyme', NULL, 'editanonyme', NULL, '', 1, '[-1-]', 1, 0, NULL, NULL, NULL, NULL, NULL),
(141, 105, '943e53ed64ca0abf7b915d99f45a12f1', 'Supprimer Anonyme', NULL, 'deleteanonyme', NULL, '', 1, '[-1-]', 1, 0, NULL, NULL, NULL, NULL, NULL),
(142, 106, 'ee0a32742ea57f8c15e7fd52cf3b5b6a', 'Valider Anonyme', NULL, 'validanonyme', NULL, '', 1, '[-1-]', 1, 0, NULL, NULL, NULL, NULL, NULL),
(143, 14, 'd7f7afd70a297e5c239f6cf271138390', 'Utilisateur Archivé', NULL, 'user', NULL, '', 1, '[-1-]', 2, 0, NULL, NULL, NULL, NULL, NULL),
(144, 34, '47c552dce8b761ae2e2a44387a93432b', 'Modifier Service Validé', 'this_url', 'services', NULL, '<li><a href="#" class="this_url" data="%id%" rel="editservice"  ><i class="ace-icon fa fa-pencil bigger-100"></i> Modifier Service Validé</a></li>', 0, '[-1-]', 1, 0, NULL, NULL, NULL, NULL, NULL),
(145, 107, 'b7b3a09fdd73a5b0a3e5ed8a2828f548', 'Désactiver l''utilisateur', NULL, 'archiv_user', NULL, '', 1, '[-1-]', 1, 0, NULL, NULL, NULL, NULL, NULL),
(146, 108, '966ec2dd83e6006c2d0ff1d1a5f12e33', 'Editer Task Action', NULL, 'edittaskaction', NULL, '', 1, '[-1-]', 1, 0, NULL, NULL, NULL, NULL, NULL),
(147, 27, 'e30471396f9b86ccdcc94943d80b679a', 'Editer Task Action', 'this_url', 'taskaction', NULL, '<li><a href="#" class="this_url" data="%id%" rel="edittaskaction"  ><i class="ace-icon fa fa-pencil bigger-100"></i> Editer Task Action</a></li>', 0, '[-1-]', 0, 0, NULL, NULL, NULL, NULL, NULL),
(149, 116, 'c7d0a97048ec159cd785e4cd4229d44a', 'uuyet', NULL, 'iieueu', NULL, '', 1, '[-1-]', 1, 0, NULL, NULL, NULL, NULL, NULL),
(150, 117, '89002431b276e5109323503cee2952ea', 'BLR Stations', '', '', '', '', 1, '[-1-]', 1, 0, NULL, NULL, NULL, NULL, NULL),
(151, 117, 'd6fd8b14c33cb4da2b5c56379716ab11', 'Modifier Station BLR', 'this_url', 'editblr_stations', 'cogs', '<li><a href="#" class="this_url" data="%id%" rel="editblr_stations"  ><i class="ace-icon fa fa-cogs bigger-100"></i> Modifier Station BLR</a></li>', 0, '[-1-]', 0, 0, NULL, NULL, NULL, NULL, NULL),
(153, 117, '55107ffe5bf4bbcdf5c0f20e3d7549fa', 'Liste clients BLR', 'this_url', 'blr_clients', 'cogs', '<li><a href="#" class="this_url" data="%id%" rel="blr_clients"  ><i class="ace-icon fa fa-cogs bigger-100"></i> Liste clients BLR</a></li>', 0, '[-1-]', 0, 0, NULL, NULL, NULL, NULL, NULL),
(154, 117, '7656252b88ae0b1894c31648ef25d8d4', 'Validation station BLR', 'this_exec', 'validblr_stations', 'cogs', '<li><a href="#" class="this_exec" data="%id%" rel="validblr_stations"  ><i class="ace-icon fa fa-cogs bigger-100"></i> Validation station BLR</a></li>', 0, '[-1-]', 0, 1, NULL, NULL, NULL, NULL, NULL),
(155, 117, '2d996dac5135fe8c0168ab83b4041600', 'Liste des clients BLR', 'this_url', 'blr_clients', 'cogs', '<li><a href="#" class="this_url" data="%id%" rel="blr_clients"  ><i class="ace-icon fa fa-cogs bigger-100"></i> Liste des clients BLR</a></li>', 0, '[-1-]', 1, 0, NULL, NULL, NULL, NULL, NULL),
(156, 118, '85dd8eec66cbca2dea98736a7d2c30fe', 'Ajouter Station', NULL, 'addblr_stations', NULL, '', 1, '[-1-]', 1, 0, NULL, NULL, NULL, NULL, NULL),
(157, 119, '346cb5afdb12448749d5ba9052f58e8f', 'Modifier Station', NULL, 'editblr_stations', NULL, '', 1, '[-1-]', 1, 0, NULL, NULL, NULL, NULL, NULL),
(159, 121, '94ee452d9718d8681273c58aa214a62d', 'BLR Clients', '', '', '', '', 1, '[-1-]', 1, 0, NULL, NULL, NULL, NULL, NULL),
(160, 121, 'a29583a228f78b6eb6575c05da820cda', 'Modifier client BLR', 'this_url', 'editblr_clients', 'cogs', '<li><a href="#" class="this_url" data="%id%" rel="editblr_clients"  ><i class="ace-icon fa fa-cogs bigger-100"></i> Modifier client BLR</a></li>', 0, '[-1-]', 0, 0, NULL, NULL, NULL, NULL, NULL),
(161, 121, '74574f61001d4b1aabf00448e737ebcf', 'Validation client BLR', 'this_exec', 'validblr_clients', 'cogs', '<li><a href="#" class="this_exec" data="%id%" rel="validblr_clients"  ><i class="ace-icon fa fa-cogs bigger-100"></i> Validation client BLR</a></li>', 0, '[-1-]', 0, 1, NULL, NULL, NULL, NULL, NULL),
(162, 122, 'b51ae23cbcbccb606d8ff16eb4f09886', 'Ajouter BLR Client', NULL, 'addblr_clients', NULL, '', 1, '[-1-]', 1, 0, NULL, NULL, NULL, NULL, NULL),
(163, 123, '0f893cbf847755649a6a22eb9e9c8281', 'Modifier BLR Client', NULL, 'editblr_clients', NULL, '', 1, '[-1-]', 1, 0, NULL, NULL, NULL, NULL, NULL),
(164, 124, '2e886e73ecd068f54691c045eca44fd1', 'Supprimer client', NULL, 'deleteblr_clients', NULL, '', 1, '[-1-]', 1, 0, NULL, NULL, NULL, NULL, NULL),
(165, 125, 'c00ea603b44e49999a12973fdf2c8114', 'Validation station BLR', NULL, 'validblr_stations', NULL, '', 1, '[-1-]', 1, 0, NULL, NULL, NULL, NULL, NULL),
(166, 126, '65ce707888a0affde6ceb62ba78e89e0', 'Validation client BLR', NULL, 'validblr_clients', NULL, '', 1, '[-1-]', 1, 0, NULL, NULL, NULL, NULL, NULL),
(167, 127, 'a103e1e77e0862705ec62ad2741e6522', 'Gestion UHF/VHF', NULL, 'uhf_vhf_stations', NULL, '', 1, '[-1-]', 1, 0, NULL, NULL, NULL, NULL, NULL),
(168, 127, 'a1f144f8657651c76ad15958ef08ff01', 'Modifier Station UHF/VHF', 'this_url', 'edituhf_vhf_stations', 'cogs', '<li><a href="#" class="this_url" data="%id%" rel="edituhf_vhf_stations"  ><i class="ace-icon fa fa-cogs bigger-100"></i> Modifier Station UHF/VHF</a></li>', 0, '[-1-]', 0, 0, NULL, NULL, NULL, NULL, NULL),
(169, 127, 'b10d348ae35c3c4b63750f0e476337de', 'Valider Station UHF/VHF', 'this_exec', 'validuhf_vhf_stations', 'cogs', '<li><a href="#" class="this_exec" data="%id%" rel="validuhf_vhf_stations"  ><i class="ace-icon fa fa-cogs bigger-100"></i> Valider Station UHF/VHF</a></li>', 0, '[-1-]', 0, 1, NULL, NULL, NULL, NULL, NULL),
(171, 127, '83db9ed69a22dffab229681e83e45c08', 'Liste des clients UHF/VHF', 'this_url', 'uhf_vhf_clients', 'cogs', '<li><a href="#" class="this_url" data="%id%" rel="uhf_vhf_clients"  ><i class="ace-icon fa fa-cogs bigger-100"></i> Liste des clients UHF/VHF</a></li>', 0, '[-1-]', 0, 0, NULL, NULL, NULL, NULL, NULL),
(172, 127, '5fa72d068be4095ffb500d23a2acc4e7', 'Liste des clients UHF/VHF', 'this_url', 'uhf_vhf_clients', 'cogs', '<li><a href="#" class="this_url" data="%id%" rel="uhf_vhf_clients"  ><i class="ace-icon fa fa-cogs bigger-100"></i> Liste des clients UHF/VHF</a></li>', 0, '[-1-]', 1, 0, NULL, NULL, NULL, NULL, NULL),
(173, 128, '59c93bdf7dc111cae9d6f1306382c896', 'Ajouter station', NULL, 'adduhf_vhf_stations', NULL, '', 1, '[-1-]', 1, 0, NULL, NULL, NULL, NULL, NULL),
(174, 129, 'c1bc9b42786ad026f9147aeaa99f622d', 'Modifier Station', NULL, 'edituhf_vhf_stations', NULL, '', 1, '[-1-]', 1, 0, NULL, NULL, NULL, NULL, NULL),
(176, 131, '939ccf06a327d91881b7b258b93585a4', 'Valider Station', NULL, 'validuhf_vhf_stations', NULL, '', 1, '[-1-]', 1, 0, NULL, NULL, NULL, NULL, NULL),
(177, 132, '988f8f0817f020facab448bb694fc2e9', 'Ajout client', NULL, 'adduhf_vhf_clt_mobile', NULL, '', 1, '[-1-]', 1, 0, NULL, NULL, NULL, NULL, NULL),
(178, 133, '2cd2dcab297ab7cf9103426510aeb918', 'Modifier client', NULL, 'edituhf_vhf_clt_mobile', NULL, '', 1, '[-1-]', 1, 0, NULL, NULL, NULL, NULL, NULL),
(179, 134, 'd6fc10807987de7f39ad3dc712d0363c', 'UHF/VHF Clients', NULL, 'uhf_vhf_clients', NULL, '', 1, '[-1-]', 1, 0, NULL, NULL, NULL, NULL, NULL),
(182, 134, '1bc2f3c2d42d92cb6563eb40f0b777d7', 'Modifier Client UHF/VHF', 'this_url', 'edituhf_vhf_clients', 'cogs', '<li><a href="#" class="this_url" data="%id%" rel="edituhf_vhf_clients"  ><i class="ace-icon fa fa-cogs bigger-100"></i> Modifier Client UHF/VHF</a></li>', 0, '[-1-]', 0, 0, NULL, NULL, NULL, NULL, NULL),
(184, 136, 'dd2a86ec80f60514f3d5cbd8fa987404', 'Ajout Client', NULL, 'adduhf_vhf_clt_handset', NULL, '', 1, '[-1-]', 1, 0, NULL, NULL, NULL, NULL, NULL),
(185, 137, 'b27c2ab70726c47c242fca8b9c30b771', 'Ajout Client', NULL, 'adduhf_vhf_clt_fixe', NULL, '', 1, '[-1-]', 1, 0, NULL, NULL, NULL, NULL, NULL),
(187, 139, 'b0e750a138dcf4ab959ef8225252be2a', 'Modifier client', NULL, 'edituhf_vhf_clt_handset', NULL, '', 1, '[-1-]', 1, 0, NULL, NULL, NULL, NULL, NULL),
(188, 140, 'da74878d46c49cc2accb5cdeb7fa438e', 'Modifier client', NULL, 'edituhf_vhf_clt_fixe', NULL, '', 1, '[-1-]', 1, 0, NULL, NULL, NULL, NULL, NULL),
(189, 141, 'b7e5f4088fa129cf0c76b8ed071dc79b', 'Modifier client', NULL, 'edituhf_vhf_clients', NULL, '', 1, '[-1-]', 1, 0, NULL, NULL, NULL, NULL, NULL),
(190, 142, '7735d03aa074643344a5740bac9d0e8b', 'Stations GSM', NULL, 'gsm', NULL, '', 1, '[-1-19-18-]', 1, 0, NULL, NULL, NULL, NULL, NULL),
(191, 142, '9d9675fb9f034fd483094c6ccf75abd0', 'Editer Station GSM', NULL, 'gsm', NULL, '<li><a href="#" class="this_url" data="%id%" rel="editgsm"  ><i class="ace-icon fa fa-pencil bigger-100"></i> Editer Station GSM</a></li>', 0, '[-1-19-18-]', 0, 0, NULL, NULL, NULL, NULL, NULL),
(192, 142, '07f44b422848537413c5a7c6b206c9b2', 'Liste GSM Technologie', NULL, 'gsm', NULL, '<li><a href="#" class="this_url" data="%id%" rel="gsm_technologie"  ><i class="ace-icon fa fa-cloud bigger-100"></i> Liste GSM Technologie</a></li>', 0, '[-1-19-18-]', 0, 0, NULL, NULL, NULL, NULL, NULL),
(193, 142, '56ef2db9b273c90489aa46cecd1ec841', 'Valider Station GSM', NULL, 'gsm', NULL, '<li><a href="#" class="this_exec" data="%id%" rel="validgsm"  ><i class="ace-icon fa fa-unlock bigger-100"></i> Valider Station GSM</a></li>', 0, '[-1-19-18-]', 0, 1, NULL, NULL, NULL, NULL, NULL),
(194, 143, '4f571b521ec5d8d8e04d817906ef6292', 'AJouter Station GSM', NULL, 'addgsm', NULL, '', 1, '[-1-19-18-]', 1, 0, NULL, NULL, NULL, NULL, NULL),
(195, 144, 'babe2fa631ed298f8bda8e5956acbb52', 'Editer Station GSM', NULL, 'editgsm', NULL, '', 1, '[-1-19-18-]', 1, 0, NULL, NULL, NULL, NULL, NULL),
(196, 145, '1f40a8158807e197ec11cd4b84c0de7e', 'Supprimer Station', NULL, 'deletegsm', NULL, '', 1, '[-1-17-]', 1, 0, NULL, NULL, NULL, NULL, NULL),
(197, 146, '34067c3a2c08497a8b8beb0e0a38c65e', 'GSM Technologie', NULL, 'gsm_technologie', NULL, '', 1, '[-1-19-18-]', 1, 0, NULL, NULL, NULL, NULL, NULL),
(198, 146, 'a1884e90e27faf8c4a9dfd8e920c99c8', 'Editer GSM Technologie', NULL, 'gsm_technologie', NULL, '<li><a href="#" class="this_url" data="%id%" rel="editgsm_technologie"  ><i class="ace-icon fa fa-pencil bigger-100"></i> Editer GSM Technologie</a></li>', 0, '[-1-19-18-]', 0, 0, NULL, NULL, NULL, NULL, NULL),
(199, 146, '389cce169fae7704081a5001e0a9faf3', 'Liste GSM Secteur', NULL, 'gsm_technologie', NULL, '<li><a href="#" class="this_url" data="%id%" rel="gsm_secteur"  ><i class="ace-icon fa fa-bullhorn bigger-100"></i> Liste GSM Secteur</a></li>', 0, '[-1-19-18-]', 0, 0, NULL, NULL, NULL, NULL, NULL),
(200, 147, 'd935a5459278b316e27952cfbf9eeeb0', 'Ajouter GSM Technologie', NULL, 'addgsm_technologie', NULL, '', 1, '[-1-19-18-]', 1, 0, NULL, NULL, NULL, NULL, NULL),
(201, 148, 'ca9106ba2776087f9ebecadc22857602', 'Editer GSM Technologie', NULL, 'editgsm_technologie', NULL, '', 1, '[-1-19-18-]', 1, 0, NULL, NULL, NULL, NULL, NULL),
(202, 149, '9b0d9218e0958b9c18cd654eb6413ad7', 'Supprimer technologie GSM', NULL, 'deletegsm_technologie', NULL, '', 1, '[-1-19-18-]', 1, 0, NULL, NULL, NULL, NULL, NULL),
(203, 150, '21d8beb934054b1268dc78abb734448a', 'GSM Secteur', NULL, 'gsm_secteur', NULL, '', 1, '[-1-19-18-]', 1, 0, NULL, NULL, NULL, NULL, NULL),
(204, 150, '1dc89dc35f5d21648af7f1fb456c7d8e', 'Editer GSM Secteur', NULL, 'gsm_secteur', NULL, '<li><a href="#" class="this_url" data="%id%" rel="editgsm_secteur"  ><i class="ace-icon fa fa-cogs bigger-100"></i> Editer GSM Secteur</a></li>', 0, '[-1-19-18-]', 0, 0, NULL, NULL, NULL, NULL, NULL),
(205, 151, 'b8644a25390826bd380b09d62f2bb7b7', 'Ajouter GSM Secteur', NULL, 'addgsm_secteur', NULL, '', 1, '[-1-19-18-]', 1, 0, NULL, NULL, NULL, NULL, NULL),
(206, 152, 'a0586a3774ae895c834b7183d249642d', 'Editer GSM Secteur', NULL, 'editgsm_secteur', NULL, '', 1, '[-1-19-18-]', 1, 0, NULL, NULL, NULL, NULL, NULL),
(207, 153, '806e2cb7ef56bb9a7fa6963c6529bf2e', 'Supprimer secteur GSM', NULL, 'deletegsm_secteur', NULL, '', 1, 'null', 1, 0, NULL, NULL, NULL, NULL, NULL),
(208, 154, 'bccd978f087943c3f28545aaba14be8c', 'Valider Station GSM', NULL, 'validgsm', NULL, '', 1, '[-1-19-18-]', 1, 0, NULL, NULL, NULL, NULL, NULL),
(215, 73, '5a4698e4884d3f91b7d770c2ccba51e5', 'Désactiver installateur', 'this_exec', 'installateurs', 'lock', '<li><a href="#" class="this_exec" data="%id%" rel="validinstallateur"  ><i class="ace-icon fa fa-lock bigger-100"></i> Désactiver installateur</a></li>', 0, '[-1-]', 1, 0, NULL, NULL, NULL, NULL, NULL),
(216, 158, '9b698969ca1f5f21473ce0479de2f570', 'Supprimer installateur', NULL, 'deleteinstallateur', NULL, '', 1, '[-1-]', 1, 0, NULL, NULL, NULL, NULL, NULL),
(219, 160, '1314a2f9321e618085e5127cc45f590b', 'Consulter permissionnaire', NULL, 'consultprm', NULL, '', 1, '[-1-]', 1, 0, NULL, NULL, NULL, NULL, NULL),
(220, 39, '0e31ae35c13253a7c02e5194098b37ab', 'Consulter permissionnaire', 'this_url', 'prm', 'eye', '<li><a href="#" class="this_url" data="%id%" rel="consultprm"  ><i class="ace-icon fa fa-eye bigger-100"></i> Consulter permissionnaire</a></li>', 0, '[-1-]', 1, 0, NULL, NULL, NULL, NULL, NULL),
(221, 39, 'e9e60b150a5e6460660cd95f834a7aff', 'Consulter permissionnaire', 'this_url', 'prm', 'eye', '<li><a href="#" class="this_url" data="%id%" rel="consultprm"  ><i class="ace-icon fa fa-eye bigger-100"></i> Consulter permissionnaire</a></li>', 0, '[-1-]', 0, 0, NULL, NULL, NULL, NULL, NULL),
(222, 161, '0d374b7e2fe21a2e2641c092a3c7f2e9', 'Changer le mot de passe', NULL, 'changepass', NULL, '', 1, '[-1-]', 1, 0, NULL, NULL, NULL, NULL, NULL),
(224, 162, '6f642ee30722158f0318653b9113b887', 'History', NULL, 'history', NULL, '', 1, '[-1-]', 1, 0, NULL, NULL, NULL, NULL, NULL),
(225, 163, 'cc907fac13631903d129c137d671d718', 'Activities', NULL, 'activities', NULL, '', 1, '[-1-]', 1, 0, NULL, NULL, NULL, NULL, NULL),
(231, 167, '3473119f6683893a3f1372dbf7d811e1', 'MAJ Module', NULL, 'update_module', NULL, '', 1, '[-1-]', 1, 0, NULL, NULL, NULL, NULL, NULL),
(232, 21, 'ac4eb0c94da00a48ad5d995f5e9e9366', 'MAJ Module', 'this_exec', 'update_module', 'pencil-square-o', '<li><a href="#" class="this_exec" data="%id%" rel="update_module"  ><i class="ace-icon fa fa-pencil-square-o bigger-100"></i> MAJ Module</a></li>', 0, '[-1-]', 0, 0, NULL, NULL, NULL, NULL, NULL),
(270, 192, '97dfd39e0b376f443f223834a2894e60', 'Gestion VSAT', NULL, NULL, NULL, '', 1, '[-1-2-17-]', 0, 0, NULL, NULL, NULL, NULL, NULL),
(271, 192, '19b70e2f6796adc757e628fa963c6f5f', 'Editer Station VSAT', NULL, NULL, NULL, '<li><a href="#" class="this_url" data="%id%" rel="editvsat"  ><i class="ace-icon fa fa-pencil bigger-100"></i> Editer Station VSAT</a></li>', 0, '[-1-17-]', 0, 0, NULL, NULL, NULL, NULL, NULL),
(272, 193, '541c53713ebcf396070f27a375d8edff', 'Ajouter Station VSAT', NULL, NULL, NULL, '', 1, '[-1-2-17-]', 1, 0, NULL, NULL, NULL, NULL, NULL),
(273, 194, '064a594bbc69585173c5a4f0bef8536a', 'Editer Station VSAT', NULL, NULL, NULL, '', 1, '[-1-2-17-]', 1, 0, NULL, NULL, NULL, NULL, NULL),
(274, 195, 'c01ec9146fea7a8a94bf3afa068f48b3', 'Supprimer Station VSAT', NULL, NULL, NULL, '', 1, '[-1-2-17-]', 1, 0, NULL, NULL, NULL, NULL, NULL),
(277, 197, 'c3f5079f754c21b2ed06b83cbb2edf31', 'Détails anonyme', NULL, 'detailsanonyme', NULL, '', 1, '[-1-]', 1, 0, NULL, NULL, NULL, NULL, NULL),
(278, 102, 'cb4bee122e3dd3e12cc8c9419e895ba4', 'Détails anonyme', 'this_url', 'detailsanonyme', 'cogs', '<li><a href="#" class="this_url" data="%id%" rel="detailsanonyme"  ><i class="ace-icon fa fa-cogs bigger-100"></i> Détails anonyme</a></li>', 0, '[-1-]', 0, 0, NULL, NULL, NULL, NULL, NULL),
(279, 198, '06bdb0df5d68902f3ede5f42dbd9ff9a', 'Détails station BLR', NULL, 'detailsblr', NULL, '', 1, '[-1-]', 1, 0, NULL, NULL, NULL, NULL, NULL),
(280, 117, '01e2199e1d5cc932e6ec171e0d3e8cc4', 'Détails station BLR', 'this_url', 'detailsblr', 'cogs', '<li><a href="#" class="this_url" data="%id%" rel="detailsblr"  ><i class="ace-icon fa fa-cogs bigger-100"></i> Détails station BLR</a></li>', 0, '[-1-]', 0, 0, NULL, NULL, NULL, NULL, NULL),
(281, 199, '97c4d3e8a16d1e27b5dc79c992312184', 'Détails client BLR', NULL, 'detailsblr_clients', NULL, '', 1, '[-1-]', 1, 0, NULL, NULL, NULL, NULL, NULL),
(284, 94, 'b6d85ff52f1644138995e1c71dacca0f', 'Détails Station VSAT', 'this_url', 'detailsvsat', 'cogs', '<li><a href="#" class="this_url" data="%id%" rel="detailsvsat"  ><i class="ace-icon fa fa-cogs bigger-100"></i> Détails Station VSAT</a></li>', 0, '[-1-]', 0, 0, NULL, NULL, NULL, NULL, NULL),
(285, 201, '02ca060882743822d7664933f2893bad', 'Détails Station VSAT', NULL, 'detailsvsat', NULL, '', 1, '[-1-]', 1, 0, NULL, NULL, NULL, NULL, NULL),
(286, 192, 'b6d85ff52f1644138995e1c71dacca0f', 'Détails Station VSAT', 'this_url', 'detailsvsat', 'cogs', '<li><a href="#" class="this_url" data="%id%" rel="detailsvsat"  ><i class="ace-icon fa fa-cogs bigger-100"></i> Détails Station VSAT</a></li>', 0, '[-1-]', 0, 0, NULL, NULL, NULL, NULL, NULL),
(287, 202, '3f8d6bfcd973be63e6ad187c328909ec', 'Détails station uhf_vhf', NULL, 'detailsuhf_vhf', NULL, '', 1, '[-1-]', 1, 0, NULL, NULL, NULL, NULL, NULL),
(288, 127, '0e7910af90ffffac7b7e200f7c32365d', 'Détails station uhf_vhf', 'this_url', 'detailsuhf_vhf', 'cogs', '<li><a href="#" class="this_url" data="%id%" rel="detailsuhf_vhf"  ><i class="ace-icon fa fa-cogs bigger-100"></i> Détails station uhf_vhf</a></li>', 0, '[-1-]', 0, 0, NULL, NULL, NULL, NULL, NULL),
(289, 203, '78265bfab90a25b7d2d1a9490b0eb5c6', 'Détails client fixe', NULL, 'detailsuhf_vhf_clients_fi', NULL, '', 1, '[-1-]', 1, 0, NULL, NULL, NULL, NULL, NULL),
(290, 204, 'c7574f589aeb8a079d0e58ab40bc089e', 'Détails client handset', NULL, 'detailsuhf_vhf_clients_ha', NULL, '', 1, '[-1-]', 1, 0, NULL, NULL, NULL, NULL, NULL),
(291, 205, '52a7eab115ca46630d01fc609314d650', 'Détails client mobile', NULL, 'detailsuhf_vhf_clients_mo', NULL, '', 1, '[-1-]', 1, 0, NULL, NULL, NULL, NULL, NULL),
(292, 206, '466764849b81808d9c4ae57f3dfe6a6c', 'Détails client UHF/VHF', NULL, 'detailsuhf_vhf_clients', NULL, '', 1, '[-1-]', 1, 0, NULL, NULL, NULL, NULL, NULL),
(293, 134, '2c6d3519de701ab8fd0712cf0e8178d8', 'Détails client UHF/VHF', 'this_url', 'detailsuhf_vhf_clients', 'cogs', '<li><a href="#" class="this_url" data="%id%" rel="detailsuhf_vhf_clients"  ><i class="ace-icon fa fa-cogs bigger-100"></i> Détails client UHF/VHF</a></li>', 0, '[-1-]', 0, 0, NULL, NULL, NULL, NULL, NULL),
(294, 121, 'd456a4883d52b9cb9c4587a3ad8e3c8f', 'Détails client BLR', 'this_url', 'detailsblr_clients', 'cogs', '<li><a href="#" class="this_url" data="%id%" rel="detailsblr_clients"  ><i class="ace-icon fa fa-cogs bigger-100"></i> Détails client BLR</a></li>', 0, '[-1-]', 0, 0, NULL, NULL, NULL, NULL, NULL);

-- --------------------------------------------------------

--
-- Table structure for table `technologies_gsm`
--

CREATE TABLE IF NOT EXISTS `technologies_gsm` (
  `id` int(11) NOT NULL AUTO_INCREMENT COMMENT 'Id ligne',
  `libelle` varchar(20) NOT NULL COMMENT 'libelle technologie',
  `etat` tinyint(1) DEFAULT '1' COMMENT 'etat ligne',
  `creusr` int(11) NOT NULL COMMENT 'crée par',
  `credat` timestamp NOT NULL DEFAULT CURRENT_TIMESTAMP COMMENT 'date création',
  `updusr` int(11) DEFAULT NULL COMMENT 'derniere modif par',
  `upddat` timestamp NULL DEFAULT NULL COMMENT 'date derniere modif',
  PRIMARY KEY (`id`,`libelle`)
) ENGINE=InnoDB  DEFAULT CHARSET=utf8 AUTO_INCREMENT=5 ;

--
-- Dumping data for table `technologies_gsm`
--

INSERT INTO `technologies_gsm` (`id`, `libelle`, `etat`, `creusr`, `credat`, `updusr`, `upddat`) VALUES
(1, '2G', 1, 1, '0000-00-00 00:00:00', NULL, NULL),
(2, '3G', 1, 1, '0000-00-00 00:00:00', NULL, NULL),
(3, '4G', 1, 1, '0000-00-00 00:00:00', NULL, NULL),
(4, 'CDMA', 1, 1, '2017-03-31 16:59:31', NULL, NULL);

-- --------------------------------------------------------

--
-- Stand-in structure for view `technologie_gsm_by_station`
--
CREATE TABLE IF NOT EXISTS `technologie_gsm_by_station` (
`id_site` int(11)
,`id` int(11)
,`libelle` varchar(20)
,`etat` tinyint(1)
);
-- --------------------------------------------------------

--
-- Table structure for table `test`
--

CREATE TABLE IF NOT EXISTS `test` (
  `id` int(11) NOT NULL AUTO_INCREMENT,
  `nom` varchar(50) DEFAULT NULL,
  `prenom` varchar(50) DEFAULT NULL,
  `gal` varchar(50) DEFAULT NULL,
  PRIMARY KEY (`id`)
) ENGINE=InnoDB  DEFAULT CHARSET=utf8 AUTO_INCREMENT=13 ;

--
-- Dumping data for table `test`
--

INSERT INTO `test` (`id`, `nom`, `prenom`, `gal`) VALUES
(1, 'Rachid', 'Mohamed', '(10,11)'),
(2, 'Rachid', 'Mohamed', NULL),
(3, 'Rachid', 'Mohamed', '(12)'),
(4, 'Rachid', 'Mohamed', NULL),
(5, 'Rachid', 'Mohamed', '(13)'),
(6, 'Rachid', 'Mohamed', NULL),
(7, 'Rachid', 'Mohamed', NULL),
(8, 'Rachid', 'Mohamed', NULL),
(9, 'Rachid', 'Mohamed', NULL),
(10, 'Rachid', 'Mohamed', NULL),
(11, 'nom', NULL, NULL),
(12, 'nom1', NULL, NULL);

-- --------------------------------------------------------

--
-- Table structure for table `token`
--

CREATE TABLE IF NOT EXISTS `token` (
  `id` int(11) NOT NULL AUTO_INCREMENT,
  `token` varchar(32) NOT NULL,
  `dattime` int(11) NOT NULL,
  PRIMARY KEY (`id`)
) ENGINE=InnoDB DEFAULT CHARSET=latin1 AUTO_INCREMENT=1 ;

-- --------------------------------------------------------

--
-- Stand-in structure for view `total_station_vsat`
--
CREATE TABLE IF NOT EXISTS `total_station_vsat` (
`cnt` bigint(21)
);
-- --------------------------------------------------------

--
-- Table structure for table `uhf_vhf_clients`
--

CREATE TABLE IF NOT EXISTS `uhf_vhf_clients` (
  `id` int(11) NOT NULL AUTO_INCREMENT,
  `type_client` varchar(100) DEFAULT NULL,
  `marque` varchar(100) DEFAULT NULL,
  `modele` varchar(100) DEFAULT NULL,
  `num_serie` varchar(100) DEFAULT NULL,
  `matricule_vehicule` varchar(100) DEFAULT NULL,
  `active` varchar(50) DEFAULT NULL,
  `latit` varchar(100) DEFAULT NULL,
  `longi` varchar(100) DEFAULT NULL,
  `pj_images` varchar(200) DEFAULT NULL,
  `station_base` int(11) DEFAULT NULL,
  `etat` int(11) DEFAULT '0',
  `creusr` int(11) DEFAULT NULL,
  `credat` timestamp NULL DEFAULT CURRENT_TIMESTAMP,
  `updusr` int(11) DEFAULT NULL,
  `upddat` timestamp NULL DEFAULT NULL,
  PRIMARY KEY (`id`)
) ENGINE=InnoDB  DEFAULT CHARSET=utf8 AUTO_INCREMENT=2 ;

--
-- Dumping data for table `uhf_vhf_clients`
--

INSERT INTO `uhf_vhf_clients` (`id`, `type_client`, `marque`, `modele`, `num_serie`, `matricule_vehicule`, `active`, `latit`, `longi`, `pj_images`, `station_base`, `etat`, `creusr`, `credat`, `updusr`, `upddat`) VALUES
(1, 'Fixe', 'FFF', '23E', '22E', NULL, 'En Marche', '2222', '33323', '(341)', 1, 0, 1, '2017-06-05 03:12:35', 1, '2017-06-05 04:18:45');

-- --------------------------------------------------------

--
-- Table structure for table `uhf_vhf_stations`
--

CREATE TABLE IF NOT EXISTS `uhf_vhf_stations` (
  `id` int(11) NOT NULL AUTO_INCREMENT,
  `prm` int(11) DEFAULT NULL,
  `site` varchar(100) DEFAULT NULL,
  `longi` varchar(100) DEFAULT NULL,
  `latit` varchar(100) DEFAULT NULL,
  `ville` int(11) DEFAULT NULL,
  `modele` varchar(100) DEFAULT NULL,
  `type_station` varchar(100) DEFAULT NULL,
  `hauteur` varchar(100) DEFAULT NULL,
  `puissance` varchar(100) DEFAULT NULL,
  `modulation` varchar(100) DEFAULT NULL,
  `porte_antenne` varchar(100) DEFAULT NULL,
  `frequence` varchar(100) DEFAULT NULL,
  `date_visite` date DEFAULT NULL,
  `pj` int(11) DEFAULT NULL,
  `pj_images` varchar(100) DEFAULT NULL,
  `etat` int(11) DEFAULT '0',
  `creusr` int(11) DEFAULT NULL,
  `credat` timestamp NULL DEFAULT CURRENT_TIMESTAMP,
  `updusr` int(11) DEFAULT NULL,
  `upddat` timestamp NULL DEFAULT NULL,
  PRIMARY KEY (`id`)
) ENGINE=InnoDB  DEFAULT CHARSET=utf8 AUTO_INCREMENT=2 ;

--
-- Dumping data for table `uhf_vhf_stations`
--

INSERT INTO `uhf_vhf_stations` (`id`, `prm`, `site`, `longi`, `latit`, `ville`, `modele`, `type_station`, `hauteur`, `puissance`, `modulation`, `porte_antenne`, `frequence`, `date_visite`, `pj`, `pj_images`, `etat`, `creusr`, `credat`, `updusr`, `upddat`) VALUES
(1, 39, 'LLL', '44', '667', 36, '44', 'UHF', '65', '345', '543534', '55', '4435', '2017-06-05', 335, '(342)', 0, 1, '2017-06-05 01:13:06', 1, '2017-06-05 04:22:22');

-- --------------------------------------------------------

--
-- Table structure for table `users_sys`
--

CREATE TABLE IF NOT EXISTS `users_sys` (
  `id` int(11) NOT NULL AUTO_INCREMENT COMMENT 'ID',
  `nom` text NOT NULL COMMENT 'pseudo',
  `fnom` varchar(20) DEFAULT NULL COMMENT 'Nom',
  `lnom` varchar(20) DEFAULT NULL COMMENT 'prénom',
  `pass` text NOT NULL COMMENT 'mot de pass (crypté)',
  `mail` text NOT NULL COMMENT 'Adresse Email',
  `service` int(11) NOT NULL COMMENT 'Service utilisateur',
  `tel` varchar(15) DEFAULT NULL COMMENT 'Téléphone',
  `etat` int(11) NOT NULL COMMENT 'statut utilisateur',
  `defapp` int(11) DEFAULT NULL COMMENT 'application par défault',
  `agence` int(11) DEFAULT NULL COMMENT 'Agence d''affectation',
  `ctc` int(11) NOT NULL DEFAULT '0' COMMENT 'Compteur tentative de connexion',
  `lastactive` datetime DEFAULT NULL COMMENT 'derniere activité',
  `photo` int(6) DEFAULT NULL COMMENT 'Photo utilisateur',
  `signature` int(6) DEFAULT NULL COMMENT 'signature',
  `form` int(6) DEFAULT NULL COMMENT 'Path for form Sing up',
  `creusr` varchar(20) DEFAULT NULL COMMENT 'Inserted BY',
  `credat` datetime DEFAULT CURRENT_TIMESTAMP COMMENT 'Inserted date',
  `updusr` varchar(20) DEFAULT NULL COMMENT 'Update BY',
  `upddat` datetime DEFAULT NULL COMMENT 'Updated date',
  PRIMARY KEY (`id`),
  UNIQUE KEY `id` (`id`),
  KEY `user_sys_service` (`service`)
) ENGINE=InnoDB  DEFAULT CHARSET=latin1 COMMENT='Table users Systeme' AUTO_INCREMENT=17 ;

--
-- Dumping data for table `users_sys`
--

INSERT INTO `users_sys` (`id`, `nom`, `fnom`, `lnom`, `pass`, `mail`, `service`, `tel`, `etat`, `defapp`, `agence`, `ctc`, `lastactive`, `photo`, `signature`, `form`, `creusr`, `credat`, `updusr`, `upddat`) VALUES
(1, 'admin', 'Administrateur', 'Systeme', '5a05679021426829ab75ac9fa6655947', 'rachid@atelsolution.com', 1, '6544545454', 1, 0, 1, 0, '2017-06-06 09:58:02', 1, 2, 9, NULL, '2017-01-13 13:52:42', NULL, '2017-01-13 13:52:42'),
(2, 'rachid', 'Rachid', 'Kada', '5a05679021426829ab75ac9fa6655947', 'rachid@bdctchad.com', 2, '0612668698', 1, 3, NULL, 0, '2017-01-19 22:29:53', 4, 5, 6, NULL, '2017-01-19 21:59:10', NULL, '2017-01-19 21:59:10');

-- --------------------------------------------------------

--
-- Table structure for table `vsat_hub`
--

CREATE TABLE IF NOT EXISTS `vsat_hub` (
  `id` int(11) NOT NULL AUTO_INCREMENT,
  `operateur` varchar(160) CHARACTER SET latin1 NOT NULL,
  `pays_hub` int(11) NOT NULL COMMENT 'FK PAYS',
  `ville_hub` varchar(160) CHARACTER SET latin1 DEFAULT NULL,
  `email_hub` varchar(160) CHARACTER SET latin1 DEFAULT NULL,
  `credat` timestamp NULL DEFAULT CURRENT_TIMESTAMP,
  `creusr` int(11) DEFAULT NULL,
  `updusr` int(11) DEFAULT NULL,
  `upddat` timestamp NULL DEFAULT NULL,
  `etat` int(11) DEFAULT '0',
  PRIMARY KEY (`id`)
) ENGINE=InnoDB  DEFAULT CHARSET=utf8 AUTO_INCREMENT=2 ;

--
-- Dumping data for table `vsat_hub`
--

INSERT INTO `vsat_hub` (`id`, `operateur`, `pays_hub`, `ville_hub`, `email_hub`, `credat`, `creusr`, `updusr`, `upddat`, `etat`) VALUES
(1, 'Talia Limited', 228, 'londres', 'contact@talia.net', '2017-04-03 23:15:30', 1, 1, '2017-04-03 23:15:45', 0);

-- --------------------------------------------------------

--
-- Table structure for table `vsat_satellite`
--

CREATE TABLE IF NOT EXISTS `vsat_satellite` (
  `id` int(11) NOT NULL AUTO_INCREMENT,
  `satellite` text NOT NULL,
  `position_orbitale` text NOT NULL,
  `pay_operator` varchar(100) DEFAULT NULL,
  `contractor` varchar(100) DEFAULT NULL,
  `etat` int(11) NOT NULL DEFAULT '0',
  `credat` timestamp NULL DEFAULT CURRENT_TIMESTAMP,
  `creusr` int(11) DEFAULT NULL,
  `updusr` int(11) DEFAULT NULL,
  `upddat` timestamp NULL DEFAULT NULL,
  PRIMARY KEY (`id`)
) ENGINE=InnoDB  DEFAULT CHARSET=latin1 AUTO_INCREMENT=1086 ;

--
-- Dumping data for table `vsat_satellite`
--

INSERT INTO `vsat_satellite` (`id`, `satellite`, `position_orbitale`, `pay_operator`, `contractor`, `etat`, `credat`, `creusr`, `updusr`, `upddat`) VALUES
(1, 'AAUSat-3', '0', 'Denmark', 'Aalborg University', 1, '2017-04-12 07:48:56', NULL, NULL, NULL),
(2, 'ABS-1', '75,03', 'International', 'Lockheed Martin', 0, '2017-04-12 07:48:56', NULL, NULL, NULL),
(3, 'ABS-1A', '116,54', 'International', 'Lockheed Martin Astro Space', 0, '2017-04-12 07:48:56', NULL, NULL, NULL),
(4, 'ABS-7', '116,18', 'International', 'Lockheed Martin Astro Space', 0, '2017-04-12 07:48:56', NULL, NULL, NULL),
(5, 'Active Cavity Radiometer Irradiance Monitor (AcrimSat)', '0', 'USA', 'Orbital Sciences Corp.', 0, '2017-04-12 07:48:56', NULL, NULL, NULL),
(6, 'USA 139', '-14,5', 'USA', 'TRW Space and Electronics', 0, '2017-04-12 07:48:56', NULL, NULL, NULL),
(7, 'USA 171', '95,4', 'USA', 'TRW Space and Electronics', 0, '2017-04-12 07:48:56', NULL, NULL, NULL),
(8, 'USA 202', '44', 'USA', 'National Reconnaissance Laboratory (?)', 0, '2017-04-12 07:48:56', NULL, NULL, NULL),
(9, 'USA 223', '100,9', 'USA', 'National Reconnaissance Laboratory (?)', 0, '2017-04-12 07:48:56', NULL, NULL, NULL),
(10, 'USA 237', '60', 'USA', 'National Reconnaissance Laboratory(?)', 0, '2017-04-12 07:48:56', NULL, NULL, NULL),
(11, 'USA 214', '0', 'USA', 'Lockheed Martin Space Systems', 0, '2017-04-12 07:48:56', NULL, NULL, NULL),
(12, 'USA 235', '-40', 'USA', 'Lockheed Martin Space Systems', 0, '2017-04-12 07:48:56', NULL, NULL, NULL),
(13, 'Aeneas', '0', 'USA', 'University of Southern California', 0, '2017-04-12 07:48:56', NULL, NULL, NULL),
(14, 'Aerocube 4', '0', 'USA', 'Aerospace Corporation', 0, '2017-04-12 07:48:56', NULL, NULL, NULL),
(15, 'Aerocube 4.5A', '0', 'USA', 'Aerospace Corporation', 0, '2017-04-12 07:48:56', NULL, NULL, NULL),
(16, 'Aerocube 4.5B', '0', 'USA', 'Aerospace Corporation', 0, '2017-04-12 07:48:56', NULL, NULL, NULL),
(17, 'Africasat-1', '46,03', 'Malaysia', 'Boeing Satellite Systems', 0, '2017-04-12 07:48:56', NULL, NULL, NULL),
(18, 'Afristar ', '20,97', 'USA', 'Matra Marconi Space-France', 0, '2017-04-12 07:48:56', NULL, NULL, NULL),
(19, 'Agila 2/ABS-5', '146,06', 'International', 'Space Systems/Loral', 0, '2017-04-12 07:48:56', NULL, NULL, NULL),
(20, 'AGILE', '0', 'Italy', 'Carlo?Gavazzi?Space', 0, '2017-04-12 07:48:56', NULL, NULL, NULL),
(21, 'AIM', '0', 'USA', 'Orbital Sciences Corp.', 0, '2017-04-12 07:48:56', NULL, NULL, NULL),
(22, 'AISSat-1', '0', 'Norway', 'Kongsberg Seatex AS/University of Toronto Institute for Aerospace Studies', 0, '2017-04-12 07:48:56', NULL, NULL, NULL),
(23, 'AIST-2', '0', 'Russia', 'Samara State Aerospace University, SGAU', 0, '2017-04-12 07:48:56', NULL, NULL, NULL),
(24, 'Akebono', '0', 'Japan', 'Institute of Space and Aeronautical Science, University of Tokyo', 0, '2017-04-12 07:48:56', NULL, NULL, NULL),
(25, 'Alphasat I-XL', '25', 'UK/ESA', 'Astrium', 0, '2017-04-12 07:48:56', NULL, NULL, NULL),
(26, 'Alsat-2A', '0', 'Algeria', 'EADS Astrium', 0, '2017-04-12 07:48:56', NULL, NULL, NULL),
(27, 'Amazonas-1', '-61,02', 'Brazil', 'EADS Astrium', 0, '2017-04-12 07:48:56', NULL, NULL, NULL),
(28, 'Amazonas-2', '-61', 'Spain', 'EADS Astrium', 0, '2017-04-12 07:48:56', NULL, NULL, NULL),
(29, 'Amazonas-3', '-61', 'Spain', 'Space Systems/Loral', 0, '2017-04-12 07:48:56', NULL, NULL, NULL),
(30, 'AMC-1', '-103,02', 'USA', 'Lockheed Martin Commercial Space Systems', 0, '2017-04-12 07:48:56', NULL, NULL, NULL),
(31, 'AMC-10', '-134,97', 'USA', 'Lockheed Martin', 0, '2017-04-12 07:48:56', NULL, NULL, NULL),
(32, 'AMC-11', '-130,93', 'USA', 'Lockheed Martin', 0, '2017-04-12 07:48:56', NULL, NULL, NULL),
(33, 'AMC-15', '-105,04', 'USA', 'Lockheed Martin', 0, '2017-04-12 07:48:56', NULL, NULL, NULL),
(34, 'AMC-16', '-84,98', 'USA', 'Lockheed Martin Commercial Space Systems', 0, '2017-04-12 07:48:56', NULL, NULL, NULL),
(35, 'AMC-18', '-104,97', 'USA', 'Lockheed Martin Missiles and Space', 0, '2017-04-12 07:48:56', NULL, NULL, NULL),
(36, 'AMC-2', '-100,98', 'USA', 'Lockheed Martin Commercial Space Systems', 0, '2017-04-12 07:48:56', NULL, NULL, NULL),
(37, 'AMC-21', '-124,86', 'USA', 'Orbital Sciences Corp.', 0, '2017-04-12 07:48:56', NULL, NULL, NULL),
(38, 'AMC-3', '-86,96', 'USA', 'Lockheed Martin Commercial Space Systems', 0, '2017-04-12 07:48:56', NULL, NULL, NULL),
(39, 'AMC-4', '-100,99', 'USA', 'Lockheed Martin Commercial Space Systems', 0, '2017-04-12 07:48:56', NULL, NULL, NULL),
(40, 'AMC-5', '-78,93', 'USA', 'Alcatel Space Industries', 0, '2017-04-12 07:48:56', NULL, NULL, NULL),
(41, 'AMC-6', '-71,98', 'USA', 'Lockheed Martin Commercial Space Systems', 0, '2017-04-12 07:48:56', NULL, NULL, NULL),
(42, 'AMC-7', '-136,94', 'USA', 'Lockheed Martin Commercial Space Systems', 0, '2017-04-12 07:48:56', NULL, NULL, NULL),
(43, 'AMC-8', '-139', 'USA', 'Lockheed Martin Commercial Space Systems', 0, '2017-04-12 07:48:56', NULL, NULL, NULL),
(44, 'AMC-9', '-82,95', 'USA', 'Alcatel Space Industries', 0, '2017-04-12 07:48:56', NULL, NULL, NULL),
(45, 'Amos 2', '-3,98', 'Israel', 'Israel Aircraft Industries (IAI)', 0, '2017-04-12 07:48:56', NULL, NULL, NULL),
(46, 'Amos 3', '-3,99', 'Israel', 'Israel Aircraft Industries (IAI)', 0, '2017-04-12 07:48:56', NULL, NULL, NULL),
(47, 'Amos 4', '65', 'Israel', 'Israel Aircraft Industries (IAI)', 0, '2017-04-12 07:48:56', NULL, NULL, NULL),
(48, 'Amos 5', '17', 'Israel', 'OAO ISS', 0, '2017-04-12 07:48:56', NULL, NULL, NULL),
(49, 'Amsat-Oscar 7', '0', 'USA', 'Amsat-NA', 0, '2017-04-12 07:48:56', NULL, NULL, NULL),
(50, 'Anik F1', '-107,27', 'Canada', 'Boeing Satellite Systems', 0, '2017-04-12 07:48:56', NULL, NULL, NULL),
(51, 'Anik F1R', '-107,3', 'Canada', 'EADS Astrium', 0, '2017-04-12 07:48:56', NULL, NULL, NULL),
(52, 'Anik F2', '-111,07', 'Canada', 'Boeing Satellite Systems', 0, '2017-04-12 07:48:56', NULL, NULL, NULL),
(53, 'Anik F3', '-118,69', 'Canada', 'EADS Astrium', 0, '2017-04-12 07:48:56', NULL, NULL, NULL),
(54, 'Anik G1', '-107,3', 'Canada', 'Space Systems/Loral', 0, '2017-04-12 07:48:56', NULL, NULL, NULL),
(55, 'AprizeSat 1', '0', 'Argentina', 'Aprize Satellite ', 0, '2017-04-12 07:48:56', NULL, NULL, NULL),
(56, 'AprizeSat 2', '0', 'Argentina', 'Aprize Satellite ', 0, '2017-04-12 07:48:56', NULL, NULL, NULL),
(57, 'AprizeSat 3', '0', 'USA/Argentina', 'SpaceQuest', 0, '2017-04-12 07:48:56', NULL, NULL, NULL),
(58, 'AprizeSat 4', '0', 'USA/Argentina', 'SpaceQuest', 0, '2017-04-12 07:48:56', NULL, NULL, NULL),
(59, 'AprizeSat 5', '0', 'USA/Argentina', 'SpaceQuest', 0, '2017-04-12 07:48:56', NULL, NULL, NULL),
(60, 'AprizeSat 6', '0', 'USA/Argentina', 'SpaceQuest', 0, '2017-04-12 07:48:56', NULL, NULL, NULL),
(61, 'Apstar 1', '141,94', 'China (PR)', 'Hughes ', 0, '2017-04-12 07:48:56', NULL, NULL, NULL),
(62, 'Apstar 1A', '51,47', 'China (PR)', 'Hughes', 0, '2017-04-12 07:48:56', NULL, NULL, NULL),
(63, 'Apstar 6', '134,04', 'China (PR)', 'Alcatel Space Industries', 0, '2017-04-12 07:48:56', NULL, NULL, NULL),
(64, 'Apstar 7', '76,5', 'China (PR)', 'Thales Alenia Space', 0, '2017-04-12 07:48:56', NULL, NULL, NULL),
(65, 'Arabsat 5C', '19,99', 'Multinational', 'Astrium/Thales Alenia Space', 0, '2017-04-12 07:48:56', NULL, NULL, NULL),
(66, 'Advanced Data Relay and Technology Mission Satellite (Artemis) ', '21,36', 'ESA', 'Alenia Spazio', 0, '2017-04-12 07:48:56', NULL, NULL, NULL),
(67, 'AsiaSat 3S', '105,55', 'China (PR)', 'Boeing Satellite Systems', 0, '2017-04-12 07:48:56', NULL, NULL, NULL),
(68, 'AsiaSat 4', '122,24', 'China (PR)', 'Boeing Satellite Systems', 0, '2017-04-12 07:48:56', NULL, NULL, NULL),
(69, 'AsiaSat 5', '100,5', 'China (PR)', 'Space Systems/Loral', 0, '2017-04-12 07:48:56', NULL, NULL, NULL),
(70, 'AsiaSat 7', '105,5', 'China (PR)', 'Space Systems/Loral', 0, '2017-04-12 07:48:56', NULL, NULL, NULL),
(71, 'AsiaStar', '104,97', 'USA', 'Alcatel Space Industries', 0, '2017-04-12 07:48:56', NULL, NULL, NULL),
(72, 'Astra 1D', '31,2', 'Luxembourg', 'Hughes', 0, '2017-04-12 07:48:56', NULL, NULL, NULL),
(73, 'Astra 1E', '23,47', 'Luxembourg', 'Hughes', 0, '2017-04-12 07:48:56', NULL, NULL, NULL),
(74, 'Astra 1F', '19,22', 'Luxembourg', 'Hughes', 0, '2017-04-12 07:48:56', NULL, NULL, NULL),
(75, 'Astra 1G', '19,24', 'Luxembourg', 'Hughes', 0, '2017-04-12 07:48:56', NULL, NULL, NULL),
(76, 'Astra 1H', '19,2', 'Luxembourg', 'Hughes', 0, '2017-04-12 07:48:56', NULL, NULL, NULL),
(77, 'Astra 1KR', '19,16', 'Luxembourg', 'Lockheed Martin Commercial Space Systems', 0, '2017-04-12 07:48:56', NULL, NULL, NULL),
(78, 'Astra 1L', '19,3', 'Luxembourg', 'Lockheed Martin Commercial Space Systems', 0, '2017-04-12 07:48:56', NULL, NULL, NULL),
(79, 'Astra 1M', '19,2', 'Luxembourg', 'EADS Astrium', 0, '2017-04-12 07:48:56', NULL, NULL, NULL),
(80, 'Astra 1N', '28,2', 'Luxembourg', 'EADS Astrium', 0, '2017-04-12 07:48:56', NULL, NULL, NULL),
(81, 'Astra 2A', '28,16', 'Luxembourg', 'Hughes', 0, '2017-04-12 07:48:56', NULL, NULL, NULL),
(82, 'Astra 2B', '28,22', 'Luxembourg', 'Astrium', 0, '2017-04-12 07:48:56', NULL, NULL, NULL),
(83, 'Astra 2C', '28,21', 'Luxembourg', 'Boeing Satellite Systems', 0, '2017-04-12 07:48:56', NULL, NULL, NULL),
(84, 'Astra 2D', '28,14', 'Luxembourg', 'Hughes', 0, '2017-04-12 07:48:56', NULL, NULL, NULL),
(85, 'Astra 2F', '28,2', 'Luxembourg', 'EADS Astrium', 0, '2017-04-12 07:48:56', NULL, NULL, NULL),
(86, 'Astra 3A', '23,48', 'Luxembourg', 'Boeing Satellite Systems', 0, '2017-04-12 07:48:56', NULL, NULL, NULL),
(87, 'Astra 3B', '23,5', 'Luxembourg', 'EADS Astrium', 0, '2017-04-12 07:48:56', NULL, NULL, NULL),
(88, 'Azerspace/Africasat-1a', '46', 'Azerbaijan', 'Orbital Sciences Corp.', 0, '2017-04-12 07:48:56', NULL, NULL, NULL),
(89, 'Badr 2', '0', 'Pakistan', 'Pakistan Space and Upper Atmosphere Research Commission (SUPARCO)', 0, '2017-04-12 07:48:56', NULL, NULL, NULL),
(90, 'Badr 4', '26,02', 'Multinational', 'EADS Astrium', 0, '2017-04-12 07:48:56', NULL, NULL, NULL),
(91, 'Badr 5', '26', 'Multinational', 'EADS Astrium', 0, '2017-04-12 07:48:56', NULL, NULL, NULL),
(92, 'Badr 5A', '30,5', 'Multinational', 'EADS Astrium', 0, '2017-04-12 07:48:56', NULL, NULL, NULL),
(93, 'Badr 6', '26,08', 'Multinational', 'EADS Astrium', 0, '2017-04-12 07:48:56', NULL, NULL, NULL),
(94, 'BeeSat-1', '0', 'Germany', 'Technische?Universit?t?Berlin', 0, '2017-04-12 07:48:56', NULL, NULL, NULL),
(95, 'BeeSat-2', '0', 'Germany', 'Technische?Universit?t?Berlin', 0, '2017-04-12 07:48:56', NULL, NULL, NULL),
(96, 'BeeSat-3', '0', 'Germany', 'Technische?Universit?t?Berlin', 0, '2017-04-12 07:48:56', NULL, NULL, NULL),
(97, 'BeijinGalaxy-1', '0', 'China (PR)', 'Tsinghua University/University of Surrey', 0, '2017-04-12 07:48:56', NULL, NULL, NULL),
(98, 'Bispectral InfraRed Detector 2 (Bird 2)', '0', 'Germany', 'Deutsches Zentrum f?r Luft- und Raumfahrt', 0, '2017-04-12 07:48:56', NULL, NULL, NULL),
(99, 'BKA', '0', 'Belarus', 'NPO VNIIEM', 0, '2017-04-12 07:48:56', NULL, NULL, NULL),
(100, 'Bonum 1', '55,94', 'Russia', 'Hughes Space and Communications', 0, '2017-04-12 07:48:56', NULL, NULL, NULL),
(101, 'Brazilsat B-3', '-74,96', 'Brazil', 'Boeing Satellite Systems', 0, '2017-04-12 07:48:56', NULL, NULL, NULL),
(102, 'Brazilsat B-4', '-84,03', 'Brazil', 'Boeing Satellite Systems', 0, '2017-04-12 07:48:56', NULL, NULL, NULL),
(103, 'BSAT-2C', '109,89', 'Japan', 'Orbital Sciences Corp.', 0, '2017-04-12 07:48:56', NULL, NULL, NULL),
(104, 'BSAT-3A', '109,91', 'Japan', 'Lockheed Martin Commercial Space Systems', 0, '2017-04-12 07:48:56', NULL, NULL, NULL),
(105, 'BSAT-3B', '110', 'Japan', 'Lockheed Martin Commercial Space Systems', 0, '2017-04-12 07:48:56', NULL, NULL, NULL),
(106, 'BSAT-3C/JCSat 110-R', '110', 'Japan', 'Lockheed Martin Commercial Space Systems', 0, '2017-04-12 07:48:56', NULL, NULL, NULL),
(107, 'C/NOFS', '0', 'USA', 'General Dynamics', 0, '2017-04-12 07:48:56', NULL, NULL, NULL),
(108, 'Calipso', '0', 'France/USA', 'Alcatel Alenia Space', 0, '2017-04-12 07:48:56', NULL, NULL, NULL),
(109, 'Canopus-B', '0', 'Russia', 'All-Russia Research Institute of Electromechanics (NPP VNIIEM)', 0, '2017-04-12 07:48:56', NULL, NULL, NULL),
(110, 'CAN-X2', '0', 'Canada', 'University of Toronto Institute for Aerospace Studies', 0, '2017-04-12 07:48:56', NULL, NULL, NULL),
(111, 'Can-X3a', '0', 'Canada', 'University of Toronto Institute for Aerospace Studies', 0, '2017-04-12 07:48:56', NULL, NULL, NULL),
(112, 'CAN-X6', '0', 'Canada', 'University of Toronto Institute for Aerospace Studies/Com Development International Ltd.', 0, '2017-04-12 07:48:56', NULL, NULL, NULL),
(113, 'CartoSat 1', '0', 'India', 'Indian Space Research Organization (ISRO)', 0, '2017-04-12 07:48:56', NULL, NULL, NULL),
(114, 'CartoSat 2', '0', 'India', 'Indian Space Research Organization (ISRO)', 0, '2017-04-12 07:48:56', NULL, NULL, NULL),
(115, 'CartoSat 2A', '0', 'India', 'Indian Space Research Organization (ISRO)', 0, '2017-04-12 07:48:56', NULL, NULL, NULL),
(116, 'CartoSat 2B', '0', 'India', 'Indian Space Research Organization (ISRO)', 0, '2017-04-12 07:48:56', NULL, NULL, NULL),
(117, 'CFESat', '0', 'USA', 'Surrey Satellite Technologies Ltd.', 0, '2017-04-12 07:48:56', NULL, NULL, NULL),
(118, 'Chandra X-Ray Observatory (CXO)', '0', 'USA', 'TRW Space and Electronics', 0, '2017-04-12 07:48:56', NULL, NULL, NULL),
(119, 'ChinaSat 6B', '115,58', 'China (PR)', 'Thales Alenia Space', 0, '2017-04-12 07:48:56', NULL, NULL, NULL),
(120, 'Chuangxin 1-1', '0', 'China (PR)', 'China Academy of Sciences', 0, '2017-04-12 07:48:56', NULL, NULL, NULL),
(121, 'Chuangxin 1-2', '0', 'China (PR)', 'China Academy of Sciences', 0, '2017-04-12 07:48:56', NULL, NULL, NULL),
(122, 'Chuangxin 1-3', '0', 'China (PR)', 'China Academy of Sciences', 0, '2017-04-12 07:48:56', NULL, NULL, NULL),
(123, 'Chuangzin-3', '0', 'China (PR)', 'China Academy of Sciences', 0, '2017-04-12 07:48:56', NULL, NULL, NULL),
(124, 'Ciel-2', '-129', 'Canada', 'Thales Alenia Space', 0, '2017-04-12 07:48:56', NULL, NULL, NULL),
(125, 'CINEMA', '0', 'USA', 'University of California-Berkeley', 0, '2017-04-12 07:48:56', NULL, NULL, NULL),
(126, 'Cloudsat', '0', 'USA', 'NASA Jet Propulsion Laboratory', 0, '2017-04-12 07:48:56', NULL, NULL, NULL),
(127, 'Compass G-1', '144,5', 'China (PR)', 'Space Technology Research Institute (part of CASC)', 0, '2017-04-12 07:48:56', NULL, NULL, NULL),
(128, 'Compass G-10', '104,21', 'China (PR)', 'Space Technology Research Institute (part of CASC)', 0, '2017-04-12 07:48:56', NULL, NULL, NULL),
(129, 'Compass G-11', '59', 'China (PR)', 'Space Technology Research Institute (part of CASC)', 0, '2017-04-12 07:48:56', NULL, NULL, NULL),
(130, 'Compass G-3', '84,7', 'China (PR)', 'Space Technology Research Institute (part of CASC)', 0, '2017-04-12 07:48:56', NULL, NULL, NULL),
(131, 'Compass G-4', '160', 'China (PR)', 'Space Technology Research Institute (part of CASC)', 0, '2017-04-12 07:48:56', NULL, NULL, NULL),
(132, 'Compass G-5', '118', 'China (PR)', 'Space Technology Research Institute (part of CASC)', 0, '2017-04-12 07:48:56', NULL, NULL, NULL),
(133, 'Compass G-6', '80', 'China (PR)', 'Space Technology Research Institute (part of CASC)', 0, '2017-04-12 07:48:56', NULL, NULL, NULL),
(134, 'Compass G-7', '118', 'China (PR)', 'Space Technology Research Institute (part of CASC)', 0, '2017-04-12 07:48:56', NULL, NULL, NULL),
(135, 'Compass G-8', '118', 'China (PR)', 'Space Technology Research Institute (part of CASC)', 0, '2017-04-12 07:48:56', NULL, NULL, NULL),
(136, 'Compass G-9', '0', 'China (PR)', 'Space Technology Research Institute (part of CASC)', 0, '2017-04-12 07:48:56', NULL, NULL, NULL),
(137, 'Compass M1', '0', 'China (PR)', 'Space Technology Research Institute (part of CASC)', 0, '2017-04-12 07:48:56', NULL, NULL, NULL),
(138, 'Compass M3', '0', 'China (PR)', 'Space Technology Research Institute (part of CASC)', 0, '2017-04-12 07:48:56', NULL, NULL, NULL),
(139, 'Compass M4', '0', 'China (PR)', 'Space Technology Research Institute (part of CASC)', 0, '2017-04-12 07:48:56', NULL, NULL, NULL),
(140, 'Compass M5', '0', 'China (PR)', 'Space Technology Research Institute (part of CASC)', 0, '2017-04-12 07:48:56', NULL, NULL, NULL),
(141, 'Compass M6', '0', 'China (PR)', 'Space Technology Research Institute (part of CASC)', 0, '2017-04-12 07:48:56', NULL, NULL, NULL),
(142, 'COMS-1', '128', 'South Korea', 'EADS Astrium/Electronics and Telecommunications Research Institute (ETRI)', 0, '2017-04-12 07:48:56', NULL, NULL, NULL),
(143, 'COMSATBw-1', '63', 'Germany', 'Thales Alenia Space', 0, '2017-04-12 07:48:56', NULL, NULL, NULL),
(144, 'COMSATBw-2', '13,2', 'Germany', 'Thales Alenia Space', 0, '2017-04-12 07:48:56', NULL, NULL, NULL),
(145, 'Coriolis', '0', 'USA', 'Spectrum Astro, Inc.', 0, '2017-04-12 07:48:56', NULL, NULL, NULL),
(146, 'COSMIC-A', '0', 'Taiwan/USA', 'Orbital Sciences Corp.', 0, '2017-04-12 07:48:56', NULL, NULL, NULL),
(147, 'COSMIC-B', '0', 'Taiwan/USA', 'Orbital Sciences Corp.', 0, '2017-04-12 07:48:56', NULL, NULL, NULL),
(148, 'COSMIC-D', '0', 'Taiwan/USA', 'Orbital Sciences Corp.', 0, '2017-04-12 07:48:56', NULL, NULL, NULL),
(149, 'COSMIC-E', '0', 'Taiwan/USA', 'Orbital Sciences Corp.', 0, '2017-04-12 07:48:56', NULL, NULL, NULL),
(150, 'COSMIC-F', '0', 'Taiwan/USA', 'Orbital Sciences Corp.', 0, '2017-04-12 07:48:56', NULL, NULL, NULL),
(151, 'COSMO-Skymed 1', '0', 'Italy', 'Thales Alenia Space', 0, '2017-04-12 07:48:56', NULL, NULL, NULL),
(152, 'COSMO-Skymed 2', '0', 'Italy', 'Thales?Alenia?Space', 0, '2017-04-12 07:48:56', NULL, NULL, NULL),
(153, 'COSMO-Skymed 3', '0', 'Italy', 'Thales?Alenia?Space', 0, '2017-04-12 07:48:56', NULL, NULL, NULL),
(154, 'COSMO-Skymed 4', '0', 'Italy', 'Thales?Alenia?Space', 0, '2017-04-12 07:48:56', NULL, NULL, NULL),
(155, 'Cryosat-2', '0', 'ESA', 'EADS Astrium', 0, '2017-04-12 07:48:56', NULL, NULL, NULL),
(156, 'Cubebug 1', '0', 'Argentina', 'Argentinian Ministry of Science, Technology and Productive Innovation', 0, '2017-04-12 07:48:56', NULL, NULL, NULL),
(157, 'Cubesat XI-IV ', '0', 'Japan', 'Department of Astronautics, University of Tokyo', 0, '2017-04-12 07:48:56', NULL, NULL, NULL),
(158, 'Cubesat XI-V', '0', 'Japan', 'Department of Astronautics, University of Tokyo', 0, '2017-04-12 07:48:56', NULL, NULL, NULL),
(159, 'Cubical Titech Engineering satellite (Cute-1)', '0', 'Japan', 'Tokyo Institute of Technology', 0, '2017-04-12 07:48:56', NULL, NULL, NULL),
(160, 'Cute 1.7 2', '0', 'Japan', 'Tokyo Institute of Technology', 0, '2017-04-12 07:48:56', NULL, NULL, NULL),
(161, 'Deimos 1', '0', 'Spain', 'Surrey Satellite Technologies Ltd.', 0, '2017-04-12 07:48:56', NULL, NULL, NULL),
(162, 'Delfi-C3', '0', 'Netherlands', 'Technical University of Delft', 0, '2017-04-12 07:48:56', NULL, NULL, NULL),
(163, 'DirecTV-10', '-102,74', 'USA', 'Boeing Space and Intelligence Systems', 0, '2017-04-12 07:48:56', NULL, NULL, NULL),
(164, 'DirecTV-11', '-99,21', 'USA', 'Boeing Satellite Development Center', 0, '2017-04-12 07:48:56', NULL, NULL, NULL),
(165, 'DirecTV-12', '-102,8', 'USA', 'Boeing Space Systems', 0, '2017-04-12 07:48:56', NULL, NULL, NULL),
(166, 'DirecTV-4S', '-101,15', 'USA', 'Hughes Electronics Corp.', 0, '2017-04-12 07:48:56', NULL, NULL, NULL),
(167, 'DirecTV-5', '-110,05', 'USA', 'Space Systems/Loral', 0, '2017-04-12 07:48:56', NULL, NULL, NULL),
(168, 'DirecTV-7S', '-119,04', 'USA', 'Space Systems/Loral', 0, '2017-04-12 07:48:56', NULL, NULL, NULL),
(169, 'DirecTV-8', '-100,81', 'USA', 'Space Systems/Loral', 0, '2017-04-12 07:48:56', NULL, NULL, NULL),
(170, 'DirecTV-9S', '-101,08', 'USA', 'Space Systems/Loral', 0, '2017-04-12 07:48:56', NULL, NULL, NULL),
(171, 'DLR Tubsat', '0', 'Germany', 'Institute of Aeronautics and Astronautics, Technical University of Berlin', 0, '2017-04-12 07:48:56', NULL, NULL, NULL),
(172, 'USA 109', '0', 'USA', 'General Electric Astro Space', 0, '2017-04-12 07:48:56', NULL, NULL, NULL),
(173, 'USA 131', '0', 'USA', 'Lockheed Martin Missiles and Space', 0, '2017-04-12 07:48:56', NULL, NULL, NULL),
(174, 'USA 147', '0', 'USA', 'Lockheed Martin Missiles and Space', 0, '2017-04-12 07:48:56', NULL, NULL, NULL),
(175, 'USA 172', '0', 'USA', 'Lockheed Martin Missiles and Space', 0, '2017-04-12 07:48:56', NULL, NULL, NULL),
(176, 'USA 191', '0', 'USA', 'Lockheed Martin Missiles and Space', 0, '2017-04-12 07:48:56', NULL, NULL, NULL),
(177, 'USA 210', '0', 'USA', 'Lockheed Martin Missiles and Space', 0, '2017-04-12 07:48:56', NULL, NULL, NULL),
(178, 'Dove-2', '0', 'USA', 'Cosmogia Inc.', 0, '2017-04-12 07:48:56', NULL, NULL, NULL),
(179, 'Data Relay Test Satellite (DRTS)', '90,77', 'Japan', 'Mitsubishi Electric', 0, '2017-04-12 07:48:56', NULL, NULL, NULL),
(180, 'USA 167', '60,01', 'USA', 'Lockheed Martin Missiles and Space', 0, '2017-04-12 07:48:56', NULL, NULL, NULL),
(181, 'USA 170', '-52,51', 'USA', 'Lockheed Martin Missiles and Space', 0, '2017-04-12 07:48:56', NULL, NULL, NULL),
(182, 'USA 135', '-130,05', 'USA', 'Lockheed Martin Missiles and Space', 0, '2017-04-12 07:48:56', NULL, NULL, NULL),
(183, 'USA 148', '-135,11', 'USA', 'Lockheed Martin Missiles and Space', 0, '2017-04-12 07:48:56', NULL, NULL, NULL),
(184, 'USA 153', '-12,15', 'USA', 'Lockheed Martin Missiles and Space', 0, '2017-04-12 07:48:56', NULL, NULL, NULL),
(185, 'USA 82', '-12,09', 'USA', 'Lockheed Martin Missiles and Space', 0, '2017-04-12 07:48:56', NULL, NULL, NULL),
(186, 'USA 97', '56,77', 'USA', 'Lockheed Martin Missiles and Space', 0, '2017-04-12 07:48:56', NULL, NULL, NULL),
(187, 'USA 113', '-52,4', 'USA', 'Lockheed Martin Missiles and Space', 0, '2017-04-12 07:48:56', NULL, NULL, NULL),
(188, 'USA 130', '0', 'USA', 'TRW and Aerojet Electronics Systems', 0, '2017-04-12 07:48:56', NULL, NULL, NULL),
(189, 'USA 149', '-36,25', 'USA', 'TRW and Aerojet Electronics Systems', 0, '2017-04-12 07:48:56', NULL, NULL, NULL),
(190, 'USA 159', '69,48', 'USA', 'TRW and Aerojet Electronics Systems', 0, '2017-04-12 07:48:56', NULL, NULL, NULL),
(191, 'USA 176', '103,84', 'USA', 'Northrup Grumman (formerly TRW)', 0, '2017-04-12 07:48:56', NULL, NULL, NULL),
(192, 'DubaiSat 1', '0', 'UAE', 'Satrec Initiative', 0, '2017-04-12 07:48:56', NULL, NULL, NULL),
(193, 'Echostar 1 ', '77,15', 'Mexico', 'Lockheed Martin Astro Space', 0, '2017-04-12 07:48:56', NULL, NULL, NULL),
(194, 'Echostar 10', '-110,07', 'USA', 'Lockheed Martin Commercial Space Systems', 0, '2017-04-12 07:48:56', NULL, NULL, NULL),
(195, 'Echostar 11', '-109,97', 'USA', 'Space Systems/Loral', 0, '2017-04-12 07:48:56', NULL, NULL, NULL),
(196, 'Echostar 12', '-61,63', 'USA', 'Lockheed Martin Commercial Space Systems', 0, '2017-04-12 07:48:56', NULL, NULL, NULL),
(197, 'Echostar 14', '-119', 'USA', 'Space Systems/Loral', 0, '2017-04-12 07:48:56', NULL, NULL, NULL),
(198, 'Echostar 15', '-61,5', 'USA', 'Space Systems/Loral', 0, '2017-04-12 07:48:56', NULL, NULL, NULL),
(199, 'Echostar 16', '-61,5', 'USA', 'Space Systems/Loral', 0, '2017-04-12 07:48:56', NULL, NULL, NULL),
(200, 'Echostar 17', '-107,1', 'USA', 'Space Systems/Loral', 0, '2017-04-12 07:48:56', NULL, NULL, NULL),
(201, 'Echostar 3 ', '-61,46', 'USA', 'Lockheed Martin Missiles and Space', 0, '2017-04-12 07:48:56', NULL, NULL, NULL),
(202, 'Echostar 6 ', '-72,71', 'USA', 'Lockheed Martin Missiles and Space', 0, '2017-04-12 07:48:56', NULL, NULL, NULL),
(203, 'Echostar 7 ', '-118,85', 'USA', 'Space Systems/Loral', 0, '2017-04-12 07:48:56', NULL, NULL, NULL),
(204, 'Echostar 8 ', '-76,97', 'USA', 'Space Systems/Loral', 0, '2017-04-12 07:48:56', NULL, NULL, NULL),
(205, 'Echostar 9/Galaxy 23', '-121,02', 'USA', 'Space Systems/Loral', 0, '2017-04-12 07:48:56', NULL, NULL, NULL),
(206, 'Echostar G1', '-92,92', 'USA', 'Space Systems/Loral', 0, '2017-04-12 07:48:56', NULL, NULL, NULL),
(207, 'EduSAT', '0', 'Italy', 'Aerospace Engineering School, University of Rome ', 0, '2017-04-12 07:48:56', NULL, NULL, NULL),
(208, 'Electro-L1', '76', 'Russia', 'Lavochkin', 0, '2017-04-12 07:48:56', NULL, NULL, NULL),
(209, 'ELISA-E12', '0', 'France', 'Astrium/Thales Alenia Space', 0, '2017-04-12 07:48:56', NULL, NULL, NULL),
(210, 'ELISA-E24', '0', 'France', 'Astrium/Thales Alenia Space', 0, '2017-04-12 07:48:56', NULL, NULL, NULL),
(211, 'ELISA-W11', '0', 'France', 'Astrium/Thales Alenia Space', 0, '2017-04-12 07:48:56', NULL, NULL, NULL),
(212, 'ELISA-W23', '0', 'France', 'Astrium/Thales Alenia Space', 0, '2017-04-12 07:48:56', NULL, NULL, NULL),
(213, 'EO-1', '0', 'USA', 'Swales Aerospace', 0, '2017-04-12 07:48:56', NULL, NULL, NULL),
(214, 'Terra', '0', 'USA/Canada/Japan', 'TRW Space', 0, '2017-04-12 07:48:56', NULL, NULL, NULL),
(215, 'Aura', '0', 'USA', 'TRW', 0, '2017-04-12 07:48:56', NULL, NULL, NULL),
(216, 'Aqua', '0', 'USA/Japan/Brazil', 'NASA/Jet Propulsion Laboratory/Japan Aerospace Exploration Agency/Equatorial Systems (Brazil)', 0, '2017-04-12 07:48:56', NULL, NULL, NULL),
(217, 'EROS A-1', '0', 'Israel', 'Israel Aircraft Industries (IAI)', 0, '2017-04-12 07:48:56', NULL, NULL, NULL),
(218, 'EROS B-1', '0', 'Israel', 'Israel Aircraft Industries (IAI)', 0, '2017-04-12 07:48:56', NULL, NULL, NULL),
(219, 'e-st@r', '0', 'Italy', 'Politecnico di Torino', 0, '2017-04-12 07:48:56', NULL, NULL, NULL),
(220, 'EstCube-1', '0', 'Estonia', 'University of Tartu', 0, '2017-04-12 07:48:56', NULL, NULL, NULL),
(221, 'Eurasiasat 1', '42,08', 'Turkey/France', 'Alcatel Space Industries', 0, '2017-04-12 07:48:56', NULL, NULL, NULL),
(222, 'Europe*Star 1', '45,04', 'Multinational', 'Alcatel Space Industries', 0, '2017-04-12 07:48:56', NULL, NULL, NULL),
(223, 'Eutelsat 10A', '10', 'Multinational', 'Alcatel Alenia Space', 0, '2017-04-12 07:48:56', NULL, NULL, NULL),
(224, 'Eutelsat 12 West A', '-12,43', 'Multinational', 'Alenia Spazio', 0, '2017-04-12 07:48:56', NULL, NULL, NULL),
(225, 'Eutelsat 16A', '16', 'Multinational', 'Thales Alenia Space', 0, '2017-04-12 07:48:56', NULL, NULL, NULL),
(226, 'Eutelsat 16B', '-7,19', 'Multinational', 'Matra Marconi Space (Astrium)', 0, '2017-04-12 07:48:56', NULL, NULL, NULL),
(227, 'Eutelsat 16C', '35,96', 'Multinational', 'Alcatel Space/NPO PM (Applied Mechanics)', 0, '2017-04-12 07:48:56', NULL, NULL, NULL),
(228, 'Eutelsat 172A', '172,06', 'Multinational', 'Alcatel Alenia Space', 0, '2017-04-12 07:48:56', NULL, NULL, NULL),
(229, 'Eutelsat 21A', '48', 'Multinational', 'Alcatel Space Industries', 0, '2017-04-12 07:48:56', NULL, NULL, NULL),
(230, 'Eutelsat 25C', '25,5', 'Multinational', 'Alcatel Space Industries', 0, '2017-04-12 07:48:56', NULL, NULL, NULL),
(231, 'Eutelsat 25B', '25,5', 'Multinational', 'Space Systems/Loral', 0, '2017-04-12 07:48:56', NULL, NULL, NULL),
(232, 'Eutelsat 28A', '28,56', 'Multinational', 'Alcatel Space Industries', 0, '2017-04-12 07:48:56', NULL, NULL, NULL),
(233, 'Eutelsat 28B', '28.50', 'Multinational', 'EADS Astrium', 0, '2017-04-12 07:48:56', NULL, NULL, NULL),
(234, 'Eutelsat 33A', '33,14', 'Multinational', 'Boeing Satellite Systems', 0, '2017-04-12 07:48:56', NULL, NULL, NULL),
(235, 'Eutelsat 36A', '36,09', 'Multinational', 'Alcatel Space Industries', 0, '2017-04-12 07:48:56', NULL, NULL, NULL),
(236, 'Eutelsat 36B', '36', 'Multinational', 'Thales Alenia Space', 0, '2017-04-12 07:48:56', NULL, NULL, NULL),
(237, 'Eutelsat 3A', '1,6', 'Multinational', 'Chinese Academy of Space Technology (CAST)', 0, '2017-04-12 07:48:56', NULL, NULL, NULL),
(238, 'Eutelsat 3C', '-0,07', 'Multinational', 'EADS Astrium', 0, '2017-04-12 07:48:56', NULL, NULL, NULL),
(239, 'Eutelsat 3D', '3', 'Multinational', 'Thales Alenia Space', 0, '2017-04-12 07:48:56', NULL, NULL, NULL),
(240, 'Eutelsat 48A', '9,08', 'Multinational', 'Matra Marconi Space (Astrium)', 0, '2017-04-12 07:48:56', NULL, NULL, NULL),
(241, 'Eutelsat 48B', '48', 'Multinational', 'Thales Alenia Space', 0, '2017-04-12 07:48:56', NULL, NULL, NULL),
(242, 'Eutelsat 4B', '4', 'Multinational', 'Matra Marconi Space (Astrium)', 0, '2017-04-12 07:48:56', NULL, NULL, NULL),
(243, 'Eutelsat 5 West A', '-4,93', 'Multinational', 'Alcatel Space Industries', 0, '2017-04-12 07:48:56', NULL, NULL, NULL),
(244, 'Eutelsat 7 West A', '-7', 'Multinational', 'Astrium', 0, '2017-04-12 07:48:56', NULL, NULL, NULL),
(245, 'Eutelsat 70B', '70', 'Multinational', 'EADS Astrium', 0, '2017-04-12 07:48:56', NULL, NULL, NULL),
(246, 'Eutelsat 7A', '7,06', 'Multinational', 'Astrium', 0, '2017-04-12 07:48:56', NULL, NULL, NULL),
(247, 'Eutelsat 8 West A', '-8,09', 'Multinational', 'Alcatel Space Industries', 0, '2017-04-12 07:48:56', NULL, NULL, NULL),
(248, 'Eutelsat 9A', '-30,01', 'Multinational', 'Alcatel Alenia Space', 0, '2017-04-12 07:48:56', NULL, NULL, NULL),
(249, 'Eutelsat Hot Bird 13A', '13,06', 'Multinational', 'Alcatel Space Industries', 0, '2017-04-12 07:48:56', NULL, NULL, NULL),
(250, 'Eutelsat Hot Bird 13B', '13,08', 'Multinational', 'EADS Space', 0, '2017-04-12 07:48:56', NULL, NULL, NULL),
(251, 'Eutelsat Hot Bird 13C', '0,99', 'Multinational', 'EADS Astrium', 0, '2017-04-12 07:48:56', NULL, NULL, NULL),
(252, 'Eutelsat KA-SAT 9A', '9', 'Multinational', 'EADS Astrium', 0, '2017-04-12 07:48:56', NULL, NULL, NULL),
(253, 'exactView 1', '0', 'Canada', 'Surrey Satellite Technologies Ltd.', 0, '2017-04-12 07:48:56', NULL, NULL, NULL),
(254, 'Express AM-22', '53,04', 'Russia/Multinational', 'NPO-PM/Alcatel', 0, '2017-04-12 07:48:56', NULL, NULL, NULL),
(255, 'Express-2A', '102,8', 'Russia', 'NPO-PM/Alcatel', 0, '2017-04-12 07:48:56', NULL, NULL, NULL),
(256, 'Express-A1R', '13,97', 'Russia', 'NPO-PM/Alcatel', 0, '2017-04-12 07:48:56', NULL, NULL, NULL),
(257, 'Express-AM1', '40,04', 'Russia', 'NPO-PM/NEC-Toshiba', 0, '2017-04-12 07:48:56', NULL, NULL, NULL),
(258, 'Express-AM2', '80,03', 'Russia', 'NPO-PM/Alcatel', 0, '2017-04-12 07:48:56', NULL, NULL, NULL),
(259, 'Express-AM3', '140,17', 'Russia', 'NPO-PM/Alcatel', 0, '2017-04-12 07:48:56', NULL, NULL, NULL),
(260, 'Express-AM33', '96,53', 'Russia', 'NPO-PM/Thales Alenia Space', 0, '2017-04-12 07:48:56', NULL, NULL, NULL),
(261, 'Express-AM44', '-11', 'Russia', 'NPO-PM/Thales Alenia Space', 0, '2017-04-12 07:48:56', NULL, NULL, NULL),
(262, 'Falconsat-3', '0', 'USA', 'US Air Force Academy', 0, '2017-04-12 07:48:56', NULL, NULL, NULL),
(263, 'USA 222', '0', 'USA', 'University of Texas - Austin', 0, '2017-04-12 07:48:56', NULL, NULL, NULL),
(264, 'Fengniao 1', '0', 'China (PR)', '', 0, '2017-04-12 07:48:56', NULL, NULL, NULL),
(265, 'Fengniao 1A', '0', 'China (PR)', '', 0, '2017-04-12 07:48:56', NULL, NULL, NULL),
(266, 'Fengyun 1D (FY-1D)', '0', 'China (PR)', 'China Aerospace Corporation', 0, '2017-04-12 07:48:56', NULL, NULL, NULL),
(267, 'Fengyun 2D (FY-2D)', '86,51', 'China (PR)', 'China Aerospace Corporation', 0, '2017-04-12 07:48:56', NULL, NULL, NULL),
(268, 'Fengyun 2E (FY-2E)', '123,59', 'China (PR)', 'Shanghai Academy of Space Flight Technology', 0, '2017-04-12 07:48:56', NULL, NULL, NULL),
(269, 'Fengyun 2F (FY-2F)', '105', 'China (PR)', 'Shanghai Academy of Space Flight Technology', 0, '2017-04-12 07:48:56', NULL, NULL, NULL),
(270, 'Fengyun 3A (FY-3A)', '0', 'China (PR)', 'Shanghai Academy of Space Flight Technology', 0, '2017-04-12 07:48:56', NULL, NULL, NULL),
(271, 'Fengyun 3B (FY-3B)', '0', 'China (PR)', 'Shanghai Academy of Space Flight Technology', 0, '2017-04-12 07:48:56', NULL, NULL, NULL),
(272, 'Fermi Gamma-Ray Space Telescope', '0', 'USA', 'General Dynamics', 0, '2017-04-12 07:48:56', NULL, NULL, NULL),
(273, 'USA 215', '0', 'USA', 'National Reconnaissance Office (NRO)', 0, '2017-04-12 07:48:56', NULL, NULL, NULL),
(274, 'USA 234', '0', 'USA', 'National Reconnaissance Office (NRO)', 0, '2017-04-12 07:48:56', NULL, NULL, NULL),
(275, 'USA 46', '-14,74', 'USA', 'TRW, Defense and Space Systems Group', 0, '2017-04-12 07:48:56', NULL, NULL, NULL),
(276, 'Formosat-2', '0', 'Taiwan', 'Astrium/NSPO', 0, '2017-04-12 07:48:56', NULL, NULL, NULL),
(277, 'Fast On-orbit Recording of Transient Events) FORT? ', '0', 'USA', 'Los Alamos National Lab/Sandia National Lab', 0, '2017-04-12 07:48:56', NULL, NULL, NULL),
(278, 'Galaxy-11', '-55,5', 'USA', 'Boeing Satellite Systems', 0, '2017-04-12 07:48:56', NULL, NULL, NULL),
(279, 'Galaxy-12', '-122,9', 'USA', 'Orbital Sciences Corp.', 0, '2017-04-12 07:48:56', NULL, NULL, NULL),
(280, 'Galaxy-13', '-126,97', 'USA/Japan', 'Boeing Satellite Systems', 0, '2017-04-12 07:48:56', NULL, NULL, NULL),
(281, 'Galaxy-14', '-124,96', 'USA', 'Orbital Sciences Corp.', 0, '2017-04-12 07:48:56', NULL, NULL, NULL),
(282, 'Galaxy-15', '-132.97', 'USA', 'Orbital Sciences Corp.', 0, '2017-04-12 07:48:56', NULL, NULL, NULL),
(283, 'Galaxy-16', '-99,02', 'USA', 'Space Systems/Loral', 0, '2017-04-12 07:48:56', NULL, NULL, NULL),
(284, 'Galaxy-17', '-91,01', 'USA', 'Thales Alenia Space', 0, '2017-04-12 07:48:56', NULL, NULL, NULL),
(285, 'Galaxy-18', '-123,02', 'USA', 'Space Systems/Loral', 0, '2017-04-12 07:48:56', NULL, NULL, NULL),
(286, 'Galaxy-19', '-97,08', 'USA', 'Space Systems/Loral', 0, '2017-04-12 07:48:56', NULL, NULL, NULL),
(287, 'Galaxy-25', '-93,09', 'USA', 'Space Systems/Loral', 0, '2017-04-12 07:48:56', NULL, NULL, NULL),
(288, 'Galaxy-26', '-93,01', 'USA', 'Space Systems/Loral', 0, '2017-04-12 07:48:56', NULL, NULL, NULL),
(289, 'Galaxy-27', '-128,93', 'USA', 'Space Systems/Loral', 0, '2017-04-12 07:48:56', NULL, NULL, NULL),
(290, 'Galaxy-28', '-88,96', 'USA', 'Space Systems/Loral', 0, '2017-04-12 07:48:56', NULL, NULL, NULL),
(291, 'Galaxy-3C', '-95,02', 'USA', 'Boeing Satellite Systems', 0, '2017-04-12 07:48:56', NULL, NULL, NULL),
(292, 'Galileo IOV-1 FM2', '0', 'ESA', 'Astrium/Thales Alenia Space', 0, '2017-04-12 07:48:56', NULL, NULL, NULL),
(293, 'Galileo IOV-1 PFM', '0', 'ESA', 'Astrium/Thales Alenia Space', 0, '2017-04-12 07:48:56', NULL, NULL, NULL),
(294, 'Galileo IOV-2 FM3', '0', 'ESA', 'EADS Astrium', 0, '2017-04-12 07:48:56', NULL, NULL, NULL),
(295, 'Galileo IOV-2 FM4', '0', 'ESA', 'EADS Astrium', 0, '2017-04-12 07:48:56', NULL, NULL, NULL),
(296, 'Gaofen 1', '0', 'China (PR)', 'Shanghai Academy of Space Flight Technology', 0, '2017-04-12 07:48:56', NULL, NULL, NULL),
(297, 'Cosmos 2473', '79,9', 'Russia', '   ISS Reshetnev', 0, '2017-04-12 07:48:56', NULL, NULL, NULL),
(298, 'Garuda-1', '123,03', 'Indonesia/Philippines/Thailand', 'Lockheed Martin Missiles and Space', 0, '2017-04-12 07:48:56', NULL, NULL, NULL),
(299, 'Genesis-1', '0', 'USA', 'Bigelow Aerospace', 0, '2017-04-12 07:48:56', NULL, NULL, NULL),
(300, 'Genesis-2', '0', 'USA', 'Bigelow Aerospace', 0, '2017-04-12 07:48:56', NULL, NULL, NULL),
(301, 'GeoEye-1', '0', 'USA', 'General Dynamics', 0, '2017-04-12 07:48:56', NULL, NULL, NULL),
(302, 'Geomagnetic Tail Laboratory (Geotail)', '0', 'Multinational', 'NASA/Goddard Space Flight Center', 0, '2017-04-12 07:48:56', NULL, NULL, NULL),
(303, 'GCOM-1', '0', 'USA/Japan', 'Japan Aerospace Exploration Agency (JAXA)', 0, '2017-04-12 07:48:56', NULL, NULL, NULL),
(304, 'Globalstar FM4', '0', 'USA', 'Space Systems/Loral', 0, '2017-04-12 07:48:56', NULL, NULL, NULL),
(305, 'Globalstar FM8', '0', 'USA', 'Space Systems/Loral', 0, '2017-04-12 07:48:56', NULL, NULL, NULL),
(306, 'Globalstar M023', '0', 'USA', 'Space Systems/Loral', 0, '2017-04-12 07:48:56', NULL, NULL, NULL),
(307, 'Globalstar M025', '0', 'USA', 'Space Systems/Loral', 0, '2017-04-12 07:48:56', NULL, NULL, NULL),
(308, 'Globalstar M027', '0', 'USA', 'Space Systems/Loral', 0, '2017-04-12 07:48:56', NULL, NULL, NULL),
(309, 'Globalstar M028', '0', 'USA', 'Space Systems/Loral', 0, '2017-04-12 07:48:56', NULL, NULL, NULL),
(310, 'Globalstar M029', '0', 'USA', 'Space Systems/Loral', 0, '2017-04-12 07:48:56', NULL, NULL, NULL),
(311, 'Globalstar M031', '0', 'USA', 'Space Systems/Loral', 0, '2017-04-12 07:48:56', NULL, NULL, NULL),
(312, 'Globalstar M032', '0', 'USA', 'Space Systems/Loral', 0, '2017-04-12 07:48:56', NULL, NULL, NULL),
(313, 'Globalstar M033', '0', 'USA', 'Space Systems/Loral', 0, '2017-04-12 07:48:56', NULL, NULL, NULL),
(314, 'Globalstar FM37', '0', 'USA', 'Space Systems/Loral', 0, '2017-04-12 07:48:56', NULL, NULL, NULL),
(315, 'Globalstar M039', '0', 'USA', 'Space Systems/Loral', 0, '2017-04-12 07:48:56', NULL, NULL, NULL),
(316, 'Globalstar M040', '0', 'USA', 'Space Systems/Loral', 0, '2017-04-12 07:48:56', NULL, NULL, NULL),
(317, 'Globalstar M045', '0', 'USA', 'Space Systems/Loral', 0, '2017-04-12 07:48:56', NULL, NULL, NULL),
(318, 'Globalstar M047', '0', 'USA', 'Space Systems/Loral', 0, '2017-04-12 07:48:56', NULL, NULL, NULL),
(319, 'Globalstar M052', '0', 'USA', 'Space Systems/Loral', 0, '2017-04-12 07:48:56', NULL, NULL, NULL),
(320, 'Globalstar M056', '0', 'USA', 'Space Systems/Loral', 0, '2017-04-12 07:48:56', NULL, NULL, NULL),
(321, 'Globalstar M059', '0', 'USA', 'Space Systems/Loral', 0, '2017-04-12 07:48:56', NULL, NULL, NULL),
(322, 'Globalstar M063', '0', 'USA', 'Space Systems/Loral', 0, '2017-04-12 07:48:56', NULL, NULL, NULL),
(323, 'Globalstar M065', '0', 'USA', 'Space Systems/Loral/Alenia Aerospazio', 0, '2017-04-12 07:48:56', NULL, NULL, NULL),
(324, 'Globalstar M066', '0', 'USA', 'Space Systems/Loral/Alenia Aerospazio', 0, '2017-04-12 07:48:56', NULL, NULL, NULL),
(325, 'Globalstar M067', '0', 'USA', 'Space Systems/Loral/Alenia Aerospazio', 0, '2017-04-12 07:48:56', NULL, NULL, NULL),
(326, 'Globalstar M068', '0', 'USA', 'Space Systems/Loral/Alenia Aerospazio', 0, '2017-04-12 07:48:56', NULL, NULL, NULL),
(327, 'Globalstar M069', '0', 'USA', 'Space Systems/Loral/Alenia Aerospazio', 0, '2017-04-12 07:48:56', NULL, NULL, NULL),
(328, 'Globalstar M070', '0', 'USA', 'Space Systems/Loral/Alenia Aerospazio', 0, '2017-04-12 07:48:56', NULL, NULL, NULL),
(329, 'Globalstar M071', '0', 'USA', 'Space Systems/Loral/Alenia Aerospazio', 0, '2017-04-12 07:48:56', NULL, NULL, NULL),
(330, 'Globalstar M072', '0', 'USA', 'Space Systems/Loral/Alenia Aerospazio', 0, '2017-04-12 07:48:56', NULL, NULL, NULL),
(331, 'Globalstar M073', '0', 'USA', 'Thales Alenia Space', 0, '2017-04-12 07:48:56', NULL, NULL, NULL),
(332, 'Globalstar M074', '0', 'USA', 'Thales Alenia Space', 0, '2017-04-12 07:48:56', NULL, NULL, NULL),
(333, 'Globalstar M075', '0', 'USA', 'Thales Alenia Space', 0, '2017-04-12 07:48:56', NULL, NULL, NULL),
(334, 'Globalstar M076', '0', 'USA', 'Thales Alenia Space', 0, '2017-04-12 07:48:56', NULL, NULL, NULL),
(335, 'Globalstar M077', '0', 'USA', 'Thales Alenia Space', 0, '2017-04-12 07:48:56', NULL, NULL, NULL),
(336, 'Globalstar M078', '0', 'USA', 'Thales Alenia Space', 0, '2017-04-12 07:48:56', NULL, NULL, NULL),
(337, 'Globalstar M079', '0', 'USA', 'Thales Alenia Space', 0, '2017-04-12 07:48:56', NULL, NULL, NULL),
(338, 'Globalstar M080', '0', 'USA', 'Thales Alenia Space', 0, '2017-04-12 07:48:56', NULL, NULL, NULL),
(339, 'Globalstar M081', '0', 'USA', 'Thales Alenia Space', 0, '2017-04-12 07:48:56', NULL, NULL, NULL),
(340, 'Globalstar M082', '0', 'USA', 'Thales Alenia Space', 0, '2017-04-12 07:48:56', NULL, NULL, NULL),
(341, 'Globalstar M083', '0', 'USA', 'Thales Alenia Space', 0, '2017-04-12 07:48:56', NULL, NULL, NULL),
(342, 'Globalstar M084', '0', 'USA', 'Thales Alenia Space', 0, '2017-04-12 07:48:56', NULL, NULL, NULL),
(343, 'Globalstar M085', '0', 'USA', 'Thales Alenia Space', 0, '2017-04-12 07:48:56', NULL, NULL, NULL),
(344, 'Globalstar M086', '0', 'USA', 'Thales Alenia Space', 0, '2017-04-12 07:48:56', NULL, NULL, NULL),
(345, 'Globalstar M088', '0', 'USA', 'Thales Alenia Space', 0, '2017-04-12 07:48:56', NULL, NULL, NULL),
(346, 'Globalstar M089', '0', 'USA', 'Thales Alenia Space', 0, '2017-04-12 07:48:56', NULL, NULL, NULL),
(347, 'Globalstar M090', '0', 'USA', 'Thales Alenia Space', 0, '2017-04-12 07:48:56', NULL, NULL, NULL),
(348, 'Globalstar M091', '0', 'USA', 'Thales Alenia Space', 0, '2017-04-12 07:48:56', NULL, NULL, NULL),
(349, 'Globalstar M092', '0', 'USA', 'Thales Alenia Space', 0, '2017-04-12 07:48:56', NULL, NULL, NULL),
(350, 'Globalstar M093', '0', 'USA', 'Thales Alenia Space', 0, '2017-04-12 07:48:56', NULL, NULL, NULL),
(351, 'Globalstar M094', '0', 'USA', 'Thales Alenia Space', 0, '2017-04-12 07:48:56', NULL, NULL, NULL),
(352, 'Globalstar M095', '0', 'USA', 'Thales Alenia Space', 0, '2017-04-12 07:48:56', NULL, NULL, NULL),
(353, 'Globalstar M096', '0', 'USA', 'Thales Alenia Space', 0, '2017-04-12 07:48:56', NULL, NULL, NULL),
(354, 'Globalstar M097', '0', 'USA', 'Thales Alenia Space', 0, '2017-04-12 07:48:56', NULL, NULL, NULL),
(355, 'Cosmos 2471', '0', 'Russia', 'OAO-ISS', 0, '2017-04-12 07:48:56', NULL, NULL, NULL),
(356, 'Cosmos 2413', '0', 'Russia', 'NPO-PM', 0, '2017-04-12 07:48:56', NULL, NULL, NULL),
(357, 'Cosmos 2419', '0', 'Russia', 'NPO-PM', 0, '2017-04-12 07:48:56', NULL, NULL, NULL),
(358, 'Cosmos 2424', '0', 'Russia', 'NPO-PM', 0, '2017-04-12 07:48:56', NULL, NULL, NULL),
(359, 'Cosmos 2425', '0', 'Russia', 'NPO-PM', 0, '2017-04-12 07:48:56', NULL, NULL, NULL),
(360, 'Cosmos 2426', '0', 'Russia', 'NPO-PM', 0, '2017-04-12 07:48:56', NULL, NULL, NULL),
(361, 'Cosmos 2432', '0', 'Russia', 'NPO-PM', 0, '2017-04-12 07:48:56', NULL, NULL, NULL),
(362, 'Cosmos 2433', '0', 'Russia', 'NPO-PM', 0, '2017-04-12 07:48:56', NULL, NULL, NULL),
(363, 'Cosmos 2434', '0', 'Russia', 'NPO-PM', 0, '2017-04-12 07:48:56', NULL, NULL, NULL),
(364, 'Cosmos 2435', '0', 'Russia', 'NPO-PM', 0, '2017-04-12 07:48:56', NULL, NULL, NULL),
(365, 'Cosmos 2436', '0', 'Russia', 'NPO-PM', 0, '2017-04-12 07:48:56', NULL, NULL, NULL),
(366, 'Cosmos 2442', '0', 'Russia', 'NPO-PM', 0, '2017-04-12 07:48:56', NULL, NULL, NULL),
(367, 'Cosmos 2443', '0', 'Russia', 'NPO-PM', 0, '2017-04-12 07:48:56', NULL, NULL, NULL),
(368, 'Cosmos 2444', '0', 'Russia', 'NPO-PM', 0, '2017-04-12 07:48:56', NULL, NULL, NULL),
(369, 'Cosmos 2447', '0', 'Russia', 'NPO-PM', 0, '2017-04-12 07:48:56', NULL, NULL, NULL),
(370, 'Cosmos 2448', '0', 'Russia', 'NPO-PM', 0, '2017-04-12 07:48:56', NULL, NULL, NULL),
(371, 'Cosmos 2449', '0', 'Russia', 'NPO-PM', 0, '2017-04-12 07:48:56', NULL, NULL, NULL),
(372, 'Cosmos 2456', '0', 'Russia', 'NPO-PM', 0, '2017-04-12 07:48:56', NULL, NULL, NULL),
(373, 'Cosmos 2459', '0', 'Russia', 'OAO-ISS', 0, '2017-04-12 07:48:56', NULL, NULL, NULL),
(374, 'Cosmos 2460', '0', 'Russia', 'OAO-ISS', 0, '2017-04-12 07:48:56', NULL, NULL, NULL),
(375, 'Cosmos 2457', '0', 'Russia', 'NPO-PM', 0, '2017-04-12 07:48:56', NULL, NULL, NULL),
(376, 'Cosmos 2458', '0', 'Russia', 'NPO-PM', 0, '2017-04-12 07:48:56', NULL, NULL, NULL),
(377, 'Cosmos 2461', '0', 'Russia', 'OAO-ISS', 0, '2017-04-12 07:48:56', NULL, NULL, NULL),
(378, 'Cosmos 2464', '0', 'Russia', 'OAO-ISS', 0, '2017-04-12 07:48:56', NULL, NULL, NULL),
(379, 'Cosmos 2465', '0', 'Russia', 'OAO-ISS', 0, '2017-04-12 07:48:56', NULL, NULL, NULL),
(380, 'Cosmos 2466', '0', 'Russia', 'OAO-ISS', 0, '2017-04-12 07:48:56', NULL, NULL, NULL),
(381, 'Cosmos 2474', '0', 'Russia', 'OAO-ISS', 0, '2017-04-12 07:48:56', NULL, NULL, NULL),
(382, 'Cosmos 2476', '0', 'Russia', 'OAO-ISS', 0, '2017-04-12 07:48:56', NULL, NULL, NULL),
(383, 'Cosmos 2477', '0', 'Russia', 'OAO-ISS', 0, '2017-04-12 07:48:56', NULL, NULL, NULL),
(384, 'Cosmos 2475', '0', 'Russia', 'OAO-ISS', 0, '2017-04-12 07:48:56', NULL, NULL, NULL),
(385, 'Cosmos 2478', '0', 'Russia', 'OAO-ISS', 0, '2017-04-12 07:48:56', NULL, NULL, NULL),
(386, 'Cosmos 2485', '0', 'Russia', 'OAO-ISS', 0, '2017-04-12 07:48:56', NULL, NULL, NULL),
(387, 'GOCE', '0', 'ESA', 'Alenia Aerospazio', 0, '2017-04-12 07:48:56', NULL, NULL, NULL),
(388, 'GOES-13', '-104,77', 'USA', 'Boeing Satellite Systems', 0, '2017-04-12 07:48:56', NULL, NULL, NULL),
(389, 'GOES-14', '-89,5', 'USA', 'Boeing Satellite Systems', 0, '2017-04-12 07:48:56', NULL, NULL, NULL),
(390, 'GOES-15', '-89,43', 'USA', 'Boeing Satellite Systems', 0, '2017-04-12 07:48:56', NULL, NULL, NULL),
(391, 'GOES-3', '-101,44', 'USA', 'Hughes Aircraft', 0, '2017-04-12 07:48:56', NULL, NULL, NULL),
(392, 'G?kt?rk 2', '0', 'Turkey', 'T?B?TAK Space Technologies Research Institute/Turkish Aerospace Industries', 0, '2017-04-12 07:48:56', NULL, NULL, NULL),
(393, 'Gonets D1-1', '0', 'Russia', 'NPO PM', 0, '2017-04-12 07:48:56', NULL, NULL, NULL),
(394, 'Gonets D1-2', '0', 'Russia', 'NPO PM', 0, '2017-04-12 07:48:56', NULL, NULL, NULL),
(395, 'Gonets D1-3', '0', 'Russia', 'NPO PM', 0, '2017-04-12 07:48:56', NULL, NULL, NULL),
(396, 'Gonets M-13', '0', 'Russia', 'NPO-PM', 0, '2017-04-12 07:48:56', NULL, NULL, NULL),
(397, 'Gonets M-15', '0', 'Russia', 'NPO-PM', 0, '2017-04-12 07:48:56', NULL, NULL, NULL),
(398, 'Gonets M-5', '0', 'Russia', 'OAO-ISS', 0, '2017-04-12 07:48:56', NULL, NULL, NULL),
(399, 'Gravity Recovery and Climate Experiment (Grace 1, "Tom and Jerry")', '0', 'Germany/USA', 'Jet Propulsion Laboratory (NASA)/Space Systems/Loral/Astrium GmBH', 0, '2017-04-12 07:48:56', NULL, NULL, NULL),
(400, 'Gravity Recovery and Climate Experiment (Grace 2, "Tom and Jerry")', '0', 'Germany/USA', 'Jet Propulsion Laboratory (NASA)/Space Systems/Loral/Astrium GmBH', 0, '2017-04-12 07:48:56', NULL, NULL, NULL),
(401, 'Ibuki', '0', 'Japan', 'Mitsubishi Electric', 0, '2017-04-12 07:48:56', NULL, NULL, NULL),
(402, 'GSAT-10', '83', 'India', 'Indian Space Research Organization (ISRO)', 0, '2017-04-12 07:48:56', NULL, NULL, NULL),
(403, 'GSAT-12', '82,94', 'India', 'Indian Space Research Organization (ISRO)', 0, '2017-04-12 07:48:56', NULL, NULL, NULL),
(404, 'GSAT-2', '48,04', 'India', 'Indian Space Research Organization (ISRO)', 0, '2017-04-12 07:48:56', NULL, NULL, NULL),
(405, 'GSAT-7', '74', 'India', 'Indian Space Research Organization (ISRO)', 0, '2017-04-12 07:48:56', NULL, NULL, NULL),
(406, 'GSAT-8', '55', 'India', 'Indian Space Research Organization (ISRO)', 0, '2017-04-12 07:48:56', NULL, NULL, NULL),
(407, 'Haiyang 1B', '0', 'China (PR)', 'Dongfanghong Satellite Corporation Ltd.', 0, '2017-04-12 07:48:56', NULL, NULL, NULL),
(408, 'Haiyang 2A', '0', 'China (PR)', 'China Academy of Space Technology (CAST)', 0, '2017-04-12 07:48:56', NULL, NULL, NULL),
(409, 'HAMSat', '0', 'India', 'Indian Space Research Organization (ISRO)', 0, '2017-04-12 07:48:56', NULL, NULL, NULL),
(410, 'Helios 2A', '0', 'France/Italy/Belgium/Spain/Greece', 'EADS Astrium', 0, '2017-04-12 07:48:56', NULL, NULL, NULL),
(411, 'Helios 2B', '0', 'France/Italy/Belgium/Spain/Greece', 'EADS Astrium', 0, '2017-04-12 07:48:56', NULL, NULL, NULL),
(412, 'HellasSat 2', '39,06', 'Greece', 'Astrium', 0, '2017-04-12 07:48:56', NULL, NULL, NULL),
(413, 'RHESSI (Reuven Ramaty High Energy Solar Spectroscopic Imager)', '0', 'USA', 'Spectrum Astro, Inc.', 0, '2017-04-12 07:48:56', NULL, NULL, NULL),
(414, 'Hinode', '0', 'Multinational', 'Institute of Space and Aeronautical Science, University of Tokyo/NASA', 0, '2017-04-12 07:48:56', NULL, NULL, NULL),
(415, 'Hispasat 1C', '-29,93', 'Spain', 'Alcatel Space Industries', 0, '2017-04-12 07:48:56', NULL, NULL, NULL),
(416, 'Hispasat 1D', '-29,95', 'Spain', 'Aerospatiale (Alcatel Space Industries)', 0, '2017-04-12 07:48:56', NULL, NULL, NULL),
(417, 'Hispasat 1E', '-30', 'Spain', 'Space Systems/Loral', 0, '2017-04-12 07:48:56', NULL, NULL, NULL),
(418, 'HJ-1A', '0', 'China (PR)', 'Chinese Academy of Space Technology (CAST)/DFH Satellite', 0, '2017-04-12 07:48:56', NULL, NULL, NULL),
(419, 'HJ-1B', '0', 'China (PR)', 'Chinese Academy of Space Technology (CAST)/DFH Satellite', 0, '2017-04-12 07:48:56', NULL, NULL, NULL),
(420, 'HJ-1C', '0', 'China (PR)', 'Chinese Academy of Space Technology (CAST)/DFH Satellite', 0, '2017-04-12 07:48:56', NULL, NULL, NULL),
(421, 'Horizons 2', '85', 'USA/Japan', 'Orbital Sciences Corp.', 0, '2017-04-12 07:48:56', NULL, NULL, NULL),
(422, 'Horyu-2', '0', 'Japan', 'Kyushu Institute of Technology (KIT)', 0, '2017-04-12 07:48:56', NULL, NULL, NULL),
(423, 'Hubble Space Telescope', '0', 'ESA/USA', 'European Space Agency/NASA', 0, '2017-04-12 07:48:56', NULL, NULL, NULL),
(424, 'HYLAS 1', '-33,5', 'UK', 'EADS Astrium', 0, '2017-04-12 07:48:56', NULL, NULL, NULL),
(425, 'HYLAS 2', '33,5', 'UK', 'Orbital Sciences Corp.', 0, '2017-04-12 07:48:56', NULL, NULL, NULL),
(426, 'IGS-1A', '0', 'Japan', 'Mitsubishi', 0, '2017-04-12 07:48:56', NULL, NULL, NULL),
(427, 'IGS-3A', '0', 'Japan', 'Mitsubishi', 0, '2017-04-12 07:48:56', NULL, NULL, NULL),
(428, 'IGS-5A', '0', 'Japan', 'Mitsubishi/Toshiba', 0, '2017-04-12 07:48:56', NULL, NULL, NULL),
(429, 'IGS-6A', '0', 'Japan', 'Mitsubishi/Toshiba', 0, '2017-04-12 07:48:56', NULL, NULL, NULL),
(430, 'IGS-7A', '0', 'Japan', 'Mitsubishi/Toshiba', 0, '2017-04-12 07:48:56', NULL, NULL, NULL),
(431, 'IGS-8A', '0', 'Japan', 'Mitsubishi Electric', 0, '2017-04-12 07:48:56', NULL, NULL, NULL),
(432, 'IGS-8B', '0', 'Japan', 'Mitsubishi Electric', 0, '2017-04-12 07:48:56', NULL, NULL, NULL),
(433, 'Ikonos-2', '0', 'USA', 'Lockheed Martin Missiles & Space', 0, '2017-04-12 07:48:56', NULL, NULL, NULL),
(434, 'USA 184', '0', 'USA', 'National Reconnaissance Laboratory', 0, '2017-04-12 07:48:56', NULL, NULL, NULL),
(435, 'USA 200', '0', 'USA', 'National Reconnaissance Laboratory', 0, '2017-04-12 07:48:56', NULL, NULL, NULL),
(436, 'IMS 1', '0', 'India', 'Indian Space Research Organization (ISRO)', 0, '2017-04-12 07:48:56', NULL, NULL, NULL),
(437, 'INMARSAT 3 F1', '64,56', 'United Kingdom', 'Lockheed Martin Commercial Space Systems', 0, '2017-04-12 07:48:56', NULL, NULL, NULL),
(438, 'INMARSAT 3 F2', '-15,52', 'United Kingdom', 'Lockheed Martin Commercial Space Systems', 0, '2017-04-12 07:48:56', NULL, NULL, NULL),
(439, 'INMARSAT 3 F3', '178,2', 'United Kingdom', 'Lockheed Martin Commercial Space Systems', 0, '2017-04-12 07:48:56', NULL, NULL, NULL),
(440, 'INMARSAT 3 F4', '-125,39', 'United Kingdom', 'Lockheed Martin Commercial Space Systems', 0, '2017-04-12 07:48:56', NULL, NULL, NULL),
(441, 'INMARSAT 3 F5', '25,07', 'United Kingdom', 'Lockheed Martin Commercial Space Systems', 0, '2017-04-12 07:48:56', NULL, NULL, NULL),
(442, 'INMARSAT 4 F1', '63,96', 'United Kingdom', 'EADS Astrium', 0, '2017-04-12 07:48:56', NULL, NULL, NULL),
(443, 'INMARSAT 4 F2', '-52,76', 'United Kingdom', 'EADS Astrium', 0, '2017-04-12 07:48:56', NULL, NULL, NULL),
(444, 'INMARSAT 4 F3', '-97,65', 'United Kingdom', 'EADS Astrium', 0, '2017-04-12 07:48:56', NULL, NULL, NULL),
(445, 'IRNSS-1A', '55', 'India', 'ISRO Satellite Center', 0, '2017-04-12 07:48:56', NULL, NULL, NULL),
(446, 'INSAT 3A', '93,53', 'India', 'ISRO Satellite Center', 0, '2017-04-12 07:48:56', NULL, NULL, NULL),
(447, 'INSAT 3C', '74,08', 'India', 'ISRO Satellite Center', 0, '2017-04-12 07:48:56', NULL, NULL, NULL),
(448, 'INSAT 3D', '82', 'India', 'ISRO Satellite Center', 0, '2017-04-12 07:48:56', NULL, NULL, NULL),
(449, 'INSAT 3E', '55,11', 'India', 'ISRO Satellite Center', 0, '2017-04-12 07:48:56', NULL, NULL, NULL),
(450, 'INSAT 4A', '83,08', 'India', 'ISRO Satellite Center', 0, '2017-04-12 07:48:56', NULL, NULL, NULL),
(451, 'INSAT 4B', '93,48', 'India', 'Indian Space Research Organization (ISRO)', 0, '2017-04-12 07:48:56', NULL, NULL, NULL);
INSERT INTO `vsat_satellite` (`id`, `satellite`, `position_orbitale`, `pay_operator`, `contractor`, `etat`, `credat`, `creusr`, `updusr`, `upddat`) VALUES
(452, 'INSAT 4CR', '73,97', 'India', 'Indian Space Research Organization (ISRO)', 0, '2017-04-12 07:48:56', NULL, NULL, NULL),
(453, 'INTErnational Gamma-Ray Astrophysics Laboratory (INTEGRAL)', '0', 'ESA/USA/Russia', 'Alenia Aerospazio (and 28 subcontractors)', 0, '2017-04-12 07:48:56', NULL, NULL, NULL),
(454, 'Intelsat 10', '68,52', 'USA', 'Boeing Satellite Systems', 0, '2017-04-12 07:48:56', NULL, NULL, NULL),
(455, 'Intelsat 10-02', '-0,95', 'USA', 'EADS Astrium', 0, '2017-04-12 07:48:56', NULL, NULL, NULL),
(456, 'Intelsat 11', '-43,06', 'USA', 'Orbital Sciences Corp.', 0, '2017-04-12 07:48:56', NULL, NULL, NULL),
(457, 'Intelsat 14', '-45', 'USA', 'Space Systems/Loral', 0, '2017-04-12 07:48:56', NULL, NULL, NULL),
(458, 'Intelsat 15', '85', 'USA', 'Orbital Sciences Corp.', 0, '2017-04-12 07:48:56', NULL, NULL, NULL),
(459, 'Intelsat 16', '-58,12', 'USA', 'Orbital Sciences Corp.', 0, '2017-04-12 07:48:56', NULL, NULL, NULL),
(460, 'Intelsat 17', '66', 'USA', 'Space Systems/Loral', 0, '2017-04-12 07:48:56', NULL, NULL, NULL),
(461, 'Intelsat 18', '180', 'USA', 'Orbital Sciences Corp.', 0, '2017-04-12 07:48:56', NULL, NULL, NULL),
(462, 'Intelsat 19', '166', 'USA', 'Space Systems/Loral', 0, '2017-04-12 07:48:56', NULL, NULL, NULL),
(463, 'Intelsat 1R', '-44,96', 'USA', 'Boeing Satellite Systems', 0, '2017-04-12 07:48:56', NULL, NULL, NULL),
(464, 'Intelsat 20', '68,5', 'USA', 'Space Systems/Loral', 0, '2017-04-12 07:48:56', NULL, NULL, NULL),
(465, 'Intelsat 21', '-58', 'USA', 'Boeing Satellite Systems', 0, '2017-04-12 07:48:56', NULL, NULL, NULL),
(466, 'Intelsat 22', '72', 'USA', 'Boeing Space & Intelligence Systems', 0, '2017-04-12 07:48:56', NULL, NULL, NULL),
(467, 'Intelsat 23', '307', 'USA', 'Orbital Sciences Corp.', 0, '2017-04-12 07:48:56', NULL, NULL, NULL),
(468, 'Intelsat 25', '328,5', 'USA', 'Space Systems/Loral', 0, '2017-04-12 07:48:56', NULL, NULL, NULL),
(469, 'JCSat R', '50', 'USA', 'Boeing Satellite Systems', 0, '2017-04-12 07:48:56', NULL, NULL, NULL),
(470, 'Intelsat 5', '26,11', 'USA', 'Hughes Space and Communications Group', 0, '2017-04-12 07:48:56', NULL, NULL, NULL),
(471, 'Intelsat 603', '19,84', 'USA', 'Hughes Space and Communications Group', 0, '2017-04-12 07:48:56', NULL, NULL, NULL),
(472, 'Intelsat 7', '68,7', 'USA', 'Space Systems/Loral', 0, '2017-04-12 07:48:56', NULL, NULL, NULL),
(473, 'Intelsat 701', '179,94', 'USA', 'Hughes Space and Communications Group', 0, '2017-04-12 07:48:56', NULL, NULL, NULL),
(474, 'Intelsat 702', '47.50', 'USA', 'Loral Space Systems', 0, '2017-04-12 07:48:56', NULL, NULL, NULL),
(475, 'Intelsat 706', '157.00', 'USA', 'Loral Space Systems', 0, '2017-04-12 07:48:56', NULL, NULL, NULL),
(476, 'Intelsat 801', '-31,47', 'USA', 'Loral Space Systems', 0, '2017-04-12 07:48:56', NULL, NULL, NULL),
(477, 'Intelsat 805', '-55,49', 'USA', 'Lockheed Martin Commercial Space Systems', 0, '2017-04-12 07:48:56', NULL, NULL, NULL),
(478, 'Intelsat 9', '-58', 'USA', 'Hughes', 0, '2017-04-12 07:48:56', NULL, NULL, NULL),
(479, 'Intelsat 901', '-18,01', 'USA', 'Lockheed Martin Commercial Space Systems', 0, '2017-04-12 07:48:56', NULL, NULL, NULL),
(480, 'Intelsat 902', '62,05', 'USA', 'Space Systems/Loral', 0, '2017-04-12 07:48:56', NULL, NULL, NULL),
(481, 'Intelsat 903', '-34,55', 'USA', 'Space Systems/Loral', 0, '2017-04-12 07:48:56', NULL, NULL, NULL),
(482, 'Intelsat 904', '60,05', 'USA', 'Space Systems/Loral', 0, '2017-04-12 07:48:56', NULL, NULL, NULL),
(483, 'Intelsat 905', '-24,52', 'USA', 'Space Systems/Loral', 0, '2017-04-12 07:48:56', NULL, NULL, NULL),
(484, 'Intelsat 906', '64,19', 'USA', 'Space Systems/Loral', 0, '2017-04-12 07:48:56', NULL, NULL, NULL),
(485, 'Intelsat 907', '-27,45', 'USA', 'Space Systems/Loral', 0, '2017-04-12 07:48:56', NULL, NULL, NULL),
(486, 'Intelsat APR-2', '83,03', 'USA', 'Aerospatiale ', 0, '2017-04-12 07:48:56', NULL, NULL, NULL),
(487, 'Intelsat New Dawn', '32,8', 'USA', 'Orbital Sciences Corp.', 0, '2017-04-12 07:48:56', NULL, NULL, NULL),
(488, 'International Space Station', '0', 'Multinational', 'Boeing Satellite Systems (prime)/Multinational', 0, '2017-04-12 07:48:56', NULL, NULL, NULL),
(489, 'Interstellar Boundary Explorer', '0', 'USA', 'Orbital Sciences Corp.', 0, '2017-04-12 07:48:56', NULL, NULL, NULL),
(490, 'Iridium 10', '0', 'USA', 'Motorola Satellite Communications Group', 0, '2017-04-12 07:48:56', NULL, NULL, NULL),
(491, 'Iridum 11A', '0', 'USA', 'Motorola Satellite Communications Group', 0, '2017-04-12 07:48:56', NULL, NULL, NULL),
(492, 'Iridium 12', '0', 'USA', 'Motorola Satellite Communications Group', 0, '2017-04-12 07:48:56', NULL, NULL, NULL),
(493, 'Iridium 13', '0', 'USA', 'Motorola Satellite Communications Group', 0, '2017-04-12 07:48:56', NULL, NULL, NULL),
(494, 'Iridium 14A', '0', 'USA', 'Motorola Satellite Communications Group', 0, '2017-04-12 07:48:56', NULL, NULL, NULL),
(495, 'Iridium 15', '0', 'USA', 'Motorola Satellite Communications Group', 0, '2017-04-12 07:48:56', NULL, NULL, NULL),
(496, 'Iridium 18', '0', 'USA', 'Motorola Satellite Communications Group', 0, '2017-04-12 07:48:56', NULL, NULL, NULL),
(497, 'Iridium 19', '0', 'USA', 'Motorola Satellite Communications Group', 0, '2017-04-12 07:48:56', NULL, NULL, NULL),
(498, 'Iridium 20A', '0', 'USA', 'Motorola Satellite Communications Group', 0, '2017-04-12 07:48:56', NULL, NULL, NULL),
(499, 'Iridium 21A', '0', 'USA', 'Motorola Satellite Communications Group', 0, '2017-04-12 07:48:56', NULL, NULL, NULL),
(500, 'Iridium 22', '0', 'USA', 'Motorola Satellite Communications Group', 0, '2017-04-12 07:48:56', NULL, NULL, NULL),
(501, 'Iridium 23', '0', 'USA', 'Motorola Satellite Communications Group', 0, '2017-04-12 07:48:56', NULL, NULL, NULL),
(502, 'Iridium 25', '0', 'USA', 'Motorola Satellite Communications Group', 0, '2017-04-12 07:48:56', NULL, NULL, NULL),
(503, 'Iridium 29', '0', 'USA', 'Motorola Satellite Communications Group', 0, '2017-04-12 07:48:56', NULL, NULL, NULL),
(504, 'Iridium 3', '0', 'USA', 'Motorola Satellite Communications Group', 0, '2017-04-12 07:48:56', NULL, NULL, NULL),
(505, 'Iridium 30', '0', 'USA', 'Motorola Satellite Communications Group', 0, '2017-04-12 07:48:56', NULL, NULL, NULL),
(506, 'Iridium 31', '0', 'USA', 'Motorola Satellite Communications Group', 0, '2017-04-12 07:48:56', NULL, NULL, NULL),
(507, 'Iridium 32', '0', 'USA', 'Motorola Satellite Communications Group', 0, '2017-04-12 07:48:56', NULL, NULL, NULL),
(508, 'Iridium 34', '0', 'USA', 'Motorola Satellite Communications Group', 0, '2017-04-12 07:48:56', NULL, NULL, NULL),
(509, 'Iridium 35', '0', 'USA', 'Motorola Satellite Communications Group', 0, '2017-04-12 07:48:56', NULL, NULL, NULL),
(510, 'Iridium 37', '0', 'USA', 'Motorola Satellite Communications Group', 0, '2017-04-12 07:48:56', NULL, NULL, NULL),
(511, 'Iridium 39', '0', 'USA', 'Motorola Satellite Communications Group', 0, '2017-04-12 07:48:56', NULL, NULL, NULL),
(512, 'Iridium 40', '0', 'USA', 'Motorola Satellite Communications Group', 0, '2017-04-12 07:48:56', NULL, NULL, NULL),
(513, 'Iridium 41', '0', 'USA', 'Motorola Satellite Communications Group', 0, '2017-04-12 07:48:56', NULL, NULL, NULL),
(514, 'Iridium 42', '0', 'USA', 'Motorola Satellite Communications Group', 0, '2017-04-12 07:48:56', NULL, NULL, NULL),
(515, 'Iridium 43', '0', 'USA', 'Motorola Satellite Communications Group', 0, '2017-04-12 07:48:56', NULL, NULL, NULL),
(516, 'Iridium 45', '0', 'USA', 'Motorola Satellite Communications Group', 0, '2017-04-12 07:48:56', NULL, NULL, NULL),
(517, 'Iridium 47', '0', 'USA', 'Motorola Satellite Communications Group', 0, '2017-04-12 07:48:56', NULL, NULL, NULL),
(518, 'Iridium 49', '0', 'USA', 'Motorola Satellite Communications Group', 0, '2017-04-12 07:48:56', NULL, NULL, NULL),
(519, 'Iridium 5', '0', 'USA', 'Motorola Satellite Communications Group', 0, '2017-04-12 07:48:56', NULL, NULL, NULL),
(520, 'Iridium 50', '0', 'USA', 'Motorola Satellite Communications Group', 0, '2017-04-12 07:48:56', NULL, NULL, NULL),
(521, 'Iridium 51', '0', 'USA', 'Motorola Satellite Communications Group', 0, '2017-04-12 07:48:56', NULL, NULL, NULL),
(522, 'Iridium 52', '0', 'USA', 'Motorola Satellite Communications Group', 0, '2017-04-12 07:48:56', NULL, NULL, NULL),
(523, 'Iridium 53', '0', 'USA', 'Motorola Satellite Communications Group', 0, '2017-04-12 07:48:56', NULL, NULL, NULL),
(524, 'Iridium 54', '0', 'USA', 'Motorola Satellite Communications Group', 0, '2017-04-12 07:48:56', NULL, NULL, NULL),
(525, 'Iridium 55', '0', 'USA', 'Motorola Satellite Communications Group', 0, '2017-04-12 07:48:56', NULL, NULL, NULL),
(526, 'Iridium 56', '0', 'USA', 'Motorola Satellite Communications Group', 0, '2017-04-12 07:48:56', NULL, NULL, NULL),
(527, 'Iridium 57', '0', 'USA', 'Motorola Satellite Communications Group', 0, '2017-04-12 07:48:56', NULL, NULL, NULL),
(528, 'Iridium 58', '0', 'USA', 'Motorola Satellite Communications Group', 0, '2017-04-12 07:48:56', NULL, NULL, NULL),
(529, 'Iridium 59', '0', 'USA', 'Motorola Satellite Communications Group', 0, '2017-04-12 07:48:56', NULL, NULL, NULL),
(530, 'Iridium 6', '0', 'USA', 'Motorola Satellite Communications Group', 0, '2017-04-12 07:48:56', NULL, NULL, NULL),
(531, 'Iridium 60', '0', 'USA', 'Motorola Satellite Communications Group', 0, '2017-04-12 07:48:56', NULL, NULL, NULL),
(532, 'Iridium 61', '0', 'USA', 'Motorola Satellite Communications Group', 0, '2017-04-12 07:48:56', NULL, NULL, NULL),
(533, 'Iridium 62', '0', 'USA', 'Motorola Satellite Communications Group', 0, '2017-04-12 07:48:56', NULL, NULL, NULL),
(534, 'Iridium 63', '0', 'USA', 'Motorola Satellite Communications Group', 0, '2017-04-12 07:48:56', NULL, NULL, NULL),
(535, 'Iridium 64', '0', 'USA', 'Motorola Satellite Communications Group', 0, '2017-04-12 07:48:56', NULL, NULL, NULL),
(536, 'Iridium 65', '0', 'USA', 'Motorola Satellite Communications Group', 0, '2017-04-12 07:48:56', NULL, NULL, NULL),
(537, 'Iridium 66', '0', 'USA', 'Motorola Satellite Communications Group', 0, '2017-04-12 07:48:56', NULL, NULL, NULL),
(538, 'Iridium 67', '0', 'USA', 'Motorola Satellite Communications Group', 0, '2017-04-12 07:48:56', NULL, NULL, NULL),
(539, 'Iridium 68', '0', 'USA', 'Motorola Satellite Communications Group', 0, '2017-04-12 07:48:56', NULL, NULL, NULL),
(540, 'Iridium 7', '0', 'USA', 'Motorola Satellite Communications Group', 0, '2017-04-12 07:48:56', NULL, NULL, NULL),
(541, 'Iridium 70', '0', 'USA', 'Motorola Satellite Communications Group', 0, '2017-04-12 07:48:56', NULL, NULL, NULL),
(542, 'Iridium 72', '0', 'USA', 'Motorola Satellite Communications Group', 0, '2017-04-12 07:48:56', NULL, NULL, NULL),
(543, 'Iridium 74', '0', 'USA', 'Motorola Satellite Communications Group', 0, '2017-04-12 07:48:56', NULL, NULL, NULL),
(544, 'Iridium 75', '0', 'USA', 'Motorola Satellite Communications Group', 0, '2017-04-12 07:48:56', NULL, NULL, NULL),
(545, 'Iridium 76', '0', 'USA', 'Motorola Satellite Communications Group', 0, '2017-04-12 07:48:56', NULL, NULL, NULL),
(546, 'Iridium 77', '0', 'USA', 'Motorola Satellite Communications Group', 0, '2017-04-12 07:48:56', NULL, NULL, NULL),
(547, 'Iridium 8', '0', 'USA', 'Motorola Satellite Communications Group', 0, '2017-04-12 07:48:56', NULL, NULL, NULL),
(548, 'Iridium 80', '0', 'USA', 'Motorola Satellite Communications Group', 0, '2017-04-12 07:48:56', NULL, NULL, NULL),
(549, 'Iridium 81', '0', 'USA', 'Motorola Satellite Communications Group', 0, '2017-04-12 07:48:56', NULL, NULL, NULL),
(550, 'Iridium 82', '0', 'USA', 'Motorola Satellite Communications Group', 0, '2017-04-12 07:48:56', NULL, NULL, NULL),
(551, 'Iridium 83', '0', 'USA', 'Motorola Satellite Communications Group', 0, '2017-04-12 07:48:56', NULL, NULL, NULL),
(552, 'Iridium 84', '0', 'USA', 'Motorola Satellite Communications Group', 0, '2017-04-12 07:48:56', NULL, NULL, NULL),
(553, 'Iridium 86', '0', 'USA', 'Motorola Satellite Communications Group', 0, '2017-04-12 07:48:56', NULL, NULL, NULL),
(554, 'Iridium 90', '0', 'USA', 'Motorola Satellite Communications Group', 0, '2017-04-12 07:48:56', NULL, NULL, NULL),
(555, 'Iridium 91', '0', 'USA', 'Motorola Satellite Communications Group', 0, '2017-04-12 07:48:56', NULL, NULL, NULL),
(556, 'Iridium 94', '0', 'USA', 'Motorola Satellite Communications Group', 0, '2017-04-12 07:48:56', NULL, NULL, NULL),
(557, 'Iridium 95', '0', 'USA', 'Motorola Satellite Communications Group', 0, '2017-04-12 07:48:56', NULL, NULL, NULL),
(558, 'Iridium 96', '0', 'USA', 'Motorola Satellite Communications Group', 0, '2017-04-12 07:48:56', NULL, NULL, NULL),
(559, 'Iridium 97', '0', 'USA', 'Motorola Satellite Communications Group', 0, '2017-04-12 07:48:56', NULL, NULL, NULL),
(560, 'Iridium 98', '0', 'USA', 'Motorola Satellite Communications Group', 0, '2017-04-12 07:48:56', NULL, NULL, NULL),
(561, 'IRIS', '0', 'USA', 'Lockheed Martin Space Systems Advanced Technology Center (ATC)', 0, '2017-04-12 07:48:56', NULL, NULL, NULL),
(562, 'IRS-P6', '0', 'India', 'ISRO Satellite Center', 0, '2017-04-12 07:48:56', NULL, NULL, NULL),
(563, 'ITU-pSAT1', '0', 'Turkey', 'ITU Space Systems Design & Test Laboratory', 0, '2017-04-12 07:48:56', NULL, NULL, NULL),
(564, 'Jason 2', '0', 'USA/France', 'Thales Alenia Space', 0, '2017-04-12 07:48:56', NULL, NULL, NULL),
(565, 'JCSat 10', '127,51', 'Japan', 'Lockheed Martin Commercial Space Systems', 0, '2017-04-12 07:48:56', NULL, NULL, NULL),
(566, 'JCSat 110', '110,1', 'Japan', 'Lockheed Martin Commercial Space Systems', 0, '2017-04-12 07:48:56', NULL, NULL, NULL),
(567, 'JCSat 13', '124', 'Japan', 'Lockheed Martin Commercial Space Systems', 0, '2017-04-12 07:48:56', NULL, NULL, NULL),
(568, 'JCSat 1B', '128,03', 'Japan', 'Boeing Satellite Systems', 0, '2017-04-12 07:48:56', NULL, NULL, NULL),
(569, 'JCSat 2A', '154', 'Japan', 'Boeing Satellite Systems', 0, '2017-04-12 07:48:56', NULL, NULL, NULL),
(570, 'JCSat 4A', '123,85', 'Japan', 'Boeing Satellite Systems', 0, '2017-04-12 07:48:56', NULL, NULL, NULL),
(571, 'JCSat 9', '132,04', 'Japan', 'Lockheed Martin Commercial Space Systems', 0, '2017-04-12 07:48:56', NULL, NULL, NULL),
(572, 'JCSat RA', '142,49', 'Japan', 'Lockheed Martin Commercial Space Systems', 0, '2017-04-12 07:48:56', NULL, NULL, NULL),
(573, 'Jugnu', '0', 'India', 'Indian Institute of Technology Kanpur', 0, '2017-04-12 07:48:56', NULL, NULL, NULL),
(574, 'Kalpana-1', '74,07', 'India', 'ISRO Satellite Center', 0, '2017-04-12 07:48:56', NULL, NULL, NULL),
(575, 'KazSat-2', '86,5', 'Kazakhstan', 'Khrunichev', 0, '2017-04-12 07:48:56', NULL, NULL, NULL),
(576, 'USA 144', '0', 'USA', 'National Reconnaissance Laboratory', 0, '2017-04-12 07:48:56', NULL, NULL, NULL),
(577, 'USA 161', '0', 'USA', 'Lockheed Martin', 0, '2017-04-12 07:48:56', NULL, NULL, NULL),
(578, 'USA 186', '0', 'USA', 'Lockheed Martin', 0, '2017-04-12 07:48:56', NULL, NULL, NULL),
(579, 'USA 224', '0', 'USA', 'Lockheed Martin', 0, '2017-04-12 07:48:56', NULL, NULL, NULL),
(580, 'USA 245', '0', 'USA', 'Lockheed Martin', 0, '2017-04-12 07:48:56', NULL, NULL, NULL),
(581, 'ETS-8', '146,06', 'Japan', 'Mitsubishi Electric', 0, '2017-04-12 07:48:56', NULL, NULL, NULL),
(582, 'Kizuna', '143,05', 'Japan', 'JAXA/National Institute of Information and Communications Technology (NICT)', 0, '2017-04-12 07:48:56', NULL, NULL, NULL),
(583, 'KKS-1', '0', 'Japan', 'Tokyo Metropolitan College of Industrial Technology', 0, '2017-04-12 07:48:56', NULL, NULL, NULL),
(584, 'Kompsat-2', '0', 'South Korea', 'Korea Aerospace Research Institute (KARI)/ EADS Astrium', 0, '2017-04-12 07:48:56', NULL, NULL, NULL),
(585, 'Kompsat-3', '0', 'South Korea', 'Korea Aerospace Research Institute (KARI)/ EADS Astrium', 0, '2017-04-12 07:48:56', NULL, NULL, NULL),
(586, 'Kompsat-5', '0', 'South Korea', 'Korea Aerospace Research Institute (KARI)', 0, '2017-04-12 07:48:56', NULL, NULL, NULL),
(587, 'Kondor', '0', 'Russia', 'NPO Mashinostroyeniya', 0, '2017-04-12 07:48:56', NULL, NULL, NULL),
(588, 'Koreasat 5', '113,08', 'South Korea', 'Alcatel Alenia Space', 0, '2017-04-12 07:48:56', NULL, NULL, NULL),
(589, 'Koreasat 6', '116', 'South Korea', 'Orbital Sciences Corp.', 0, '2017-04-12 07:48:56', NULL, NULL, NULL),
(590, 'USA 133', '0', 'USA', 'Lockheed Martin Astronautics', 0, '2017-04-12 07:48:56', NULL, NULL, NULL),
(591, 'USA 152', '0', 'USA', 'Lockheed Martin Astronautics', 0, '2017-04-12 07:48:56', NULL, NULL, NULL),
(592, 'USA 182', '0', 'USA', 'Lockheed Martin Astronautics', 0, '2017-04-12 07:48:56', NULL, NULL, NULL),
(593, 'Landsat 7', '0', 'USA', 'Lockheed Martin Missiles and Space', 0, '2017-04-12 07:48:56', NULL, NULL, NULL),
(594, 'Landsat 8', '0', 'USA', 'Orbital Sciences Corp.', 0, '2017-04-12 07:48:56', NULL, NULL, NULL),
(595, 'LAPAN-Tubsat', '0', 'Indonesia', 'Technical University of Berlin', 0, '2017-04-12 07:48:56', NULL, NULL, NULL),
(596, 'LatinSat A', '0', 'Argentina', 'SpaceQuest', 0, '2017-04-12 07:48:56', NULL, NULL, NULL),
(597, 'LatinSat B', '0', 'Argentina', 'SpaceQuest', 0, '2017-04-12 07:48:56', NULL, NULL, NULL),
(598, 'Leasat 5', '100,08', 'USA/Australia', 'Hughes', 0, '2017-04-12 07:48:56', NULL, NULL, NULL),
(599, 'Cosmos 2455', '0', 'Russia', 'TsSKB-Progress Samara Space Center and KB Arsenal', 0, '2017-04-12 07:48:56', NULL, NULL, NULL),
(600, 'Luch 5A', '', 'Russia', '    ISS Reshetnev/Thales Alenia Space', 0, '2017-04-12 07:48:56', NULL, NULL, NULL),
(601, 'Luch 5B', '-16', 'Russia', 'OAO?ISS', 0, '2017-04-12 07:48:56', NULL, NULL, NULL),
(602, 'Maroc Tubsat', '0', 'Morocco/Germany', 'CRTS Morocco/Institut f?r Luft-und Raumfahrttechnik', 0, '2017-04-12 07:48:56', NULL, NULL, NULL),
(603, 'MaSat 1', '0', 'Hungary', 'Budapest University of Technology and Economics', 0, '2017-04-12 07:48:56', NULL, NULL, NULL),
(604, 'M-Cubed/E1P-U2', '0', 'USA', 'University of Michigan/Montana University/Montana Space Grant Consortium', 0, '2017-04-12 07:48:56', NULL, NULL, NULL),
(605, 'Measat 2', '148.00', 'Malaysia', 'Boeing Satellite Systems', 0, '2017-04-12 07:48:56', NULL, NULL, NULL),
(606, 'Measat 3', '91,54', 'Malaysia', 'Boeing Satellite Systems', 0, '2017-04-12 07:48:56', NULL, NULL, NULL),
(607, 'Measat 3A', '91,5', 'Malaysia', 'Orbital Sciences Corp.', 0, '2017-04-12 07:48:56', NULL, NULL, NULL),
(608, 'Megha-Tropiques', '0', 'India/France', 'Indian Space Research Organization (ISRO)', 0, '2017-04-12 07:48:56', NULL, NULL, NULL),
(609, 'USA 105', '-27,95', 'USA', 'Boeing Satellite Systems', 0, '2017-04-12 07:48:56', NULL, NULL, NULL),
(610, 'USA 118', '-23,51', 'USA', 'Boeing Satellite Systems', 0, '2017-04-12 07:48:56', NULL, NULL, NULL),
(611, 'Meridian-3', '0', 'Russia', 'PO Polyot', 0, '2017-04-12 07:48:56', NULL, NULL, NULL),
(612, 'Meridian-4', '0', 'Russia', 'PO Polyot', 0, '2017-04-12 07:48:56', NULL, NULL, NULL),
(613, 'Meridian-6', '0', 'Russia', 'ISS Reshetnev', 0, '2017-04-12 07:48:56', NULL, NULL, NULL),
(614, 'Meteor-M', '0', 'Russia', 'VNIIEM', 0, '2017-04-12 07:48:56', NULL, NULL, NULL),
(615, 'Meteosat 10', '0', 'Multinational', 'Thales Alenia Space', 0, '2017-04-12 07:48:56', NULL, NULL, NULL),
(616, 'Meteosat 7', '-57,85', 'Multinational', 'Alcatel', 0, '2017-04-12 07:48:56', NULL, NULL, NULL),
(617, 'Meteosat 8', '9,27', 'Multinational', 'Alcatel', 0, '2017-04-12 07:48:56', NULL, NULL, NULL),
(618, 'Meteosat 9', '-0,02', 'Multinational', 'Alcatel/Alenia Space', 0, '2017-04-12 07:48:56', NULL, NULL, NULL),
(619, 'MetOp-A', '0', 'Multinational', 'EADS-Astrium', 0, '2017-04-12 07:48:56', NULL, NULL, NULL),
(620, 'MetOp-B', '0', 'Multinational', 'EADS-Astrium', 0, '2017-04-12 07:48:56', NULL, NULL, NULL),
(621, 'Mexsat-3', '-114,9', 'Mexico', 'Orbital Sciences Corp.', 0, '2017-04-12 07:48:56', NULL, NULL, NULL),
(622, 'USA 99', '-38,9', 'USA', 'Lockheed Martin Missiles and Space', 0, '2017-04-12 07:48:56', NULL, NULL, NULL),
(623, 'USA 115', '3,94', 'USA', 'Lockheed Martin Missiles and Space', 0, '2017-04-12 07:48:56', NULL, NULL, NULL),
(624, 'USA 157', '-67,9', 'USA', 'Lockheed Martin Missiles and Space', 0, '2017-04-12 07:48:56', NULL, NULL, NULL),
(625, 'USA 164', '3,92', 'USA', 'Lockheed Martin Missiles and Space', 0, '2017-04-12 07:48:56', NULL, NULL, NULL),
(626, 'USA 169', '-89,98', 'USA', 'Lockheed Martin Missiles and Space', 0, '2017-04-12 07:48:56', NULL, NULL, NULL),
(627, 'MiR', '0', 'Russia', 'Joint Stock Company-Information Satellite Systems/Siberian State Aerospace University (SibSAU)', 0, '2017-04-12 07:48:56', NULL, NULL, NULL),
(628, 'MKA-FKI-1', '0', 'Russia', 'Lavochkin NPO', 0, '2017-04-12 07:48:56', NULL, NULL, NULL),
(629, 'Molniya 3-53', '0', 'Russia', 'Applied Mechanics (NPO)', 0, '2017-04-12 07:48:56', NULL, NULL, NULL),
(630, 'Molniya 1-92', '0', 'Russia', 'Applied Mechanics (NPO)', 0, '2017-04-12 07:48:56', NULL, NULL, NULL),
(631, 'Microvariability & Oscillations of Stars (MOST)', '0', 'Canada', 'Dynacon Inc./University of Toronto Institute for Aerospace Studies/University of British Columbia', 0, '2017-04-12 07:48:56', NULL, NULL, NULL),
(632, 'Mozhayets 4', '0', 'Russia', 'Mozhaiskiy Space Engineering Academy', 0, '2017-04-12 07:48:56', NULL, NULL, NULL),
(633, 'MSAT 1', '-106,43', 'USA/Canada', 'Spar Aerospace', 0, '2017-04-12 07:48:56', NULL, NULL, NULL),
(634, 'MSAT 2', '-101,21', 'USA/Canada', 'Hughes Communications Inc.', 0, '2017-04-12 07:48:56', NULL, NULL, NULL),
(635, 'Multispectral Thermal Imager (MTI)', '0', 'USA', 'Ball Aerospace/TRW/Raytheon', 0, '2017-04-12 07:48:56', NULL, NULL, NULL),
(636, 'MTSAT-1R', '140,07', 'Japan', 'Space Systems/Loral', 0, '2017-04-12 07:48:56', NULL, NULL, NULL),
(637, 'MTSAT-2', '145,06', 'Japan', 'Mitsubishi Electric/Boeing/Alcatel', 0, '2017-04-12 07:48:56', NULL, NULL, NULL),
(638, 'MUOS-1', '', 'USA', 'Lockheed Martin Missiles and Space', 0, '2017-04-12 07:48:56', NULL, NULL, NULL),
(639, 'MUOS-2', '', 'USA', 'Lockheed Martin Missiles and Space', 0, '2017-04-12 07:48:56', NULL, NULL, NULL),
(640, 'Nanosat-1', '0', 'Spain', 'Instituto Nacional de T?cnia Aeroespacial (INTA)', 0, '2017-04-12 07:48:56', NULL, NULL, NULL),
(641, 'Nanosat-1B', '0', 'Spain', 'Instituto Nacional de T?cnia Aeroespacial (INTA)', 0, '2017-04-12 07:48:56', NULL, NULL, NULL),
(642, 'NATO-4B', '-35,05', 'United Kingdom', 'Matra Marconi', 0, '2017-04-12 07:48:56', NULL, NULL, NULL),
(643, 'USA 66', '0', 'USA', 'Rockwell International', 0, '2017-04-12 07:48:56', NULL, NULL, NULL),
(644, 'USA 94', '0', 'USA', 'Rockwell International', 0, '2017-04-12 07:48:56', NULL, NULL, NULL),
(645, 'USA 83', '0', 'USA', 'Rockwell International', 0, '2017-04-12 07:48:56', NULL, NULL, NULL),
(646, 'USA 92', '0', 'USA', 'Rockwell International', 0, '2017-04-12 07:48:56', NULL, NULL, NULL),
(647, 'USA 96', '0', 'USA', 'Rockwell International', 0, '2017-04-12 07:48:56', NULL, NULL, NULL),
(648, 'USA 100', '0', 'USA', 'Rockwell International', 0, '2017-04-12 07:48:56', NULL, NULL, NULL),
(649, 'USA 117', '0', 'USA', 'Rockwell International', 0, '2017-04-12 07:48:56', NULL, NULL, NULL),
(650, 'USA 126', '0', 'USA', 'Rockwell International', 0, '2017-04-12 07:48:56', NULL, NULL, NULL),
(651, 'USA 135', '0', 'USA', 'Rockwell International', 0, '2017-04-12 07:48:56', NULL, NULL, NULL),
(652, 'USA 94', '0', 'USA', 'Rockwell International', 0, '2017-04-12 07:48:56', NULL, NULL, NULL),
(653, 'USA 213', '0', 'USA', 'Boeing Satellite Systems', 0, '2017-04-12 07:48:56', NULL, NULL, NULL),
(654, 'USA 232', '0', 'USA', 'Boeing Satellite Systems', 0, '2017-04-12 07:48:56', NULL, NULL, NULL),
(655, 'USA 239', '0', 'USA', 'Boeing Satellite Systems', 0, '2017-04-12 07:48:56', NULL, NULL, NULL),
(656, 'USA 242', '0', 'USA', 'Boeing Satellite Systems', 0, '2017-04-12 07:48:56', NULL, NULL, NULL),
(657, 'USA 175', '0', 'USA', 'Lockheed Martin', 0, '2017-04-12 07:48:56', NULL, NULL, NULL),
(658, 'USA 177', '0', 'USA', 'Lockheed Martin', 0, '2017-04-12 07:48:56', NULL, NULL, NULL),
(659, 'USA 178', '0', 'USA', 'Lockheed Martin', 0, '2017-04-12 07:48:56', NULL, NULL, NULL),
(660, 'USA 180', '0', 'USA', 'Lockheed Martin', 0, '2017-04-12 07:48:56', NULL, NULL, NULL),
(661, 'USA 132', '0', 'USA', 'Lockheed Martin', 0, '2017-04-12 07:48:56', NULL, NULL, NULL),
(662, 'USA 145', '0', 'USA', 'Lockheed Martin', 0, '2017-04-12 07:48:56', NULL, NULL, NULL),
(663, 'USA 150', '0', 'USA', 'Lockheed Martin', 0, '2017-04-12 07:48:56', NULL, NULL, NULL),
(664, 'USA 151', '0', 'USA', 'Lockheed Martin', 0, '2017-04-12 07:48:56', NULL, NULL, NULL),
(665, 'USA 154', '0', 'USA', 'Lockheed Martin', 0, '2017-04-12 07:48:56', NULL, NULL, NULL),
(666, 'USA 156', '0', 'USA', 'Lockheed Martin', 0, '2017-04-12 07:48:56', NULL, NULL, NULL),
(667, 'USA 166', '0', 'USA', 'Lockheed Martin', 0, '2017-04-12 07:48:56', NULL, NULL, NULL),
(668, 'USA 168', '0', 'USA', 'Lockheed Martin', 0, '2017-04-12 07:48:56', NULL, NULL, NULL),
(669, 'USA 183', '0', 'USA', 'Lockheed Martin', 0, '2017-04-12 07:48:56', NULL, NULL, NULL),
(670, 'USA 190', '0', 'USA', 'Lockheed Martin Missiles and Space', 0, '2017-04-12 07:48:56', NULL, NULL, NULL),
(671, 'USA 192', '0', 'USA', 'Lockheed Martin Missiles and Space', 0, '2017-04-12 07:48:56', NULL, NULL, NULL),
(672, 'USA 196', '0', 'USA', 'Lockheed Martin Missiles and Space', 0, '2017-04-12 07:48:56', NULL, NULL, NULL),
(673, 'USA 199', '0', 'USA', 'Lockheed Martin Missiles and Space', 0, '2017-04-12 07:48:56', NULL, NULL, NULL),
(674, 'USA 201', '0', 'USA', 'Lockheed Martin', 0, '2017-04-12 07:48:56', NULL, NULL, NULL),
(675, 'USA 206', '0', 'USA', 'Lockheed Martin Missiles and Space', 0, '2017-04-12 07:48:56', NULL, NULL, NULL),
(676, 'NEOSSat', '0', 'Canada', 'Microsat Systems Canada Inc.', 0, '2017-04-12 07:48:56', NULL, NULL, NULL),
(677, 'NFIRE', '0', 'USA', 'General Dynamics', 0, '2017-04-12 07:48:56', NULL, NULL, NULL),
(678, 'NigComSat-1R', '42,5', 'Nigeria', 'China Academy of Space Technology (CAST)', 0, '2017-04-12 07:48:56', NULL, NULL, NULL),
(679, 'NigeriaSat-2', '0', 'Nigeria', 'Surrey Satellite Technology Ltd. (SSTL)', 0, '2017-04-12 07:48:56', NULL, NULL, NULL),
(680, 'Nigeriasat-X', '0', 'Nigeria', 'Surrey Satellite Technology Ltd. (SSTL)', 0, '2017-04-12 07:48:56', NULL, NULL, NULL),
(681, 'Nilesat 102', '-7,03', 'Egypt', 'Matra Marconi', 0, '2017-04-12 07:48:56', NULL, NULL, NULL),
(682, 'Nilesat 201', '-7', 'Egypt', 'Thales Alenia Space', 0, '2017-04-12 07:48:56', NULL, NULL, NULL),
(683, 'Nimiq 2', '-91,25', 'Canada', 'Lockheed Martin', 0, '2017-04-12 07:48:56', NULL, NULL, NULL),
(684, 'Nimiq 4', '-81,96', 'Canada', 'EADS Astrium', 0, '2017-04-12 07:48:56', NULL, NULL, NULL),
(685, 'Nimiq 5', '-72,7', 'Canada', 'Space Systems/Loral', 0, '2017-04-12 07:48:56', NULL, NULL, NULL),
(686, 'Nimiq 6', '-91,1', 'Canada', 'Space Systems/Loral', 0, '2017-04-12 07:48:56', NULL, NULL, NULL),
(687, 'NOAA-15', '0', 'USA', 'Lockheed Martin Missiles & Space', 0, '2017-04-12 07:48:56', NULL, NULL, NULL),
(688, 'NOAA-16', '0', 'USA', 'Lockheed Martin Space Systems', 0, '2017-04-12 07:48:56', NULL, NULL, NULL),
(689, 'NOAA-18', '0', 'USA', 'Lockheed Martin Space Systems', 0, '2017-04-12 07:48:56', NULL, NULL, NULL),
(690, 'NOAA-19', '0', 'USA', 'Lockheed Martin Space Systems', 0, '2017-04-12 07:48:56', NULL, NULL, NULL),
(691, 'NPP', '0', 'USA', 'Ball Aerospace', 0, '2017-04-12 07:48:56', NULL, NULL, NULL),
(692, 'NSS-10', '-37,37', 'Netherlands', 'Alcatel Space Industries', 0, '2017-04-12 07:48:56', NULL, NULL, NULL),
(693, 'NSS-11', '108,21', 'Netherlands', 'Lockheed Martin Commercial Space Systems', 0, '2017-04-12 07:48:56', NULL, NULL, NULL),
(694, 'NSS-12', '57', 'Netherlands', 'Space Systems/Loral', 0, '2017-04-12 07:48:56', NULL, NULL, NULL),
(695, 'NSS-5', '-177', 'Netherlands', 'Lockheed Martin Commercial Space Systems', 0, '2017-04-12 07:48:56', NULL, NULL, NULL),
(696, 'NSS-6', '95,04', 'Netherlands', 'Lockheed Martin Commercial Space Systems', 0, '2017-04-12 07:48:56', NULL, NULL, NULL),
(697, 'NSS-7', '-21', 'Netherlands', 'Lockheed Martin Commercial Space Systems', 0, '2017-04-12 07:48:56', NULL, NULL, NULL),
(698, 'NSS-703', '-47', 'Netherlands', 'Space Systems/Loral', 0, '2017-04-12 07:48:56', NULL, NULL, NULL),
(699, 'NSS-806', '-40,45', 'Netherlands', 'Lockheed Martin Commercial Space Systems', 0, '2017-04-12 07:48:56', NULL, NULL, NULL),
(700, 'NSS-9', '183', 'Netherlands', 'Orbital Sciences Corp.', 0, '2017-04-12 07:48:56', NULL, NULL, NULL),
(701, 'N-Star C', '135,08', 'Japan', 'Lockheed Martin Commercial Space Systems/Orbital Sciences', 0, '2017-04-12 07:48:56', NULL, NULL, NULL),
(702, 'NuSTAR', '0', 'USA', 'Orbital Sciences Corp.', 0, '2017-04-12 07:48:56', NULL, NULL, NULL),
(703, 'O3b FM05', '0', 'UK', 'Thales Alenia Space', 0, '2017-04-12 07:48:56', NULL, NULL, NULL),
(704, 'O3b FM04', '0', 'UK', 'Thales Alenia Space', 0, '2017-04-12 07:48:56', NULL, NULL, NULL),
(705, 'O3b FM02', '0', 'UK', 'Thales Alenia Space', 0, '2017-04-12 07:48:56', NULL, NULL, NULL),
(706, 'O3b PFM', '0', 'UK', 'Thales Alenia Space', 0, '2017-04-12 07:48:56', NULL, NULL, NULL),
(707, 'USA 219', '0', 'USA', 'NASA/Ames Research Center', 0, '2017-04-12 07:48:56', NULL, NULL, NULL),
(708, 'Oceansat-2', '0', 'India', 'Indian Space Research Organization (ISRO)', 0, '2017-04-12 07:48:56', NULL, NULL, NULL),
(709, 'Odin', '0', 'Sweden', 'Swedish Space Corporation/Canadian Space Agency/National Technology Agency of Finland/Centre Nationa', 0, '2017-04-12 07:48:56', NULL, NULL, NULL),
(710, 'Ofeq 5', '0', 'Israel', 'Israel Aircraft Industries (IAI), Missiles and Space Group', 0, '2017-04-12 07:48:56', NULL, NULL, NULL),
(711, 'Ofeq 7', '0', 'Israel', 'Israel Aerospace Industries (IAI)', 0, '2017-04-12 07:48:56', NULL, NULL, NULL),
(712, 'Ofeq 9', '0', 'Israel', 'Israel Aerospace Industries (IAI)', 0, '2017-04-12 07:48:56', NULL, NULL, NULL),
(713, 'Optus and Defence C1', '156,06', 'Australia', 'Space Systems/Loral', 0, '2017-04-12 07:48:56', NULL, NULL, NULL),
(714, 'Optus B3 ', '164', 'Australia', 'Hughes Space and Communications', 0, '2017-04-12 07:48:56', NULL, NULL, NULL),
(715, 'Optus D1', '160,06', 'Australia', 'Orbital Sciences Corp.', 0, '2017-04-12 07:48:56', NULL, NULL, NULL),
(716, 'Optus D2', '152,05', 'Australia', 'Orbital Sciences Corp.', 0, '2017-04-12 07:48:56', NULL, NULL, NULL),
(717, 'Optus D3', '155,98', 'Australia', 'Orbital Sciences Corp.', 0, '2017-04-12 07:48:56', NULL, NULL, NULL),
(718, 'ORBCOMM FM-10', '0', 'USA', 'Orbital Sciences Corp.', 0, '2017-04-12 07:48:56', NULL, NULL, NULL),
(719, 'ORBCOMM FM-11', '0', 'USA', 'Orbital Sciences Corp.', 0, '2017-04-12 07:48:56', NULL, NULL, NULL),
(720, 'ORBCOMM FM-12', '0', 'USA', 'Orbital Sciences Corp.', 0, '2017-04-12 07:48:56', NULL, NULL, NULL),
(721, 'ORBCOMM FM-13', '0', 'USA', 'Orbital Sciences Corp.', 0, '2017-04-12 07:48:56', NULL, NULL, NULL),
(722, 'ORBCOMM FM-14', '0', 'USA', 'Orbital Sciences Corp.', 0, '2017-04-12 07:48:56', NULL, NULL, NULL),
(723, 'ORBCOMM FM-15', '0', 'USA', 'Orbital Sciences Corp.', 0, '2017-04-12 07:48:56', NULL, NULL, NULL),
(724, 'ORBCOMM FM-16', '0', 'USA', 'Orbital Sciences Corp.', 0, '2017-04-12 07:48:56', NULL, NULL, NULL),
(725, 'ORBCOMM FM-18', '0', 'USA', 'Orbital Sciences Corp.', 0, '2017-04-12 07:48:56', NULL, NULL, NULL),
(726, 'ORBCOMM FM-19', '0', 'USA', 'Orbital Sciences Corp.', 0, '2017-04-12 07:48:56', NULL, NULL, NULL),
(727, 'ORBCOMM FM-20', '0', 'USA', 'Orbital Sciences Corp.', 0, '2017-04-12 07:48:56', NULL, NULL, NULL),
(728, 'ORBCOMM FM-22', '0', 'USA', 'Orbital Sciences Corp.', 0, '2017-04-12 07:48:56', NULL, NULL, NULL),
(729, 'ORBCOMM FM-23', '0', 'USA', 'Orbital Sciences Corp.', 0, '2017-04-12 07:48:56', NULL, NULL, NULL),
(730, 'ORBCOMM  FM-25', '0', 'USA', 'Orbital Sciences Corp.', 0, '2017-04-12 07:48:56', NULL, NULL, NULL),
(731, 'ORBCOMM FM-27', '0', 'USA', 'Orbital Sciences Corp.', 0, '2017-04-12 07:48:56', NULL, NULL, NULL),
(732, 'ORBCOMM FM-30', '0', 'USA', 'Orbital Sciences Corp.', 0, '2017-04-12 07:48:56', NULL, NULL, NULL),
(733, 'ORBCOMM FM-31', '0', 'USA', 'Orbital Sciences Corp.', 0, '2017-04-12 07:48:56', NULL, NULL, NULL),
(734, 'ORBCOMM FM-32', '0', 'USA', 'Orbital Sciences Corp.', 0, '2017-04-12 07:48:56', NULL, NULL, NULL),
(735, 'ORBCOMM FM-34', '0', 'USA', 'Orbital Sciences Corp.', 0, '2017-04-12 07:48:56', NULL, NULL, NULL),
(736, 'ORBCOMM FM-35', '0', 'USA', 'Orbital Sciences Corp.', 0, '2017-04-12 07:48:56', NULL, NULL, NULL),
(737, 'ORBCOMM FM-36', '0', 'USA', 'Orbital Sciences Corp.', 0, '2017-04-12 07:48:56', NULL, NULL, NULL),
(738, 'ORBCOMM FM-4', '0', 'USA', 'Orbital Sciences Corp.', 0, '2017-04-12 07:48:56', NULL, NULL, NULL),
(739, 'ORBCOMM FM-5', '0', 'USA', 'Orbital Sciences Corp.', 0, '2017-04-12 07:48:56', NULL, NULL, NULL),
(740, 'ORBCOMM FM-6', '0', 'USA', 'Orbital Sciences Corp.', 0, '2017-04-12 07:48:56', NULL, NULL, NULL),
(741, 'ORBCOMM FM-7', '0', 'USA', 'Orbital Sciences Corp.', 0, '2017-04-12 07:48:56', NULL, NULL, NULL),
(742, 'ORBCOMM FM-8', '0', 'USA', 'Orbital Sciences Corp.', 0, '2017-04-12 07:48:56', NULL, NULL, NULL),
(743, 'ORBCOMM FM-9', '0', 'USA', 'Orbital Sciences Corp.', 0, '2017-04-12 07:48:56', NULL, NULL, NULL),
(744, 'USA 231', '0', 'USA', 'Goodrich/ATK', 0, '2017-04-12 07:48:56', NULL, NULL, NULL),
(746, 'Paksat-1R', '38', 'Pakistan', 'China Aerospace Science and Technology Corp. (CASC)', 0, '2017-04-12 07:48:56', NULL, NULL, NULL),
(747, 'Palapa C2', '112,99', 'Indonesia', 'Boeing Satellite Systems', 0, '2017-04-12 07:48:56', NULL, NULL, NULL),
(748, 'Palapa D1', '150,97', 'Indonesia', 'Thales Alenia Space', 0, '2017-04-12 07:48:56', NULL, NULL, NULL),
(749, 'USA 207', '34,5', 'USA', 'Lockheed Martin', 0, '2017-04-12 07:48:56', NULL, NULL, NULL),
(750, 'Polarization and Anistropy of Reflectances for Atmospheric Science coupled with Observations from LIDAR (PARASOL)', '0', 'France', 'Centre National d''Etudes Spatiales (CNES)', 0, '2017-04-12 07:48:56', NULL, NULL, NULL),
(751, 'Cosmos 2389', '0', 'Russia', 'NPO-PM', 0, '2017-04-12 07:48:56', NULL, NULL, NULL),
(752, 'Cosmos 2398', '0', 'Russia', 'NPO-PM', 0, '2017-04-12 07:48:56', NULL, NULL, NULL),
(753, 'Cosmos 2361', '0', 'Russia', 'NPO-PM', 0, '2017-04-12 07:48:56', NULL, NULL, NULL),
(754, 'Cosmos 2366', '0', 'Russia', 'NPO-PM', 0, '2017-04-12 07:48:56', NULL, NULL, NULL),
(755, 'Cosmos 2378', '0', 'Russia', 'NPO-PM', 0, '2017-04-12 07:48:56', NULL, NULL, NULL),
(756, 'Cosmos 2407', '0', 'Russia', 'NPO-PM', 0, '2017-04-12 07:48:56', NULL, NULL, NULL),
(757, 'Cosmos 2414', '0', 'Russia', 'NPO-PM', 0, '2017-04-12 07:48:56', NULL, NULL, NULL),
(758, 'Cosmos 2429', '0', 'Russia', 'NPO-PM', 0, '2017-04-12 07:48:56', NULL, NULL, NULL),
(759, 'Cosmos 2454', '0', 'Russia', 'Information Satellite Systems (formerly NPO-PM)', 0, '2017-04-12 07:48:56', NULL, NULL, NULL),
(760, 'Cosmos 2463', '0', 'Russia', 'Information Satellite Systems (formerly NPO-PM)', 0, '2017-04-12 07:48:56', NULL, NULL, NULL),
(761, 'Prototype Communications SATellite (PCSat)', '0', 'USA', 'US Naval Academy', 0, '2017-04-12 07:48:56', NULL, NULL, NULL),
(762, 'Cosmos 2486', '0', 'Russia', 'TsSKB Progress', 0, '2017-04-12 07:48:56', NULL, NULL, NULL),
(763, 'Picard', '0', 'France', 'EADS Astrium', 0, '2017-04-12 07:48:56', NULL, NULL, NULL),
(764, 'Pl?iades HR1A ', '0', 'France/Italy', 'Astrium', 0, '2017-04-12 07:48:56', NULL, NULL, NULL),
(765, 'Pl?iades HR1B ', '0', 'France', 'Astrium', 0, '2017-04-12 07:48:56', NULL, NULL, NULL),
(766, 'Prism', '0', 'Japan', 'University of Tokyo', 0, '2017-04-12 07:48:56', NULL, NULL, NULL),
(767, 'Project for On-Board Autonomy (Proba 1)', '0', 'ESA', 'Verhaert Design and Development NV (leading a European consortium)', 0, '2017-04-12 07:48:56', NULL, NULL, NULL),
(768, 'Project for On-Board Autonomy (Proba 2)', '0', 'ESA', 'Verhaert Design and Development NV (leading a European consortium)', 0, '2017-04-12 07:48:56', NULL, NULL, NULL),
(769, 'Proba V', '0', 'ESA', 'QinetiQ Space Belgium', 0, '2017-04-12 07:48:56', NULL, NULL, NULL),
(770, 'QueztSat-1', '', 'USA', 'Space Systems/Loral', 0, '2017-04-12 07:48:56', NULL, NULL, NULL),
(771, 'Quickbird 2', '0', 'USA', 'Ball Aerospace', 0, '2017-04-12 07:48:56', NULL, NULL, NULL),
(772, 'QZS-1', '0', 'Japan', 'Japan Aerospace Exploration Agency (JAXA)', 0, '2017-04-12 07:48:56', NULL, NULL, NULL),
(773, 'Radarsat-2', '0', 'Canada', 'MacDonald, Dettwiler/Thales Alenia Spazio', 0, '2017-04-12 07:48:56', NULL, NULL, NULL),
(774, 'Radio-ROSTO', '0', 'Russia', 'Nilakt Posto and radio amateurs', 0, '2017-04-12 07:48:56', NULL, NULL, NULL),
(775, 'Cosmos 2450', '89,84', 'Russia', 'Applied Mechanics (NPO)', 0, '2017-04-12 07:48:56', NULL, NULL, NULL),
(776, 'Raduga 1-M2', '70', 'Russia', 'Applied Mechanics (NPO)', 0, '2017-04-12 07:48:56', NULL, NULL, NULL),
(777, 'USA 225', '0', 'USA', 'National Reconnaissance Laboratory', 0, '2017-04-12 07:48:56', NULL, NULL, NULL),
(778, 'RapidEye-1', '0', 'Germany', 'Surrey Satellite Technology, Ltd.', 0, '2017-04-12 07:48:56', NULL, NULL, NULL),
(779, 'RapidEye-2', '0', 'Germany', 'Surrey Satellite Technology, Ltd.', 0, '2017-04-12 07:48:56', NULL, NULL, NULL),
(780, 'RapidEye-3', '0', 'Germany', 'Surrey Satellite Technology, Ltd.', 0, '2017-04-12 07:48:56', NULL, NULL, NULL),
(781, 'RapidEye-4', '0', 'Germany', 'Surrey Satellite Technology, Ltd.', 0, '2017-04-12 07:48:56', NULL, NULL, NULL),
(782, 'RapidEye-5', '0', 'Germany', 'Surrey Satellite Technology, Ltd.', 0, '2017-04-12 07:48:56', NULL, NULL, NULL),
(783, 'RASAT', '0', 'Turkey', 'Space Technologies Research Institute', 0, '2017-04-12 07:48:56', NULL, NULL, NULL),
(784, 'Rascom-QAF 1R', '2,85', 'Multinational', 'Thales Alenia Space', 0, '2017-04-12 07:48:56', NULL, NULL, NULL),
(785, 'RazakSat', '0', 'Malaysia', 'Astronautic Technology (M) Sdn Bhd', 0, '2017-04-12 07:48:56', NULL, NULL, NULL),
(786, 'RE', '0', 'USA', 'Lawrence Livermore National Laboratory', 0, '2017-04-12 07:48:56', NULL, NULL, NULL),
(787, 'INnovative technology Demonstration EXperiment satellite (INDEX)', '0', 'Japan', 'Institute of Space and Astronautical Science (ISAS)', 0, '2017-04-12 07:48:56', NULL, NULL, NULL),
(788, 'Resourcesat 2', '0', 'India', 'Indian Space Research Organization (ISRO)', 0, '2017-04-12 07:48:56', NULL, NULL, NULL),
(789, 'Resurs-DK1', '0', 'Russia', 'TsSKB Progress (State Research & Production Space Rocket Center)', 0, '2017-04-12 07:48:56', NULL, NULL, NULL),
(790, 'Resurs-P1', '0', 'Russia', 'TsSKB Progress (State Research & Production Space Rocket Center)', 0, '2017-04-12 07:48:56', NULL, NULL, NULL),
(791, 'RISat-1', '0', 'India', 'Indian Space Research Organization (ISRO)', 0, '2017-04-12 07:48:56', NULL, NULL, NULL),
(792, 'RISat-2', '0', 'India', 'Israel Aircraft Industries (IAI)', 0, '2017-04-12 07:48:56', NULL, NULL, NULL),
(793, 'Cosmos 2416', '0', 'Russia', 'NPO-PM', 0, '2017-04-12 07:48:56', NULL, NULL, NULL),
(794, 'Cosmos 2481', '0', 'Russia', 'OAO?ISS', 0, '2017-04-12 07:48:56', NULL, NULL, NULL),
(795, 'Cosmos 2482', '0', 'Russia', 'OAO ISS', 0, '2017-04-12 07:48:56', NULL, NULL, NULL),
(796, 'Cosmos 2484', '0', 'Russia', 'OAO ISS', 0, '2017-04-12 07:48:56', NULL, NULL, NULL),
(797, 'Cosmos 2437', '0', 'Russia', 'OAO?ISS', 0, '2017-04-12 07:48:56', NULL, NULL, NULL),
(798, 'Cosmos 2438', '0', 'Russia', 'OAO?ISS', 0, '2017-04-12 07:48:56', NULL, NULL, NULL),
(799, 'Cosmos 2439', '0', 'Russia', 'OAO?ISS', 0, '2017-04-12 07:48:56', NULL, NULL, NULL),
(800, 'Cosmos 2451', '0', 'Russia', 'OAO?ISS', 0, '2017-04-12 07:48:56', NULL, NULL, NULL),
(801, 'Cosmos 2452', '0', 'Russia', 'OAO?ISS', 0, '2017-04-12 07:48:56', NULL, NULL, NULL),
(802, 'Cosmos 2453', '0', 'Russia', 'OAO?ISS', 0, '2017-04-12 07:48:56', NULL, NULL, NULL),
(803, 'Rumba', '0', 'ESA', 'Dornier Systems (Astrium) and 35 subcontractors', 0, '2017-04-12 07:48:56', NULL, NULL, NULL),
(804, 'Satellite for Scientific Applications (SAC-C)', '0', 'Multinational', 'INVAP SE', 0, '2017-04-12 07:48:56', NULL, NULL, NULL),
(805, 'Satellite for Scientific Applications (SAC-D)', '0', 'Argentina/USA', 'INVAP SE', 0, '2017-04-12 07:48:56', NULL, NULL, NULL),
(806, 'Salsa', '0', 'ESA', 'Dornier Systems (Astrium) and 35 subcontractors', 0, '2017-04-12 07:48:56', NULL, NULL, NULL),
(807, 'Samba', '0', 'ESA', 'Dornier Systems (Astrium) and 35 subcontractors', 0, '2017-04-12 07:48:56', NULL, NULL, NULL),
(808, 'Sapphire', '0', 'Canada', 'Surrey Satellite Technology Ltd/MacDonald, Dettwiler and Associates', 0, '2017-04-12 07:48:56', NULL, NULL, NULL),
(809, 'SARAL', '0', 'India/France', 'Indian Space Research Organization (ISRO)', 0, '2017-04-12 07:48:56', NULL, NULL, NULL),
(810, 'SAR-Lupe 1', '0', 'Germany', 'OHB System-AG', 0, '2017-04-12 07:48:56', NULL, NULL, NULL),
(811, 'SAR-Lupe 2', '0', 'Germany', 'OHB-System AG ', 0, '2017-04-12 07:48:56', NULL, NULL, NULL),
(812, 'SAR-Lupe 3', '0', 'Germany', 'OHB-System AG ', 0, '2017-04-12 07:48:56', NULL, NULL, NULL),
(813, 'SAR-Lupe 4', '0', 'Germany', 'OHB-System AG ', 0, '2017-04-12 07:48:56', NULL, NULL, NULL),
(814, 'SAR-Lupe 5', '0', 'Germany', 'OHB-System AG ', 0, '2017-04-12 07:48:56', NULL, NULL, NULL),
(815, 'Satmex 4', '-114,9', 'Mexico', 'Hughes Space and Communications Company', 0, '2017-04-12 07:48:56', NULL, NULL, NULL),
(816, 'Satmex 5', '-116,77', 'Mexico', 'Hughes Space and Communications Company', 0, '2017-04-12 07:48:56', NULL, NULL, NULL),
(817, 'Satmex 6', '-112,98', 'Mexico', 'Space Systems/Loral', 0, '2017-04-12 07:48:56', NULL, NULL, NULL),
(818, 'Saudicomsat-1', '0', 'Saudi Arabia', 'Space Research Institute, King Abdulaziz City for Science and Technology', 0, '2017-04-12 07:48:56', NULL, NULL, NULL),
(819, 'Saudicomsat-2 ', '0', 'Saudi Arabia', 'Space Research Institute, King Abdulaziz City for Science and Technology', 0, '2017-04-12 07:48:56', NULL, NULL, NULL),
(820, 'Saudicomsat-3', '0', 'Saudi Arabia', 'Space Research Institute, King Abdulaziz City for Science and Technology', 0, '2017-04-12 07:48:56', NULL, NULL, NULL),
(821, 'Saudicomsat-4', '0', 'Saudi Arabia', 'Space Research Institute, King Abdulaziz City for Science and Technology', 0, '2017-04-12 07:48:56', NULL, NULL, NULL),
(822, 'Saudicomsat-5', '0', 'Saudi Arabia', 'Space Research Institute, King Abdulaziz City for Science and Technology', 0, '2017-04-12 07:48:56', NULL, NULL, NULL),
(823, 'Saudicomsat-6', '0', 'Saudi Arabia', 'Space Research Institute, King Abdulaziz City for Science and Technology', 0, '2017-04-12 07:48:56', NULL, NULL, NULL),
(824, 'Saudicomsat-7', '0', 'Saudi Arabia', 'Space Research Institute, King Abdulaziz City for Science and Technology', 0, '2017-04-12 07:48:56', NULL, NULL, NULL),
(825, 'Saudisat 1C', '0', 'Saudi Arabia', 'Space Research Institute, King Abdulaziz City for Science and Technology', 0, '2017-04-12 07:48:56', NULL, NULL, NULL),
(826, 'Saudisat-2 ', '0', 'Saudi Arabia', 'Riyadh Space Research Institute', 0, '2017-04-12 07:48:56', NULL, NULL, NULL),
(827, 'Saudisat-3', '0', 'Saudi Arabia', 'King Abdulaziz City for Science and Technology', 0, '2017-04-12 07:48:56', NULL, NULL, NULL),
(828, 'Satmex 8', '-116,8', 'Mexico', 'Space Systems/Loral', 0, '2017-04-12 07:48:56', NULL, NULL, NULL),
(829, 'USA 230', '-96,84', 'USA', 'Lockheed Martin Space Systems', 0, '2017-04-12 07:48:56', NULL, NULL, NULL),
(830, 'USA 241', '', 'USA', 'Lockheed Martin Space Systems', 0, '2017-04-12 07:48:56', NULL, NULL, NULL),
(831, 'USA 216', '0', 'USA', 'Boeing/Ball Aerospace', 0, '2017-04-12 07:48:56', NULL, NULL, NULL),
(832, 'USA 160', '0', 'USA', 'Lockheed Martin', 0, '2017-04-12 07:48:56', NULL, NULL, NULL),
(833, 'USA 160', '0', 'USA', 'Lockheed Martin', 0, '2017-04-12 07:48:56', NULL, NULL, NULL),
(834, 'USA 173', '0', 'USA', 'Lockheed Martin', 0, '2017-04-12 07:48:56', NULL, NULL, NULL),
(835, 'USA 173', '0', 'USA', 'Lockheed Martin', 0, '2017-04-12 07:48:56', NULL, NULL, NULL),
(836, 'USA 181', '0', 'USA', 'Lockheed Martin', 0, '2017-04-12 07:48:56', NULL, NULL, NULL),
(837, 'USA 181', '0', 'USA', 'Lockheed Martin', 0, '2017-04-12 07:48:56', NULL, NULL, NULL),
(838, 'USA 194', '0', 'USA', 'Lockheed Martin', 0, '2017-04-12 07:48:56', NULL, NULL, NULL),
(839, 'USA 194', '0', 'USA', 'Lockheed Martin', 0, '2017-04-12 07:48:56', NULL, NULL, NULL),
(840, 'USA 229', '0', 'USA', 'Lockheed Martin', 0, '2017-04-12 07:48:56', NULL, NULL, NULL),
(841, 'USA 229', '0', 'USA', 'Lockheed Martin', 0, '2017-04-12 07:48:56', NULL, NULL, NULL),
(842, 'USA 238', '0', 'USA', 'National Reconnaissance Laboratory (NRL)', 0, '2017-04-12 07:48:56', NULL, NULL, NULL),
(843, 'USA 238', '0', 'USA', 'National Reconnaissance Laboratory (NRL)', 0, '2017-04-12 07:48:56', NULL, NULL, NULL),
(844, 'SCD-1', '0', 'Brazil', 'Instituto Nacional de Pesquisas Espaciais (INPE)', 0, '2017-04-12 07:48:56', NULL, NULL, NULL),
(845, 'SCD-2', '', 'Brazil', 'Instituto Nacional de Pesquisas Espaciais (INPE)', 0, '2017-04-12 07:48:56', NULL, NULL, NULL),
(846, 'Scisat-1', '0', 'Canada', 'Bristol Aerospace Ltd.', 0, '2017-04-12 07:48:56', NULL, NULL, NULL),
(847, 'SDO', '-102', 'USA', 'Goddard Space Flight Center', 0, '2017-04-12 07:48:56', NULL, NULL, NULL),
(848, 'USA 155', '-10,03', 'USA', 'National Reconnaissance Laboratory', 0, '2017-04-12 07:48:56', NULL, NULL, NULL),
(849, 'USA 162', '-143,88', 'USA', 'Hughes', 0, '2017-04-12 07:48:56', NULL, NULL, NULL),
(850, 'USA 179', '0', 'USA', 'Hughes', 0, '2017-04-12 07:48:56', NULL, NULL, NULL),
(851, 'USA 198', '0', 'USA', 'National Reconnaissance Laboratory', 0, '2017-04-12 07:48:56', NULL, NULL, NULL),
(852, 'USA 227', '-30,4', 'USA', 'National Reconnaissance Laboratory', 0, '2017-04-12 07:48:56', NULL, NULL, NULL),
(853, 'USA 236', '', 'USA', 'National Reconnaissance Laboratory', 0, '2017-04-12 07:48:56', NULL, NULL, NULL),
(854, 'SDS-4', '0', 'Japan', 'Japan Aerospace Exploration Agency (JAXA)', 0, '2017-04-12 07:48:56', NULL, NULL, NULL),
(855, 'SEEDS 2', '0', 'Japan', 'Nihon University', 0, '2017-04-12 07:48:56', NULL, NULL, NULL),
(856, 'SES-1', '-101', 'USA', 'Orbital Sciences Corp.', 0, '2017-04-12 07:48:56', NULL, NULL, NULL),
(857, 'SES-2', '-87', 'USA', 'Orbital Sciences Corp.', 0, '2017-04-12 07:48:56', NULL, NULL, NULL),
(858, 'SES-3', '-103', 'USA', 'Orbital Sciences Corp.', 0, '2017-04-12 07:48:56', NULL, NULL, NULL),
(859, 'SES-4', '-22', 'USA', 'Space Systems/Loral', 0, '2017-04-12 07:48:56', NULL, NULL, NULL),
(860, 'SES-5', '5', 'USA', 'Space Systems/Loral', 0, '2017-04-12 07:48:56', NULL, NULL, NULL),
(861, 'SES-6', '-40,5', 'USA', 'EADS Astrium', 0, '2017-04-12 07:48:56', NULL, NULL, NULL),
(862, 'SES-7', '108,02', 'USA', 'Boeing Satellite Systems', 0, '2017-04-12 07:48:56', NULL, NULL, NULL),
(863, 'Shijian 11 01', '0', 'China (PR)', 'Chinese Academy of Space Technology (CAST)/ DFH Satellite', 0, '2017-04-12 07:48:56', NULL, NULL, NULL),
(864, 'Shijian 11 02', '0', 'China (PR)', 'Chinese Academy of Space Technology (CAST/DFH Satellite', 0, '2017-04-12 07:48:56', NULL, NULL, NULL),
(865, 'Shijian 11 03', '0', 'China (PR)', 'Chinese Academy of Space Technology (CAST)/DFH Satellite', 0, '2017-04-12 07:48:56', NULL, NULL, NULL),
(866, 'Shijian 11 05', '0', 'China (PR)', 'Chinese Academy of Space Technology (CAST)', 0, '2017-04-12 07:48:56', NULL, NULL, NULL),
(867, 'Shijian 12', '0', 'China (PR)', 'Chinese Academy of Space Technology (CAST)', 0, '2017-04-12 07:48:56', NULL, NULL, NULL),
(868, 'Shijian 15', '0', 'China (PR)', 'Chinese Academy of Space Technology (CAST)', 0, '2017-04-12 07:48:56', NULL, NULL, NULL),
(869, 'Shijian 6A', '0', 'China (PR)', 'Shanghai Academy of Space Flight Technology/Dongfanghong Satellite Co.', 0, '2017-04-12 07:48:56', NULL, NULL, NULL),
(870, 'Shijian 6B', '0', 'China (PR)', 'Shanghai Academy of Space Flight Technology/Dongfanghong Satellite Co.', 0, '2017-04-12 07:48:56', NULL, NULL, NULL),
(871, 'Shijian 6C', '0', 'China (PR)', 'Chinese Academy of Space Technology (CAST)/DFH Satellite', 0, '2017-04-12 07:48:56', NULL, NULL, NULL),
(872, 'Shijian 6D', '0', 'China (PR)', 'Chinese Academy of Space Technology (CAST)/DFH Satellite', 0, '2017-04-12 07:48:56', NULL, NULL, NULL),
(873, 'Shijian 6E', '0', 'China (PR)', 'Shanghai Academy of Space Flight Technology/Dongfanghong Satellite Co.', 0, '2017-04-12 07:48:56', NULL, NULL, NULL),
(874, 'Shijian 6F', '0', 'China (PR)', 'Shanghai Academy of Space Flight Technology/Dongfanghong Satellite Co.', 0, '2017-04-12 07:48:56', NULL, NULL, NULL),
(875, 'Shijian 6G', '0', 'China (PR)', 'Chinese Academy of Space Technology (CAST)/DFH Satellite', 0, '2017-04-12 07:48:56', NULL, NULL, NULL),
(876, 'Shijian 6H', '0', 'China (PR)', 'Chinese Academy of Space Technology (CAST)/DFH Satellite', 0, '2017-04-12 07:48:56', NULL, NULL, NULL),
(877, 'Shijian 7', '0', 'China (PR)', 'Shanghai Academy of Space Flight Technology/Dongfanghong Satellite Co.', 0, '2017-04-12 07:48:56', NULL, NULL, NULL),
(878, 'Shijian 9A', '0', 'China (PR)', '', 0, '2017-04-12 07:48:56', NULL, NULL, NULL),
(879, 'Shijian 9B', '0', 'China (PR)', '', 0, '2017-04-12 07:48:56', NULL, NULL, NULL),
(880, 'Shiyan 1', '0', 'China (PR)', 'Chinese Research Institute of Space Technology/Changchun Photomechanical Institute (CAS)', 0, '2017-04-12 07:48:56', NULL, NULL, NULL),
(881, 'Shiyan 3', '0', 'China (PR)', 'Harbin Institute of Technology', 0, '2017-04-12 07:48:56', NULL, NULL, NULL),
(882, 'Shiyan 4', '0', 'China (PR)', 'CAST/DFH Satellite/HIT', 0, '2017-04-12 07:48:56', NULL, NULL, NULL),
(883, 'Shiyan 7', '0', 'China (PR)', 'Chinese Academy of Space Technology (CAST)', 0, '2017-04-12 07:48:56', NULL, NULL, NULL),
(884, 'Sich 2', '0', 'Ukraine', 'Yuzhnoye', 0, '2017-04-12 07:48:56', NULL, NULL, NULL),
(885, 'Sicral 1A', '16,25', 'Italy', 'Alenia Spazio', 0, '2017-04-12 07:48:56', NULL, NULL, NULL),
(886, 'Sicral 1B', '11,8', 'Italy', 'Thales Alenia Space Italia', 0, '2017-04-12 07:48:56', NULL, NULL, NULL),
(887, 'Sina-1', '0', 'Iran', 'Polyot', 0, '2017-04-12 07:48:56', NULL, NULL, NULL),
(888, 'Sinosat-6', '0', 'China (PR)', 'Chinese Academy of Space Technology (CAST)', 0, '2017-04-12 07:48:56', NULL, NULL, NULL),
(889, 'Sirius-1 (SD Radio 1)', '0', 'USA', 'Space Systems/Loral', 0, '2017-04-12 07:48:56', NULL, NULL, NULL),
(890, 'Sirius 2 (SD Radio 2)', '0', 'USA', 'Space Systems/Loral', 0, '2017-04-12 07:48:56', NULL, NULL, NULL),
(891, 'Sirius 3 (SD Radio 3)', '0', 'USA', 'Space Systems/Loral', 0, '2017-04-12 07:48:56', NULL, NULL, NULL),
(892, 'Sirius 4', '4,85', 'Sweden', 'Lockheed Martin Commercial Space Systems', 0, '2017-04-12 07:48:56', NULL, NULL, NULL),
(893, 'Sirius FM-5', '-96', 'USA', 'Space Systems/Loral', 0, '2017-04-12 07:48:56', NULL, NULL, NULL),
(894, 'Sirius XM-5', '-85,2', 'USA', 'Space Systems/Loral', 0, '2017-04-12 07:48:56', NULL, NULL, NULL),
(895, 'Skynet 4C', '-1,3', 'United Kingdom', 'Astrium', 0, '2017-04-12 07:48:56', NULL, NULL, NULL);
INSERT INTO `vsat_satellite` (`id`, `satellite`, `position_orbitale`, `pay_operator`, `contractor`, `etat`, `credat`, `creusr`, `updusr`, `upddat`) VALUES
(896, 'Skynet 4E', '35,58', 'United Kingdom', 'Astrium', 0, '2017-04-12 07:48:56', NULL, NULL, NULL),
(897, 'Skynet 4F', '-34,04', 'United Kingdom', 'Astrium', 0, '2017-04-12 07:48:56', NULL, NULL, NULL),
(898, 'Skynet 5A', '-1,12', 'United Kingdom', 'EADS Astrium', 0, '2017-04-12 07:48:56', NULL, NULL, NULL),
(899, 'Skynet 5B', '52,8', 'United Kingdom', 'EADS Astrium', 0, '2017-04-12 07:48:56', NULL, NULL, NULL),
(900, 'Skynet 5C', '-17,83', 'United Kingdom', 'EADS Astrium', 0, '2017-04-12 07:48:56', NULL, NULL, NULL),
(901, 'Skynet 5D', '25', 'United Kingdom', 'EADS Astrium', 0, '2017-04-12 07:48:56', NULL, NULL, NULL),
(902, 'SkyTerra 1', '-101,3', 'USA', 'Boeing Satellite Systems', 0, '2017-04-12 07:48:56', NULL, NULL, NULL),
(903, 'USA 119', '0', 'USA', 'National Reconnaissance Laboratory', 0, '2017-04-12 07:48:56', NULL, NULL, NULL),
(904, 'SMDC-ONE 1.1', '0', 'USA', 'Miltec', 0, '2017-04-12 07:48:56', NULL, NULL, NULL),
(905, 'SMDC-ONE 1.2', '0', 'USA', 'Miltec', 0, '2017-04-12 07:48:56', NULL, NULL, NULL),
(906, 'SMOS', '0', 'ESA', 'Thales Alenia Space', 0, '2017-04-12 07:48:56', NULL, NULL, NULL),
(907, 'SOHLA 1', '0', 'Japan', 'Space Oriented Higashiosaka Leading Association', 0, '2017-04-12 07:48:56', NULL, NULL, NULL),
(908, 'SOlar Radiation and Climate Experiment (SORCE)', '0', 'USA', 'Orbital Sciences Corp.', 0, '2017-04-12 07:48:56', NULL, NULL, NULL),
(909, 'Spaceway 3', '-94,93', 'USA', 'Boeing Satellite Systems', 0, '2017-04-12 07:48:56', NULL, NULL, NULL),
(910, 'Spaceway F1', '-102,87', 'USA', 'Boeing Satellite Systems', 0, '2017-04-12 07:48:56', NULL, NULL, NULL),
(911, 'Spaceway F2', '-99,08', 'USA', 'Boeing Satellite Systems', 0, '2017-04-12 07:48:56', NULL, NULL, NULL),
(912, 'Spainsat', '13,06', 'Spain', 'Space Systems/Loral', 0, '2017-04-12 07:48:56', NULL, NULL, NULL),
(913, 'Spektr-R/RadioAstron', '0', 'Multinational', 'Lavochkin', 0, '2017-04-12 07:48:56', NULL, NULL, NULL),
(914, 'SPIRALE-A', '0', 'France', 'EADS Astrium', 0, '2017-04-12 07:48:56', NULL, NULL, NULL),
(915, 'SPIRALE-B', '0', 'France', 'EADS Astrium', 0, '2017-04-12 07:48:56', NULL, NULL, NULL),
(916, 'Spot 5', '0', 'France/Belgium/Sweden', 'Astrium', 0, '2017-04-12 07:48:56', NULL, NULL, NULL),
(917, 'Spot 6', '0', 'France/Belgium/Sweden', 'EADS Astrium', 0, '2017-04-12 07:48:56', NULL, NULL, NULL),
(918, 'SRMSat', '0', 'India', 'SRM University', 0, '2017-04-12 07:48:56', NULL, NULL, NULL),
(919, 'SSOT', '0', 'Chile', 'Astrium', 0, '2017-04-12 07:48:56', NULL, NULL, NULL),
(920, 'ST-1', '88,01', 'Singapore/Taiwan', 'Matra Marconi Space', 0, '2017-04-12 07:48:56', NULL, NULL, NULL),
(921, 'ST-2', '87,99', 'Singapore/Taiwan', 'Mitsubishi Electric Corporation', 0, '2017-04-12 07:48:56', NULL, NULL, NULL),
(922, 'Star 1 C1', '-64,98', 'Brazil', 'Thales Alenia Space', 0, '2017-04-12 07:48:56', NULL, NULL, NULL),
(923, 'Star 1 C2', '-69,93', 'Brazil', 'Thales Alenia Space', 0, '2017-04-12 07:48:56', NULL, NULL, NULL),
(924, 'Star 1 C3', '-75', 'Brazil', 'Orbital Sciences Corp.', 0, '2017-04-12 07:48:56', NULL, NULL, NULL),
(925, 'USA 217', '0', 'USA', 'Ball Aerospace', 0, '2017-04-12 07:48:56', NULL, NULL, NULL),
(926, 'STRaND-1', '0', 'UK', 'Surrey Satellite Technology Limited (SSTL)', 0, '2017-04-12 07:48:56', NULL, NULL, NULL),
(927, 'Cosmos 2384', '0', 'Russia', 'NPO/PM - Scientific Research Institute for Precision Instruments (NII-TP)', 0, '2017-04-12 07:48:56', NULL, NULL, NULL),
(928, 'Cosmos 2385', '0', 'Russia', 'NPO/PM - Scientific Research Institute for Precision Instruments (NII-TP)', 0, '2017-04-12 07:48:56', NULL, NULL, NULL),
(929, 'Cosmos 2386', '0', 'Russia', 'NPO/PM - Scientific Research Institute for Precision Instruments (NII-TP)', 0, '2017-04-12 07:48:56', NULL, NULL, NULL),
(930, 'Cosmos 2390', '0', 'Russia', 'NPO/PM - Scientific Research Institute for Precision Instruments (NII-TP)', 0, '2017-04-12 07:48:56', NULL, NULL, NULL),
(931, 'Cosmos 2391', '0', 'Russia', 'NPO/PM - Scientific Research Institute for Precision Instruments (NII-TP)', 0, '2017-04-12 07:48:56', NULL, NULL, NULL),
(932, 'Cosmos 2400', '0', 'Russia', 'NPO/PM - Scientific Research Institute for Precision Instruments (NII-TP)', 0, '2017-04-12 07:48:56', NULL, NULL, NULL),
(933, 'Cosmos 2401', '0', 'Russia', 'NPO/PM - Scientific Research Institute for Precision Instruments (NII-TP)', 0, '2017-04-12 07:48:56', NULL, NULL, NULL),
(934, 'Cosmos 2408', '0', 'Russia', 'NPO/PM - Scientific Research Institute for Precision Instruments (NII-TP)', 0, '2017-04-12 07:48:56', NULL, NULL, NULL),
(935, 'Cosmos 2409', '0', 'Russia', 'NPO/PM - Scientific Research Institute for Precision Instruments (NII-TP)', 0, '2017-04-12 07:48:56', NULL, NULL, NULL),
(936, 'Cosmos 2467', '0', 'Russia', 'OAO - ISS', 0, '2017-04-12 07:48:56', NULL, NULL, NULL),
(937, 'Cosmos 2468', '0', 'Russia', 'OAO - ISS', 0, '2017-04-12 07:48:56', NULL, NULL, NULL),
(938, 'STSat-2C', '0', 'South Korea', 'Korea Advanced Institute of Science and Technology (KAIST)', 0, '2017-04-12 07:48:56', NULL, NULL, NULL),
(939, 'USA 205', '0', 'USA', 'Northrop Grumman', 0, '2017-04-12 07:48:56', NULL, NULL, NULL),
(940, 'USA 208', '0', 'USA', 'Northrop Grumman', 0, '2017-04-12 07:48:56', NULL, NULL, NULL),
(941, 'USA 209', '0', 'USA', 'Northrop Grumman', 0, '2017-04-12 07:48:56', NULL, NULL, NULL),
(942, 'STUDSat', '0', 'India', 'Indian Space Research Organization (ISRO)/seven academic institutions', 0, '2017-04-12 07:48:56', NULL, NULL, NULL),
(943, 'Superbird 7', '143,77', 'Japan', 'Mitsubishi Electric Corporation', 0, '2017-04-12 07:48:56', NULL, NULL, NULL),
(944, 'Superbird-B2', '162,03', 'Japan', 'Boeing Satellite Systems', 0, '2017-04-12 07:48:56', NULL, NULL, NULL),
(945, 'Superbird-C', '143,97', 'Japan', 'Boeing Satellite Systems', 0, '2017-04-12 07:48:56', NULL, NULL, NULL),
(946, 'Suzaku', '0', 'Japan/USA', 'Institute of Space and Astronautical Science (ISAS)', 0, '2017-04-12 07:48:56', NULL, NULL, NULL),
(947, 'Swift', '0', 'USA/United Kingdom/Italy', 'Spectrum Astro (General Dynamics)', 0, '2017-04-12 07:48:56', NULL, NULL, NULL),
(948, 'SwissCube', '0', 'Switzerland', 'Ecole Polytechnique F?d?rale de Lausanne (EPFL)', 0, '2017-04-12 07:48:56', NULL, NULL, NULL),
(949, 'Syracuse 3A', '47,05', 'France', 'Alcatel Alenia Space', 0, '2017-04-12 07:48:56', NULL, NULL, NULL),
(950, 'Syracuse 3B', '-5,17', 'France', 'Alcatel Alenia Space', 0, '2017-04-12 07:48:56', NULL, NULL, NULL),
(951, 'TacSat 4', '0', 'USA', 'Naval Research Laboratory/Johns Hopkins University Applied Physics Laboratory', 0, '2017-04-12 07:48:56', NULL, NULL, NULL),
(952, 'TanDEM-X', '0', 'Germany', 'EADS Astrium', 0, '2017-04-12 07:48:56', NULL, NULL, NULL),
(953, 'Tango', '0', 'ESA', 'Dornier Systems (Astrium) and 35 subcontractors', 0, '2017-04-12 07:48:56', NULL, NULL, NULL),
(954, 'TDRS-10', '-40,75', 'USA', 'Boeing Satellite Systems', 0, '2017-04-12 07:48:56', NULL, NULL, NULL),
(955, 'TDRS-3', '84,41', 'USA', 'TRW Defense and Space Systems Group', 0, '2017-04-12 07:48:56', NULL, NULL, NULL),
(956, 'TDRS-5', '-167,14', 'USA', 'TRW Defense and Space Systems Group', 0, '2017-04-12 07:48:56', NULL, NULL, NULL),
(957, 'TDRS-6', '-171,35', 'USA', 'TRW Defense and Space Systems Group', 0, '2017-04-12 07:48:56', NULL, NULL, NULL),
(958, 'TDRS-7', '-150,53', 'USA', 'TRW Defense and Space Systems Group', 0, '2017-04-12 07:48:56', NULL, NULL, NULL),
(959, 'TDRS-8', '88,76', 'USA', 'Boeing Satellite Systems', 0, '2017-04-12 07:48:56', NULL, NULL, NULL),
(960, 'TDRS-9', '-62,43', 'USA', 'Boeing Satellite Systems', 0, '2017-04-12 07:48:56', NULL, NULL, NULL),
(961, 'TDRS-K', '-171', 'USA', 'Boeing Satellite Systems', 0, '2017-04-12 07:48:56', NULL, NULL, NULL),
(962, 'TecSAR', '0', 'Israel', 'Israel Aerospace Industries (IAI)', 0, '2017-04-12 07:48:56', NULL, NULL, NULL),
(963, 'Telkom 1', '108,01', 'Indonesia', 'Lockheed Martin Missiles and Space', 0, '2017-04-12 07:48:56', NULL, NULL, NULL),
(964, 'Telkom 2', '118,02', 'Indonesia', 'Orbital Sciences Corp.', 0, '2017-04-12 07:48:56', NULL, NULL, NULL),
(965, 'Telstar 11N', '-37,05', 'Canada', 'Space Systems/Loral', 0, '2017-04-12 07:48:56', NULL, NULL, NULL),
(966, 'Telstar 12', '-14,99', 'Multinational', 'Space Systems/Loral', 0, '2017-04-12 07:48:56', NULL, NULL, NULL),
(967, 'Telstar 14R', '-63', 'Canada', 'Space Systems/Loral', 0, '2017-04-12 07:48:56', NULL, NULL, NULL),
(968, 'Telstar 18', '138,04', 'Multinational', 'Space Systems/Loral', 0, '2017-04-12 07:48:56', NULL, NULL, NULL),
(969, 'TerraSAR X 1', '0', 'Germany', 'EADS Astrium', 0, '2017-04-12 07:48:56', NULL, NULL, NULL),
(970, 'TerraStar 1', '-111', 'USA', 'Space Systems/Loral', 0, '2017-04-12 07:48:56', NULL, NULL, NULL),
(971, 'Technology Experiment Satellite (TES)', '0', 'India', 'ISRO Satellite Center', 0, '2017-04-12 07:48:56', NULL, NULL, NULL),
(972, 'TET-1', '0', 'Germany', 'Kayser-Threde GmbH', 0, '2017-04-12 07:48:56', NULL, NULL, NULL),
(973, 'Thaicom-4', '119,5', 'Thailand', 'Space Systems/Loral', 0, '2017-04-12 07:48:56', NULL, NULL, NULL),
(974, 'Thaicom-5', '78,54', 'Thailand', 'Alcatel Alenia Space', 0, '2017-04-12 07:48:56', NULL, NULL, NULL),
(975, 'THEMIS A', '0', 'Multinational', 'Swales Aerospace', 0, '2017-04-12 07:48:56', NULL, NULL, NULL),
(976, 'THEMIS D', '0', 'Multinational', 'Swales Aerospace', 0, '2017-04-12 07:48:56', NULL, NULL, NULL),
(977, 'THEMIS E', '0', 'Multinational', 'Swales Aerospace', 0, '2017-04-12 07:48:56', NULL, NULL, NULL),
(978, 'Theos', '0', 'Thailand', 'EADS Astrium', 0, '2017-04-12 07:48:56', NULL, NULL, NULL),
(979, 'Thor-3', '-4', 'Norway', 'Boeing Satellite Systems', 0, '2017-04-12 07:48:56', NULL, NULL, NULL),
(980, 'Thor-5 ', '-0,72', 'Norway', 'Orbital Sciences Corp.', 0, '2017-04-12 07:48:56', NULL, NULL, NULL),
(981, 'Thor-6', '-1', 'Norway', 'Thales Alenia Space', 0, '2017-04-12 07:48:56', NULL, NULL, NULL),
(982, 'Thuraya 2', '44,13', 'United Arab Emirates', 'Hughes Space and Communications Group', 0, '2017-04-12 07:48:56', NULL, NULL, NULL),
(983, 'Thuraya 3', '98,6', 'United Arab Emirates', 'Boeing Satellite Systems', 0, '2017-04-12 07:48:56', NULL, NULL, NULL),
(984, 'Tian Xun-1', '0', 'China (PR)', '   Nanjing?University?of?Aeronautics?and?Astronautics', 0, '2017-04-12 07:48:56', NULL, NULL, NULL),
(985, 'Tiangong-1', '0', 'China (PR)', '', 0, '2017-04-12 07:48:56', NULL, NULL, NULL),
(986, 'Tianhui 1-01', '0', 'China (PR)', 'DFH?Satellite?Co.?Ltd.', 0, '2017-04-12 07:48:56', NULL, NULL, NULL),
(987, 'Tianhui 1-02', '0', 'China (PR)', 'DFH Satellite Co. Ltd.', 0, '2017-04-12 07:48:56', NULL, NULL, NULL),
(988, 'TianLian 1', '77,08', 'China (PR)', 'Chinese Academy of Space Technology (CAST)', 0, '2017-04-12 07:48:56', NULL, NULL, NULL),
(989, 'TianLian 2', '176,72', 'China (PR)', 'Chinese Academy of Space Technology (CAST)', 0, '2017-04-12 07:48:56', NULL, NULL, NULL),
(990, 'TianLian 3 ', '16,86', 'China (PR)', 'Chinese Academy of Space Technology (CAST)', 0, '2017-04-12 07:48:56', NULL, NULL, NULL),
(991, 'Tiantuo 1', '0', 'China (PR)', 'National University of Defense Technology', 0, '2017-04-12 07:48:56', NULL, NULL, NULL),
(992, 'Thermosphere ? Ionosphere ? Mesosphere ? Energetics and Dynamics (TIMED)', '0', 'USA', 'Applied Physics Laboratory, Johns Hopkins', 0, '2017-04-12 07:48:56', NULL, NULL, NULL),
(993, 'TISat-1', '0', 'Switzerland', 'Scuola Universitaria Professionale della Svizzera Italiana - Dipartimento Tecnologie Innovative ', 0, '2017-04-12 07:48:56', NULL, NULL, NULL),
(994, 'Topsat', '0', 'United Kingdom', 'QinetiQ/Surrey Satellite Technology Ltd.', 0, '2017-04-12 07:48:56', NULL, NULL, NULL),
(995, 'Tropical Rainfall Measuring Mission (TRMM)', '0', 'Japan/USA', 'NASA/Goddard Space Flight Center', 0, '2017-04-12 07:48:56', NULL, NULL, NULL),
(996, 'USA 136', '0', 'USA', 'Boeing Satellite Systems', 0, '2017-04-12 07:48:56', NULL, NULL, NULL),
(997, 'Cosmos 2428', '0', 'Russia', 'KB Yuznoye', 0, '2017-04-12 07:48:56', NULL, NULL, NULL),
(998, 'TUGSat-1', '0', 'Austria', 'University of Toronto Institute for Aerospace Studies (UTIAS)', 0, '2017-04-12 07:48:56', NULL, NULL, NULL),
(999, 'Turksat 3A', '42,04', 'Turkey', 'Thales Alenia Space', 0, '2017-04-12 07:48:56', NULL, NULL, NULL),
(1000, 'Turksat-3USAT???', '0', 'Turkey', 'Turksat/Istanbul Technical University', 0, '2017-04-12 07:48:56', NULL, NULL, NULL),
(1001, 'USA 146', '72,67', 'USA', 'Boeing Satellite Systems', 0, '2017-04-12 07:48:56', NULL, NULL, NULL),
(1002, 'USA 174', '71,44', 'USA', 'Boeing Satellite Systems', 0, '2017-04-12 07:48:56', NULL, NULL, NULL),
(1003, 'USA 95', '28,79', 'USA', 'Boeing Satellite Systems', 0, '2017-04-12 07:48:56', NULL, NULL, NULL),
(1004, 'USA 108', '-177,12', 'USA', 'Boeing Satellite Systems', 0, '2017-04-12 07:48:56', NULL, NULL, NULL),
(1005, 'USA 114', '-105,5', 'USA', 'Boeing Satellite Systems', 0, '2017-04-12 07:48:56', NULL, NULL, NULL),
(1006, 'USA 127', '-21,91', 'USA', 'Boeing Satellite Systems', 0, '2017-04-12 07:48:56', NULL, NULL, NULL),
(1007, 'USA 138', '172,28', 'USA', 'Boeing Satellite Systems', 0, '2017-04-12 07:48:56', NULL, NULL, NULL),
(1008, 'UK-DMC-2', '0', 'United Kingdom', 'Surrey Satellite Technology Ltd. (SSTL)', 0, '2017-04-12 07:48:56', NULL, NULL, NULL),
(1009, 'Unisat-3', '0', 'Italy', 'La Sapienza University of Rome', 0, '2017-04-12 07:48:56', NULL, NULL, NULL),
(1010, 'Cosmos 2479', '166', 'Russia', 'NPO Lovochkin', 0, '2017-04-12 07:48:56', NULL, NULL, NULL),
(1011, 'Cosmos 2422', '0', 'Russia', 'NPO Lovochkin', 0, '2017-04-12 07:48:56', NULL, NULL, NULL),
(1012, 'Cosmos 2446', '0', 'Russia', 'NPO Lovochkin', 0, '2017-04-12 07:48:56', NULL, NULL, NULL),
(1013, 'Cosmos 2469', '0', 'Russia', 'NPO Lovochkin', 0, '2017-04-12 07:48:56', NULL, NULL, NULL),
(1014, 'RBSP-A', '0', 'USA', 'Johns Hopkins University Applied Physics Laboratory', 0, '2017-04-12 07:48:56', NULL, NULL, NULL),
(1015, 'RBSP-B', '0', 'USA', 'Johns Hopkins University Applied Physics Laboratory', 0, '2017-04-12 07:48:56', NULL, NULL, NULL),
(1016, 'VeneSat 1', '-65', 'Venezuela', 'Great Wall Industry Corp.', 0, '2017-04-12 07:48:56', NULL, NULL, NULL),
(1017, 'Vesselsat-1', '0', 'USA', 'LuxSpace Sarl', 0, '2017-04-12 07:48:56', NULL, NULL, NULL),
(1018, 'Vesselsat-2', '0', 'USA', 'LuxSpace Sarl', 0, '2017-04-12 07:48:56', NULL, NULL, NULL),
(1019, 'ViaSat-1', '-115', 'USA', 'Space Systems/Loral', 0, '2017-04-12 07:48:56', NULL, NULL, NULL),
(1020, 'Vinasat 1', '131,97', 'Vietnam', 'Lockheed Martin Commercial Space Systems', 0, '2017-04-12 07:48:56', NULL, NULL, NULL),
(1021, 'Vinasat 2', '131,8', 'Vietnam', 'Lockheed Martin Commercial Space Systems', 0, '2017-04-12 07:48:56', NULL, NULL, NULL),
(1022, 'VNREDSat 1A', '0', 'Vietnam', 'EADS Astrium', 0, '2017-04-12 07:48:56', NULL, NULL, NULL),
(1023, 'VRSS-1', '0', 'Venezuela', 'China Academy of Space Technology (CAST)', 0, '2017-04-12 07:48:56', NULL, NULL, NULL),
(1024, 'USA 195', '0', 'USA', 'Boeing Integrated Defense Systems', 0, '2017-04-12 07:48:56', NULL, NULL, NULL),
(1025, 'USA 204', '60', 'USA', 'Boeing Satellite Systems', 0, '2017-04-12 07:48:56', NULL, NULL, NULL),
(1026, 'USA 211', '-12', 'USA', 'Boeing Satellite Systems', 0, '2017-04-12 07:48:56', NULL, NULL, NULL),
(1027, 'USA 233', '-124,5', 'USA', 'Boeing Satellite Systems', 0, '2017-04-12 07:48:56', NULL, NULL, NULL),
(1028, 'USA 243', '-52,5', 'USA', 'Boeing Satellite Systems', 0, '2017-04-12 07:48:56', NULL, NULL, NULL),
(1029, 'USA 244', '0', 'USA', 'Boeing Satellite Systems', 0, '2017-04-12 07:48:56', NULL, NULL, NULL),
(1030, 'WildBlue 1', '-111,09', 'USA', 'Space Systems/Loral', 0, '2017-04-12 07:48:56', NULL, NULL, NULL),
(1031, 'Wind', '0', 'Multinational', 'Martin Marietta Astrospace', 0, '2017-04-12 07:48:56', NULL, NULL, NULL),
(1032, 'Worldview 1', '0', 'USA', 'Ball Aerospace', 0, '2017-04-12 07:48:56', NULL, NULL, NULL),
(1033, 'Worldview 2', '0', 'USA', 'Ball Aerospace', 0, '2017-04-12 07:48:56', NULL, NULL, NULL),
(1034, 'USA 240', '0', 'USA', 'Boeing', 0, '2017-04-12 07:48:56', NULL, NULL, NULL),
(1035, 'XaTcobeo', '0', 'Spain', 'University of Vigo', 0, '2017-04-12 07:48:56', NULL, NULL, NULL),
(1036, 'Xinyan 1', '0', 'China (PR)', 'Chinese Academy of Space Technology (CAST)', 0, '2017-04-12 07:48:56', NULL, NULL, NULL),
(1037, 'XM 3', '-85,04', 'USA', 'Boeing Satellite Systems', 0, '2017-04-12 07:48:56', NULL, NULL, NULL),
(1038, 'XM 4', '-114,96', 'USA', 'Boeing Satellite Systems', 0, '2017-04-12 07:48:56', NULL, NULL, NULL),
(1039, 'XM 2', '-85,23', 'USA', 'Boeing Satellite Systems', 0, '2017-04-12 07:48:56', NULL, NULL, NULL),
(1040, 'XM 1', '-85,16', 'USA', 'Boeing Satellite Systems', 0, '2017-04-12 07:48:56', NULL, NULL, NULL),
(1041, 'XMM Newton', '0', 'ESA', 'Dornier Systems (and 46 subcontractors)', 0, '2017-04-12 07:48:56', NULL, NULL, NULL),
(1042, 'X-Sat', '0', 'Singapore', 'Centre for Research in Satellite Technology (CREST)', 0, '2017-04-12 07:48:56', NULL, NULL, NULL),
(1043, 'XTAR-EUR', '29,03', 'Spain', 'Space Systems/Loral', 0, '2017-04-12 07:48:56', NULL, NULL, NULL),
(1044, 'XW-1', '0', 'China (PR)', 'DFH Satellite', 0, '2017-04-12 07:48:56', NULL, NULL, NULL),
(1045, 'Yahsat-1A', '52,5', 'United Arab Emirates', 'Astrium/Thales Alenia Space', 0, '2017-04-12 07:48:56', NULL, NULL, NULL),
(1046, 'Yahsat-1B', '47,6', 'United Arab Emirates', 'Astrium/Thales Alenia Space', 0, '2017-04-12 07:48:56', NULL, NULL, NULL),
(1047, 'Yamal-201', '90,05', 'Russia', 'Rocket-Space Corporation Energia/Alcatel', 0, '2017-04-12 07:48:56', NULL, NULL, NULL),
(1048, 'Yamal-202', '49,03', 'Russia', 'Rocket-Space Corporation Energia/Alcatel', 0, '2017-04-12 07:48:56', NULL, NULL, NULL),
(1049, 'Yamal-300K', '90', 'Russia', 'OAO Reseteneva', 0, '2017-04-12 07:48:56', NULL, NULL, NULL),
(1050, 'Yamal-402', '55', 'Russia', 'Thales', 0, '2017-04-12 07:48:56', NULL, NULL, NULL),
(1051, 'Yaogan 10', '0', 'China (PR)', 'Shanghai Academy of Satellite Technology (SAST)', 0, '2017-04-12 07:48:56', NULL, NULL, NULL),
(1052, 'Yaogan 11', '0', 'China (PR)', 'Chinese Academy of Space Technology (CAST)', 0, '2017-04-12 07:48:56', NULL, NULL, NULL),
(1053, 'Yaogan 12', '0', 'China (PR)', 'Chinese Academy of Space Technology (CAST)', 0, '2017-04-12 07:48:56', NULL, NULL, NULL),
(1054, 'Yaogan 14', '0', 'China (PR)', 'Chinese Academy of Space Technology (CAST)', 0, '2017-04-12 07:48:56', NULL, NULL, NULL),
(1055, 'Yaogan 15', '0', 'China (PR)', 'Chinese Academy of Space Technology (CAST)', 0, '2017-04-12 07:48:56', NULL, NULL, NULL),
(1056, 'Yaogan 16A', '0', 'China (PR)', 'Chinese Academy of Space Technology (CAST)', 0, '2017-04-12 07:48:56', NULL, NULL, NULL),
(1057, 'Yaogan 16B', '0', 'China (PR)', 'Chinese Academy of Space Technology (CAST)', 0, '2017-04-12 07:48:56', NULL, NULL, NULL),
(1058, 'Yaogan 16C', '0', 'China (PR)', 'Chinese Academy of Space Technology (CAST)', 0, '2017-04-12 07:48:56', NULL, NULL, NULL),
(1059, 'Yaogan 2', '0', 'China (PR)', 'Chinese Academy of Space Technology (CAST)', 0, '2017-04-12 07:48:56', NULL, NULL, NULL),
(1060, 'Yaogan 3', '0', 'China (PR)', 'Shanghai Academy of Satellite Technology (SAST)', 0, '2017-04-12 07:48:56', NULL, NULL, NULL),
(1061, 'Yaogan 4', '0', 'China (PR)', 'Chinese Academy of Space Technology (CAST)', 0, '2017-04-12 07:48:56', NULL, NULL, NULL),
(1062, 'Yaogan 5', '0', 'China (PR)', 'China Aerospace Science and Technology Corp.', 0, '2017-04-12 07:48:56', NULL, NULL, NULL),
(1063, 'Yaogan 6', '0', 'China (PR)', 'Shanghai Academy of Satellite Technology (SAST)', 0, '2017-04-12 07:48:56', NULL, NULL, NULL),
(1064, 'Yaogan 7', '0', 'China (PR)', 'Chinese Academy of Space Technology (CAST)', 0, '2017-04-12 07:48:56', NULL, NULL, NULL),
(1065, 'Yaogan 8', '0', 'China (PR)', 'Shanghai Academy of Satellite Technology (SAST)', 0, '2017-04-12 07:48:56', NULL, NULL, NULL),
(1066, 'Yaogan 9A', '0', 'China (PR)', 'Chinese Academy of Space Technology (CAST)', 0, '2017-04-12 07:48:56', NULL, NULL, NULL),
(1067, 'Yaogan 9B', '0', 'China (PR)', 'Chinese Academy of Space Technology (CAST)', 0, '2017-04-12 07:48:56', NULL, NULL, NULL),
(1068, 'Yaogan 9C', '0', 'China (PR)', 'Chinese Academy of Space Technology (CAST)', 0, '2017-04-12 07:48:56', NULL, NULL, NULL),
(1069, 'Youthsat', '0', 'India', 'Indian Space Research Organization (ISRO)', 0, '2017-04-12 07:48:56', NULL, NULL, NULL),
(1070, 'Yubileiny', '0', 'Russia', 'OAO ISS', 0, '2017-04-12 07:48:56', NULL, NULL, NULL),
(1071, 'Ziyuan 2B', '0', 'China (PR)', 'Chinese Academy of Space Technology (CAST)', 0, '2017-04-12 07:48:56', NULL, NULL, NULL),
(1072, 'Ziyuan 2C', '0', 'China (PR)', 'Chinese Academy of Space Technology (CAST)', 0, '2017-04-12 07:48:56', NULL, NULL, NULL),
(1073, 'ZP-1B', '0', 'China (PR)', 'Zhejiang University', 0, '2017-04-12 07:48:56', NULL, NULL, NULL),
(1074, 'ZP-1C', '0', 'China (PR)', 'Zhejiang University', 0, '2017-04-12 07:48:56', NULL, NULL, NULL),
(1075, 'Zhongxing 10', '110,5', 'China (PR)', 'Chinese Academy of Space Technology (CAST)', 0, '2017-04-12 07:48:56', NULL, NULL, NULL),
(1076, 'Zhongxing 11', '98,2', 'China (PR)', 'Chinese Academy of Space Technology (CAST)', 0, '2017-04-12 07:48:56', NULL, NULL, NULL),
(1077, 'Zhongxing 12', '87,5', 'China (PR)', 'Thales Alenia Space', 0, '2017-04-12 07:48:56', NULL, NULL, NULL),
(1078, 'Zhongxing 1A', '129,84', 'China (PR)', 'Chinese Academy of Space Technology (CAST)', 0, '2017-04-12 07:48:56', NULL, NULL, NULL),
(1079, 'Zhongxing 20A', '130', 'China (PR)', 'Chinese Academy of Space Technology (CAST)', 0, '2017-04-12 07:48:56', NULL, NULL, NULL),
(1080, 'Zhongxing 22A', '103,28', 'China (PR)', 'Chinese Academy of Space Technology (CAST)', 0, '2017-04-12 07:48:56', NULL, NULL, NULL),
(1081, 'Zhongxing 2A', '98', 'China (PR)', 'China Great Wall Industry Corporation (CGWIC)', 0, '2017-04-12 07:48:56', NULL, NULL, NULL),
(1082, 'Zhongxing 9', '92,22', 'China (PR)', 'Thales Alenia Space', 0, '2017-04-12 07:48:56', NULL, NULL, NULL),
(1083, 'Ziyuan 1-02C', '0', 'China (PR)', 'China Academy of Space Technology (CAST)', 0, '2017-04-12 07:48:56', NULL, NULL, NULL),
(1084, 'Ziyuan 3', '0', 'China (PR)', 'China Academy of Space Technology (CAST)', 0, '2017-04-12 07:48:56', NULL, NULL, NULL),
(1085, 'TestSAt', '12.32', 'Maroc', 'Test', 0, '2017-04-12 08:07:32', 1, NULL, NULL);

-- --------------------------------------------------------

--
-- Table structure for table `vsat_stations`
--

CREATE TABLE IF NOT EXISTS `vsat_stations` (
  `id` int(11) NOT NULL AUTO_INCREMENT COMMENT 'ID Systeme',
  `id_perm` int(11) NOT NULL COMMENT 'ID Permissionnaire',
  `nom_station` varchar(60) CHARACTER SET latin1 NOT NULL COMMENT 'nom de la station',
  `ville` int(11) NOT NULL COMMENT 'ville station',
  `longi` varchar(20) CHARACTER SET latin1 NOT NULL COMMENT 'Longitude',
  `latit` varchar(20) CHARACTER SET latin1 NOT NULL COMMENT 'Latitude',
  `marker_id` int(11) DEFAULT NULL COMMENT 'Marqueur dans la map',
  `arch_reseau` varchar(15) CHARACTER SET latin1 NOT NULL COMMENT 'Architecteur reseau',
  `bande_freq` varchar(10) CHARACTER SET latin1 NOT NULL COMMENT 'Band de fréquence',
  `utilisation` varchar(10) CHARACTER SET latin1 NOT NULL COMMENT 'Utilisation de station',
  `pay_materiel` int(11) NOT NULL COMMENT 'Pays de prevenance Matériel',
  `dat_entr_materiel` date NOT NULL COMMENT 'Date d''entrée Matériel',
  `diametre_antenne` varchar(4) CHARACTER SET latin1 NOT NULL COMMENT 'Diamétre de l''antenne',
  `marque_antenne` varchar(25) CHARACTER SET latin1 NOT NULL COMMENT 'Marque d''Antenne',
  `azimut` varchar(10) CHARACTER SET latin1 DEFAULT NULL COMMENT 'Azimuth',
  `tilt` varchar(10) CHARACTER SET latin1 DEFAULT NULL COMMENT 'Inclinaison',
  `polarisation` varchar(15) CHARACTER SET latin1 DEFAULT NULL COMMENT 'Polarisation',
  `marque_radio` varchar(25) CHARACTER SET latin1 NOT NULL COMMENT 'Marque Radio',
  `ns_radio` varchar(20) CHARACTER SET latin1 NOT NULL COMMENT 'NS Radio',
  `tx_freq` varchar(20) CHARACTER SET latin1 NOT NULL COMMENT 'Fréquence TX',
  `marque_lnb` varchar(25) CHARACTER SET latin1 NOT NULL COMMENT 'Marque LNB',
  `ns_lnb` varchar(20) CHARACTER SET latin1 NOT NULL COMMENT 'NS LNB',
  `rx_freq` varchar(20) CHARACTER SET latin1 NOT NULL COMMENT 'Fréquence RX',
  `marque_modem` varchar(25) CHARACTER SET latin1 NOT NULL COMMENT 'Marque Modem',
  `ns_modem` varchar(20) CHARACTER SET latin1 NOT NULL COMMENT 'NS Modem',
  `ip` varchar(20) CHARACTER SET latin1 NOT NULL COMMENT 'IP Publique',
  `cout_mensuel` decimal(10,0) DEFAULT NULL COMMENT 'Coût mensuel abonement',
  `debit_download` decimal(10,0) NOT NULL COMMENT 'Débit download',
  `debit_upload` decimal(10,0) NOT NULL COMMENT 'Débit upload',
  `satellite` int(11) NOT NULL COMMENT 'ID Satellite',
  `hub` int(11) NOT NULL COMMENT 'ID HUB',
  `revendeur` int(11) DEFAULT NULL COMMENT 'ID Revendeur',
  `installateur` int(11) DEFAULT NULL COMMENT 'ID Installateur',
  `etat` int(11) unsigned NOT NULL DEFAULT '0' COMMENT 'etat station',
  `last_visite` date DEFAULT NULL COMMENT 'Dernière visite',
  `pj` int(11) DEFAULT NULL COMMENT 'Formulaire Scanné',
  `pj_images` varchar(30) CHARACTER SET latin1 DEFAULT NULL COMMENT 'Images gallerie',
  `marker_map` int(11) DEFAULT NULL COMMENT 'ID Marker table MAP',
  `remarq` varchar(400) DEFAULT NULL COMMENT 'Remarques',
  `creusr` int(11) NOT NULL COMMENT 'id utilisateur ',
  `credat` datetime NOT NULL DEFAULT CURRENT_TIMESTAMP ON UPDATE CURRENT_TIMESTAMP COMMENT 'Date Insertion',
  `updusr` varchar(25) DEFAULT NULL COMMENT 'Utilisateur update',
  `upddat` datetime DEFAULT NULL COMMENT 'Date modification',
  PRIMARY KEY (`id`),
  KEY `ville` (`ville`),
  KEY `id_permissionaire` (`id_perm`)
) ENGINE=InnoDB  DEFAULT CHARSET=utf8 AUTO_INCREMENT=69 ;

--
-- Dumping data for table `vsat_stations`
--

INSERT INTO `vsat_stations` (`id`, `id_perm`, `nom_station`, `ville`, `longi`, `latit`, `marker_id`, `arch_reseau`, `bande_freq`, `utilisation`, `pay_materiel`, `dat_entr_materiel`, `diametre_antenne`, `marque_antenne`, `azimut`, `tilt`, `polarisation`, `marque_radio`, `ns_radio`, `tx_freq`, `marque_lnb`, `ns_lnb`, `rx_freq`, `marque_modem`, `ns_modem`, `ip`, `cout_mensuel`, `debit_download`, `debit_upload`, `satellite`, `hub`, `revendeur`, `installateur`, `etat`, `last_visite`, `pj`, `pj_images`, `marker_map`, `remarq`, `creusr`, `credat`, `updusr`, `upddat`) VALUES
(1, 9, 'NDJAMENA SIEGE', 43, '15.0352', '12.1135', NULL, 'E', 'C', 'backhaul', 75, '2010-03-01', '3.8', 'Prodelin', '263.1', '-1.5', 'lineaire', 'Terrasat', 'TE5015936', '6076.0692', 'Norsat', '39N089902926', '3862.3606', 'COMTECH', '1023466341', '0.0.0.0', '4360789', '1357', '1334', 457, 1, 1, 1, 0, '2017-03-30', 88, NULL, 61, NULL, 5, '2017-06-05 05:17:00', '1', '2017-05-05 11:43:45'),
(2, 10, 'CBT MOUNDOU', 22, '16.087702', '8.564211', NULL, 'E', 'C', 'backhaul', 75, '2012-08-01', '2.4', 'PRODELIN', '99.8', '19.8', 'Circulaire', 'NJRC', 'A03509D17', '6040.3521', 'NOSRSAT', '21N/34403/28', '3814.6979', 'COMTECH', '0', '0.0.0.0', '0', '192', '138', 694, 5, NULL, NULL, 0, '2017-03-30', 89, NULL, 2, '<p>Pas de Numéros de série Modem; Pas de photos de sites<br></p>', 5, '2017-04-24 12:13:58', '6', '2017-04-19 10:34:04'),
(3, 4, 'SONACIM N''djamena', 43, '15.04932', '12.12853', NULL, 'E', 'KU', 'Internet', 36, '2017-04-10', '1.2', 'New Japan', '260.86', '28.88', '74.98', 'New Japan Radio', 'A2118A18', '1405', 'iDirect', 'A00233A06', '11182.5', 'iDirect', '132349', '213.208.36.137', '0', '256', '128', 965, 7, NULL, NULL, 0, '2017-04-03', 90, '(198,199,200)', 62, '<p>Pas d''infos sur revendeur, ni Installateur<br></p>', 5, '2017-05-05 11:50:32', '4', '2017-05-05 11:50:32'),
(4, 9, 'SGT MOUNDOU', 22, '16.0857277', '8.5642417', NULL, 'E', 'C', 'backhaul', 75, '2010-03-01', '2.4', 'PRODELIN', '265.3', '-1.9', 'Lineaire', 'NJRC', 'A02340C73', '6078.156', 'NORSAT', '39N08990-2091', '3851.0692', 'COMTECH', '101084214', '0.0.0.0', '487114', '185', '130', 457, 2, NULL, NULL, 0, '2017-04-30', 94, NULL, 4, '<p>Pas de photos de sites<br></p>', 5, '2017-04-24 12:13:58', NULL, NULL),
(5, 9, 'SGT KOUMRA', 26, '17.540844', '8.9196528', NULL, 'E', 'C', 'backhaul', 75, '2014-10-01', '2.4', 'PRODELIN', '265.4', '-3.4', 'Lineaire', 'NJRC', 'A02563D38', '6043.4194', 'NORSAT', '3ZN1399000427', '3823.1048', 'COMTECH', '142633800', '0.0.0.0', '318349', '142', '66', 457, 2, NULL, NULL, 0, '2017-03-30', 95, NULL, 5, '<p>pas de photo du site<br></p>', 5, '2017-04-24 12:13:58', NULL, NULL),
(6, 12, 'BIVAC N''DJAMENA', 43, '15.036944', '12.128888', NULL, 'E', 'C', 'Internet', 140, '2008-04-10', '2.4', 'ANDROW', '0', '0', 'LHCP', 'NORSAT', '0000', '7113.2494', 'NORSAT', '00000', '6175.0075', 'iDirect X3', '062031', '0.0.0.0', '0', '512', '128', 65, 8, NULL, NULL, 0, '2017-03-10', 96, '(97,98)', 6, '<p>pas de numéro de série Radio et&nbsp; LNB; il ya d''autre fréquence (up: 3948.2494; down: 6176.0847/3951.0847) pas de IP adress.<br></p>', 5, '2017-04-24 12:13:58', NULL, NULL),
(7, 9, 'SGT-SARH', 32, '18.3857972', '9.1442306', NULL, 'E', 'C', 'backhaul', 75, '2010-03-31', '2.4', 'PRODELIN', '265.5', '-4.3', 'Lineaire', 'NJRC', 'A04478C9X', '6083.3168', 'NORSAT', '39N0899-02939', '3851.0692', 'COMTECH', '101084274', '0.0.0.0', '487114', '185', '130', 457, 2, NULL, NULL, 0, '2017-03-30', 99, NULL, 7, '<p>il ya une deuxieme frequence en down 3823.1048,&nbsp; pas d''adresse IP, pas de photos<br></p>', 6, '2017-04-24 12:13:58', NULL, NULL),
(8, 7, 'GEODIS N''DJAMENA', 43, '15.0394', '12.1203', NULL, 'E', 'C', 'Internet', 228, '2017-04-10', '1.8', 'PRODELIN', '134.6', '70', 'Lineaiore', 'NJRC', 'A00170D06', '6296.878', 'NJS/8476S', 'A04011A04', '4074.75', 'iDirect X3', '042813', '95.128.18.56', '0', '2048', '1024', 65, 4, NULL, NULL, 0, '2017-03-14', 100, '(101,102)', 8, '<p>Pas d''infos pays d''export, revendeur<br></p>', 5, '2017-04-24 12:13:58', NULL, NULL),
(9, 10, 'CBT SIEGE N''DJAMENA', 43, '15.0350', '12.1156', NULL, 'E', 'C', 'backhaul', 75, '2008-08-01', '2.4', 'PRODELIN', '103.2', '17.9', 'Circulaire', 'NJRC', 'A03512D17', '6039.6979', 'NORSAT', '21N134403129', '3814.0575', 'COMTECH', '122570182', '0.0.0.0', '0', '672', '390', 694, 5, NULL, NULL, 0, '2017-03-13', 103, '(195,196,197)', 60, '<p>Pas d''infos du Speed Test et Cout annuel</p><p><br></p>', 5, '2017-05-05 09:35:39', '6', '2017-05-05 09:35:39'),
(10, 9, 'SGT-PALA', 30, '14.929355', '9.3592556', NULL, 'E', 'C', 'backhaul', 75, '2010-10-01', '2.4', 'PRODELIN', '264.6', '-0.7', 'Lineaire', 'NJRC', 'A02564D38', '6078.834', 'NORSAT', '3ZN1399000341', '3851.0692', 'COMTECH', '142633799', '0.0.0.0', '318349', '205', '66', 457, 2, NULL, NULL, 0, '2017-03-30', 107, NULL, 10, '<p>Pas de photo, il ya une fréquence down de plus (3823.1048)&nbsp; et un deuxieme numero de serie pour le modem (142633801)<br></p>', 6, '2017-04-24 12:13:58', NULL, NULL),
(11, 11, 'SaoNet ndjamena1', 43, '15.10057222', '12.0510333', NULL, 'E', 'C', 'Internet', 75, '2014-07-07', '3.8', 'PRODELIN', '109', '0', 'Lineaire', 'xxxxx', 'xxxxx', '4900', 'xxxx', 'xxxxx', '5150', 'DATUMS SYSTEMES', '13073', '185.116.61.245', '0', '22', '3', 2, 10, NULL, NULL, 0, '2017-03-28', 109, NULL, 11, '<p>il n''y a pas la marque radio et LNB ainsi que leurs numéros de série; a defaut du satellite (ABS2) on a choisi (ABS1); pas des photos <br></p>', 6, '2017-04-24 12:13:58', NULL, NULL),
(12, 9, 'SGT Kelo', 44, '15.802425', '9.3002806', NULL, 'E', 'C', 'backhaul', 75, '2013-11-01', '2.4', 'PRODELIN', '264.8', '-1.7', 'LINEAIRE', 'NJRC', 'A01353D18', '6030.3282', 'NORSAT', '32N1377001896', '3851.0692', 'COMTECH', '132608852', '0.0.0.0', '318349', '142', '66', 457, 2, NULL, NULL, 0, '2017-03-30', 110, NULL, 12, '<p>PAS DE PHOTOS DU SITE. ILS UTILISENT DEUX MODEM.<br></p>', 7, '2017-04-24 12:13:58', '5', '2017-04-18 10:46:33'),
(13, 20, 'CST Farcha', 43, '15.0017166666', '12.1243028', NULL, 'E', 'KU', 'Internet', 231, '2013-04-11', '1.8', 'PRODELIN', '213', '73', 'VERTICAL', 'ACTOX', 'ABA6RXF', '13931', 'ACTOX', 'AL30500', '12931', 'IDIRECT X3', '198672', '10.2.40.25', '583801', '2048', '1024', 246, 3, NULL, NULL, 0, '2017-04-05', 111, '(112,113)', 13, '<p>manque capture d''ecran spect test.<br></p>', 7, '2017-04-24 12:13:58', NULL, NULL),
(14, 18, 'Siege ISSEED N''djamena', 43, '15.02272500', '12.1208861', NULL, 'E', 'C', 'Internet', 228, '2000-01-01', '1.8', 'CHANNEL MASTER', '263.1', '21.1', 'RHCP', 'NJT', 'A0188D0Z', '5.850', 'NJTS', 'A02064A0Y', '3.625', 'iDirect', '45679', '213.185.119.117', '0', '1500', '256', 457, 11, NULL, NULL, 0, '2017-03-17', 114, '(115)', 14, '<p>Pas de Photo du Modem ni du Radio, Pas de capture d’écran du Speed test. Bande de frequence Up et pareil pour le Down<br></p>', 5, '2017-04-24 12:13:58', NULL, NULL),
(15, 9, 'SGT ABECHE', 34, '20.8344861', '13.8298167', NULL, 'E', 'C', 'backhaul', 75, '2010-03-01', '2.4', 'PRODELIN', '263.8', '-7.3', 'Lineaire', 'NJRC', 'A0411A', '6083.2444', 'NORSAT', '52N09660249', '3851.0692', 'COMTECH', '52189857', '0.0.0.0', '487114', '185', '130', 457, 6, NULL, NULL, 0, '2017-03-30', 116, NULL, 15, '<p>Pas de photos du site, Utilisation de deux Modems<br></p>', 5, '2017-04-24 12:13:58', NULL, NULL),
(16, 9, 'SGT Mongo', 16, '18.687883', '12.178525', NULL, 'E', 'C', 'backhaul', 75, '2013-11-01', '2.4', 'PRODELIN', '264', '4.7', 'LIneaire', 'NJRC', 'A02338D2Y', '6050.4588', 'NORSAT', '32N13770', '3851.0692', 'COMTECH', '132608856', '0.0.0.0', '174', '107', '66', 457, 6, NULL, NULL, 0, '2017-03-13', 117, NULL, 16, '<p>pas de photos du site, ils utilisent deux MODEMS.<br></p>', 7, '2017-04-24 12:13:58', NULL, NULL),
(17, 9, 'SGT Bongor', 28, '15.3713138', '10.271925', NULL, 'E', 'C', 'backhaul', 75, '2013-11-01', '2.4', 'PRODELIN', '264.2', '-1.3', 'Lineaire', 'NJRC', 'A01357D18', '6043.6242', 'NORSAT', '32N1377', '3851.0692', 'COMTECH', '132608853', '0.0.0.0', '318', '107', '66', 457, 2, NULL, NULL, 0, '2017-03-13', 118, NULL, 17, '<p>&nbsp;pas de photos du site,ils utilisent deux Modem.<br></p>', 7, '2017-04-24 12:13:58', NULL, NULL),
(18, 19, 'MSF SUISSE N''djamena', 43, '15.15', '12.7', NULL, 'E', 'KU', 'Internet', 75, '2013-02-11', '1.8', 'Channel Master', '260', '29.9', 'verticale', 'ku-bande 3w universel', '0015655', '14359.01', 'ku-bande universel PPL LN', '01254', '10969', 'Idirect X3', '139252', '95.128.19.74', '0', '256', '256', 965, 4, NULL, NULL, 0, '2017-04-04', 119, NULL, 18, '<p>pas de photos du site, numéro série Radio,numéro Série LNB et le cout mensuel de service<br></p>', 6, '2017-04-24 12:13:58', NULL, NULL),
(19, 1, 'AFRIJEUX N''djamena', 43, '15.3', '12.5', NULL, 'E', 'KU', 'Internet', 18, '2017-04-12', '1', 'NEWTEK', '175.17', '75.67', 'horizontale', 'NEWTEK', '0000', '29.500', 'NEWTEK', '0000', '11.500', 'NEWTEK', '0000', '0.0.0.0', '250000', '256', '128', 225, 13, NULL, NULL, 0, '2017-03-20', 120, '(121,122)', 19, 'Pas du numero de serie, modem, LNB<br>', 5, '2017-04-24 12:13:58', NULL, NULL),
(20, 19, 'MSF BAGASSOLA', 20, '14.31', '13.53', NULL, 'E', 'KU', 'Internet', 75, '2016-02-01', '1.8', 'Channel Master', '259', '28.8', 'verticale', 'Universal', '0048', '14359.01', 'Universal', '0019', '10969', 'iDirect X3', '200986', '95.128.20.202', '0', '1024', '128', 965, 4, NULL, NULL, 0, '2017-03-14', 123, NULL, 20, '<p>Pas de photos du site, pas du numéro série Radio LNB, pas cout mensuel<br></p>', 5, '2017-04-24 12:13:58', NULL, NULL),
(21, 19, 'MSF BOL', 20, '14.70773611', '13.4705528', NULL, 'E', 'KU', 'Internet', 75, '2016-02-01', '1.8', 'Channel Marster', '256', '28.8', 'verticale', 'Universal', '0000', '14359.01', 'Universal', '0000', '109.69', 'iDirect X3', '132645', '95.128.19.238', '0', '1024', '128', 965, 4, NULL, NULL, 0, '2017-03-14', 124, NULL, 21, '<p>Pas de photos du site,coordonnées no precis ,pas de cout mensuel,pas du numéro série<br></p>', 5, '2017-04-24 12:13:58', NULL, NULL),
(22, 20, 'CST BANDA', 32, '15.63', '12.26', NULL, 'E', 'KU', 'Internet', 231, '2017-04-12', '1.8', 'Prodelin', '213', '73', 'verticale', 'ACTOX', 'ABA65RXF', '13.931', 'ACTOX', 'AL30500', '12.931', 'iDirect ', '198461', '10.2.40.17', '583801', '2048', '1024', 246, 3, NULL, NULL, 0, '2017-03-15', 125, NULL, 22, '<p>Pas de photos du site, pas de date d’entrée <br></p>', 5, '2017-04-24 12:13:58', NULL, NULL),
(23, 25, 'SIEGE BAC N''DJAMENA', 43, '15.0557', '12.1348', NULL, 'E', 'C', 'Internet', 75, '2015-12-12', '2.4', 'PROTOTYPE', '264', '21', 'Lineaire', 'NORSAT', 'A0274304X', '6031.7059', 'NORSAT', 'N13000F-G', '3803.5598', 'COMTECH', 'CDM570L1P0-2056', '172.24.24.1', '0', '640', '384', 457, 6, NULL, NULL, 0, '2017-03-22', 131, '(132,133,134)', 23, '<p>Pas d''infos sur le cout mensuel<br></p>', 5, '2017-04-24 12:13:58', NULL, NULL),
(24, 22, 'MSF SIEGE N''DJAMENA', 43, '15.04805555', '12.1313889', NULL, 'E', 'KU', 'Internet', 75, '2014-06-01', '1.8', 'CHANNEL MASTER', '260.9', '28.9', 'Lineaire', 'NORSAT', 'XXXXXX', '1375.145', 'PLL LNP 3W', '3W', '1770.127', 'iDIRECT', '160343', '0.0.0.0', '0', '512', '128', 965, 4, NULL, NULL, 0, '2017-03-14', 135, NULL, 24, '<p>Pas de photos du site, pas d''infos sur marque radio, série radio, marque LNB, série LNB et IP/Mask ni sur le cout mensuel<br></p>', 5, '2017-04-24 12:13:58', NULL, NULL),
(25, 22, 'MSF HOLL AMTIMAN1', 36, '20.282777', '11.0297222', NULL, 'E', 'C', 'Internet', 75, '2014-06-01', '1.8', 'Channel Master', '263.15', '23.52', 'lineaire', 'xxxxxx', 'xxxxxx', '13.75', 'PLLLNB 3W', 'xxxxxx', '10.70', 'iDirect', '62422', '95.128.19.109', '0', '256', '64', 965, 4, NULL, NULL, 0, '2017-04-12', 136, NULL, 25, '<p>pas de photo, pas de numero de serie radio et LNB ni marque Radio, utilise une 2ème fréquence (up: 14.5GHz; down: 11.70GHz) pas d''info sur le revendeur, bande Ku au lieu de bandeC<br></p>', 6, '2017-04-24 12:13:58', '6', '2017-04-19 11:07:36'),
(26, 22, 'MSF HOLLANDE AMTIMANE 2', 36, '20.282777', '11.029722', NULL, 'E', 'KU', 'Internet', 75, '2016-11-01', '1.8', 'Channrl Master', '136.708', '23.52', 'Lineaire', 'XXXX', 'XXXX', '10.70', 'PLL LNB 3W', 'XXXX', '13.75', 'IDirect', '160561', '95.128.19.36', '0', '512', '128', 965, 4, NULL, NULL, 0, '2017-04-12', 137, NULL, 26, '<p>Pas de photo,pas de marque et numero de serie Radio ni numero de serie LNB,utilise une 2eme frequence (up:14.5GHz;dwn 11.70/12.75GHz)<br></p>', 6, '2017-04-24 12:13:58', NULL, NULL),
(27, 26, 'BSIC Siège N''DJAMENA', 43, '15.038333', '12.122500', NULL, 'E', 'C', 'backhaul', 75, '2005-08-03', '2.4', 'PRODELINE', '253.7', '45.20', 'circulaire', 'xxxxx', 'xxxxx', '6168.092', 'Norsat', '38N1391030936', '3957.6907', 'COMTECH', '041743406', '172.24.217.41', '0', '415', '280', 859, 14, NULL, NULL, 0, '2017-04-18', 139, '(201)', 63, '<p>pas de numero serie ni marque radio (BUC), photo a compressé et chargé<br></p>', 6, '2017-05-05 11:52:42', '4', '2017-05-05 11:52:42'),
(28, 17, 'Vsat Hôtel residence', 43, '15.034538', '12.124978', NULL, 'E', 'C', 'Internet', 84, '2017-04-19', '1.8', 'NJR', '237.17', '64.69', 'lineaire', 'NJR', 'NJT56669F', '5981.3', 'NJR', 'NJS8487H', '3759.7', 'ROMANTIS', 'UHP1000066156', '203.202.231.97', '4200000', '4', '128', 3, 9, NULL, NULL, 0, '2017-04-14', 140, NULL, 59, '<p>pays export materiel allemagne pris par manque d''info, polarisation lineaire pris par manque d''info, photo à charger du phone, satellite ABS1A pris par manque du satellite ABS3A dans l''application.<br></p>', 6, '2017-05-04 11:23:02', '6', '2017-05-04 11:23:02'),
(29, 26, 'Vsat BSIC Moundou', 22, '16.08609', '8.567794', NULL, 'E', 'C', 'backhaul', 75, '2012-01-20', '2.4', 'PRODELINE', '258.7', '16', 'circulaire', 'xxxxx', 'xxxxx', '6057.2006', 'Norsat', '21N134403145', '3943.092', 'Comtech', '041743383', '172.24.217.113', '0', '415', '90', 859, 14, NULL, NULL, 0, '2017-04-14', 141, NULL, 29, '<p>pas de marque ni numero serie radio, pas de photo du site<br></p>', 6, '2017-04-24 12:13:58', '6', '2017-04-19 13:13:50'),
(30, 26, 'Vsat BSIC BOL', 20, '14.76705', '13.47356', NULL, 'E', 'C', 'backhaul', 75, '2016-11-15', '2.4', 'PRODELINE', '251.8', '45.06', 'circulaire', 'xxxxx', 'xxxxx', '6055.8552', 'Norsat', '61N1444010822', '3943.092', 'Comtech', '161932515', '172.24.217.121', '0', '415', '90', 859, 14, NULL, NULL, 0, '2017-04-14', 142, NULL, 30, '<p>pas d''information sur la marque ni le numero serie radio, pas de photo du site<br></p>', 6, '2017-04-24 12:13:58', NULL, NULL),
(31, 8, 'ISLAMIC RELIEF N''DJAMENA', 43, '15.039', '12.1200', NULL, 'E', 'KU', 'Internet', 37, '2000-04-20', '1.80', 'PRODLINE', '260.84', '28.86', 'LINEAIRE', 'PRODELINE', 'XXX', '14000', 'PRODELINE', 'XXX', '19950', 'iDIRECT', 'XXX', '0.0.0.0', '0', '128', '64', 965, 7, NULL, NULL, 0, '2017-03-14', 143, NULL, 31, 'Vsat en arret, Pas de photo de site et infos incomplet<br>', 5, '2017-04-24 12:13:58', NULL, NULL),
(32, 4, 'SONACIM PALA', 30, '14.9', '9.36', NULL, 'E', 'KU', 'Internet', 36, '2008-04-20', '1.2', 'ANDREW', '262.86', '29.46', '78.35', 'iDIRECT', 'A07937B15', '15050', 'iDIRECT', 'A08982A15', '111825', 'iDIRECT X3', '85861', '213.208.33.235', '0', '256', '128', 965, 7, NULL, NULL, 0, '2017-03-16', 144, NULL, 32, '<p>Pas de photos du site<br></p>', 5, '2017-04-24 12:13:58', NULL, NULL),
(33, 2, 'PAON/FED N''DJAMENA', 43, '15.031336', '12.122236', NULL, 'E', 'C', 'Internet', 84, '2006-04-20', '1.8', 'PRODELINE', '110', '51.59', 'LINEAIRE', 'PRODELINE', 'XXXX', '4900', 'NEW JAPAN', 'XXX', '5150', 'NEW JAPAN', '10042', '0.0.0.0', '0', '256', '128', 17, 1, NULL, NULL, 0, '2017-03-21', 145, '(146,147,148)', 33, '<p>Pas d''infos sur cout annuel<br></p>', 5, '2017-04-24 12:13:58', NULL, NULL),
(34, 9, 'DGT DOBA', 24, '16.849998', '8.6599944', NULL, 'E', 'C', 'backhaul', 75, '2010-03-01', '2.4', 'PRODELINE', '264.4', '-2.7', 'LINEAIRE', 'NJRC', 'A02360C73', '6086.044', 'NORSAT', '39N090100618', '3851.0692', 'COMTECH', '101084216', '0.0.0.0', '487114', '185', '130', 457, 2, NULL, NULL, 0, '2017-03-23', 149, NULL, 34, '<p>Pas de photos du sites<br></p>', 5, '2017-04-24 12:13:58', NULL, NULL),
(35, 9, 'SGT MOUSSORO', 10, '16.49194166', '13.6431639', NULL, 'E', 'C', 'backhaul', 75, '2010-03-01', '2.4', 'PRODELINE', '261.5', '-2.9', 'LINEAIRE', 'NJRC', 'A12684D42', '6043.0039', 'NORSAT', '46SN3617001862', '3851.0692', 'COMTECH', '152651711', '0.0.0.0', '174039', '142', '66', 457, 2, NULL, NULL, 0, '2017-03-13', 150, NULL, 35, '<p>Pas de photos du site<br></p>', 5, '2017-04-24 12:13:58', NULL, NULL),
(36, 24, 'HUAWEI N''DJAMENA', 43, '14.89', '12.13', NULL, 'E', 'C', 'Internet', 196, '2015-04-20', '2.4', 'PRODELINE', '173.8', '51.44', '78.6', 'NOVELSAT', 'XXX', '6339.950', 'NORSAT', '3YN1395001357', '4114.950', 'NOVELSAT', '3005140022', '37.208.62.13', '450000', '128', '64', 17, 11, NULL, NULL, 0, '2017-03-16', 151, NULL, 36, '<p>Pas de photos du site<br></p>', 5, '2017-04-24 12:13:58', NULL, NULL),
(37, 28, 'Delegation CICR N''djamena A1', 43, '15.05', '12.07', NULL, 'E', 'C', 'backhaul', 210, '2013-12-24', '2.4', 'PRODELIN/USA', '123', '67.1', 'Circulaire', 'TERRASAT', 'TE70/0148', '6.39175', 'NORSAT3120F', '35N1383001503', '4.16675', 'IDIRECT X3', '163815', '0.0.0.0', '0', '1024', '512', 3, 8, NULL, NULL, 0, '2017-04-24', 154, '(202,203,204)', 64, '<p>ABS5A est remplace par ABS1A,le cout mensuel de service est régularisé par le siégé.<br></p>', 7, '2017-05-05 11:59:05', '4', '2017-05-05 11:59:05'),
(38, 28, 'Delegation CICR N''djamena A2', 43, '15.02', '12.07', NULL, 'E', 'C', 'Internet', 210, '2018-03-01', '1.8', 'PRODELIN/USA', '229', '75.51', 'Circulaire', 'TERRASAT', 'TE7010152', '6.33012', 'NORSAT 3020E', '35N12383001504', '4.00512', 'IDIRECT X3', '163323', '0.0.0.0', '0', '2048', '512', 237, 6, NULL, NULL, 0, '2017-04-24', 158, '(205,206,207)', 38, '<p>le cout mensuel de service est un contrat globale régularisé par le siégé.<br></p>', 7, '2017-05-05 11:59:58', '4', '2017-05-05 11:59:58'),
(39, 9, 'N''djamena DRS', 43, '15.0505416', '12.1142833', NULL, 'E', 'C', 'backhaul', 75, '2012-08-01', '3.8', 'PRODELIN', '263.1', '-1.1', 'Linéaire', 'TERRASAT', 'TE5020250', '6030.8251', 'NORSAT', '7XN115214', '3862.3606', 'COMTECH', '122573451', '0.0.0.0', '223', '360', '30', 457, 2, NULL, NULL, 0, '2017-03-13', 162, NULL, 39, '<p>Pas de photo du site .<br></p>', 7, '2017-04-24 16:31:11', NULL, NULL),
(40, 9, 'SGT N''djamena NIMERY', 43, '15.0505416', '12.1142833', NULL, 'E', 'C', 'backhaul', 75, '2007-10-01', '3.8', 'PRODELIN', '127.3', '44.5', 'CIRCULAIRE', 'TERRASAT', 'TE5015935', '6304.6109', 'NORSAT', '71N11231380', '4069.3413', 'COMTECH', '72307858', '0.0.0.0', '592592', '170', '170', 65, 8, NULL, NULL, 0, '2017-03-13', 163, NULL, 57, '<p>Pas de photos du site.<br></p>', 5, '2017-05-04 11:01:07', '6', '2017-05-04 11:01:07'),
(41, 5, 'HYDROCARBON N''DJAMENA', 43, '15.0405305', '12.13183', NULL, 'M', 'C', 'Internet', 231, '2014-03-21', '2.4', 'PRODELIN', '127.1', '67.1', 'RHCP/Cross', 'ELSAT10XC', '72920', '6903.017', 'JAPAN', 'A00858A14', '4769', 'iDIRECT X5', '154817', '212.21.44.17', '0', '6144', '2048', 65, 12, NULL, NULL, 0, '2017-03-31', 164, '(165,166,167)', 41, '<p>Satellite ARABESAT 5A remplacé par ARABSAT 5C. Pas d''infos sur le cout Mensuel<br></p>', 5, '2017-04-25 11:29:10', NULL, NULL),
(42, 5, 'HYDROCARBONE BELANGA', 24, '16.240611', '8.7024167', NULL, 'M', 'C', 'Internet', 231, '2013-12-27', '2.4', 'PRODELIN', '120.8', '70.4', 'RHCP/Cross', 'ELSAT10XC', '72840', '68951.7838', 'JAPAN', 'A00736A13', '4679', 'iDIRECT X5', '134006', '212.21.45.65', '0', '3072', '1024', 65, 12, NULL, NULL, 0, '2017-03-31', 168, NULL, 42, '<p>Pas de Photos du site, pas d''infos cout mensuel, Satellite ARABESAT 5A remplacer par ARABESAT 5C. Ville Belanga pas dans le systeme, Doba fait office de remplacement de la ville du site<br></p>', 5, '2017-04-25 11:49:34', NULL, NULL),
(43, 29, 'BOLLORE N''DJAMENA', 43, '15.04166', '12.110333', NULL, 'E', 'C', 'Internet', 36, '2013-04-01', '2.4', 'PRODELIN', '254.4', '45.12', 'Circulaire', 'Norsat', 'xxxxx', '585000', 'NJRC', 'xxxxx', '362000', 'iDIRECT', '160236', '212.96.31.217', '0', '128', '128', 693, 15, NULL, NULL, 0, '2017-04-26', 172, NULL, 45, '<p>photo pas encore filmé, pas de numero serie radio et LNB, a defaut de NEWSKIES on a choisi NSS11, pas de capture d''ecran du speed test<br></p>', 6, '2017-04-26 15:59:02', '6', '2017-04-26 15:59:02'),
(44, 31, 'CFE N''djamena', 43, '15.04967', '12.113056', NULL, 'E', 'C', 'Internet', 18, '2010-05-03', '2.4', 'PRODELINE', '260.9', '28.9', 'HORIZONTALE', 'PRODELINE', 'XXXXXXXXX', '6271.7720', 'PRODELINE', 'XXXXXXXXXX', '4046.4975', 'COMTECH', 'COM570L', '0.0.0.0', '0', '512', '256', 692, 5, NULL, NULL, 0, '2017-05-03', 177, NULL, 46, '<p>Reste Photos du site et pas d''infos sur les Numéros série du LNB et Radio<br></p>', 5, '2017-05-03 14:58:48', NULL, NULL),
(45, 32, 'Air France Aéropport', 43, '15.033897', '12.1292472', NULL, 'E', 'C', 'backhaul', 231, '2009-06-02', '2.4', 'PRODELIN', '254.4', '45.2', 'Circulaire', 'NJRC', 'A05108C79', '6136.076', 'NORSAT', '7XN11383358', '3917.088', 'iDIRECT', '112588', '255.255.255.128', '0', '256', '128', 859, 17, NULL, NULL, 0, '2017-05-02', 178, NULL, 53, '<p>pas de photo pour vsat aeropport, pas d''adresse IP<br></p>', 6, '2017-05-03 15:57:23', '6', '2017-05-03 15:57:23'),
(46, 33, 'SIEGE ECOBANK 2', 43, '12.1348457', '15.0557415000', NULL, 'E', 'C', 'backhaul', 75, '2010-05-03', '2.4', 'PRODELIN', '161.86', '71.46', 'HORIZONTALE', 'TERRASAT', 'TE5021004', '6280.8960', 'NORSAT', 'XXXXXXXX', '4011.00', 'iDIRECT', '060287', '0.0.0.0', '0', '128', '128', 48, 16, NULL, NULL, 0, '2017-05-03', 182, '(183,184,185,186)', 50, '<p>Pas d''infos sur le cout annuel et pas d''infos sur numéro série du LNB<br></p>', 5, '2017-05-03 15:41:51', NULL, NULL),
(47, 33, 'Ecobank Ndjamena siege1', 43, '15.03584722', '12.117566', NULL, 'E', 'C', 'backhaul', 75, '2017-05-03', '3.4', 'ANDREW', '259.8', '32.0', 'LINEAIRE', 'TERRASAT', 'TE5017366', '1185.5233', 'NORSAT', 'OXN129104416', '0950.000', 'COMTECH', '102494321', '172.17.25.18', '0', '256', '256', 481, 2, NULL, NULL, 0, '2017-05-02', 188, '(189,190,191)', 52, '<p>pas le pays d''export du materiel, on inscrit france a defaut et la date du 03/05/2017<br></p>', 6, '2017-05-03 15:56:29', NULL, NULL),
(48, 33, 'ECOBANK SARH', 32, '18.231415', '9.085755', NULL, 'E', 'C', 'backhaul', 75, '2017-05-04', '2.4', 'PRODELIN', '263.15', '29.02', 'Lineaire', 'TERRASAT', 'TE5017382', '1411.8990', 'NORSATE', '0XN129104425', '1185.5233', 'COMTECH', '102497035', '172.17.25.67', '0', '128', '128', 481, 2, NULL, NULL, 0, '2017-04-27', 192, NULL, 54, '<p>Pas de photos , pas cout mensuel, pays export materiel France par defaut<br></p>', 6, '2017-05-04 10:09:30', NULL, NULL),
(49, 33, 'ECOBANK PALA', 30, '14.90215833', '9.3674417', NULL, 'E', 'C', 'backhaul', 75, '2017-05-04', '2.4', 'PRODELIN', '262.06', '32.65', 'Circulaire', 'TERRASAT', 'TE5017384', '1186.2167', 'NORSAT', 'OXN129104420', '1187.1434', 'COMTECH', '102494319', '172.17.25.51', '0', '128', '128', 481, 2, NULL, NULL, 0, '2017-04-27', 193, NULL, 55, '<p>Pas de photos,pas cout mensuel,pays par defaut export materiel France<br></p>', 6, '2017-05-04 10:26:48', NULL, NULL),
(50, 33, 'ECOBANK ABECHE', 34, '20.830263', '13.8295167', NULL, 'E', 'C', 'backhaul', 75, '2017-05-04', '2.4', 'PRODELIN', '260.61', '25.73', 'Circulaire', 'TERRASAT', 'TE5017386', '1188.7011', 'NORSAT', 'OXN129104096', '1185.5233', 'COMTECH', '102494324', '172.17.25.35', '0', '128', '128', 481, 2, NULL, NULL, 0, '2017-04-27', 194, NULL, 56, '<p>Pas de photos, pas cout mensuel, pays par defaut export materiel France<br></p>', 6, '2017-05-04 10:44:37', NULL, NULL),
(51, 35, 'SOTEC N''djamena', 43, '15.021151', '12.143577', NULL, 'E', 'KU', 'Internet', 75, '2015-10-15', '1.8', 'XXXXXXXXXXXXX', '175', '75.69', 'XXXXXXXXXXXXX', 'XXXXXXXXX', 'XXXXXXXXX', '11.3', 'XXXXXXXXX', 'XXXXXXXXX', '9.75', 'NEWTEC', '00004766', '0.0.0.0', '0', '256', '128', 223, 18, 1, 1, 0, '2017-05-05', 209, '(212,213)', NULL, '<p>Pas marque numéro série Radio et LNB.<br></p>', 7, '2017-05-08 10:37:18', '5', '2017-05-08 10:37:17'),
(52, 35, 'SOTEC DANDI', 43, '14.6719066', '12.8006013', NULL, 'E', 'KU', 'Internet', 75, '2015-10-15', '1.8', 'NEWTEC', '174.03', '74.89', 'XXXXX', 'XXXXXXX', 'XXXXXXX', '11300', 'XXXX', 'XXXXX', '9750', 'XXXXX', 'XXXXX', '0.0.0.0', '0', '256', '128', 223, 18, 1, 1, 0, '2017-05-05', 214, NULL, NULL, '<p>Pas photos du site,numero serie et marque : radio,modem,LNB,polarisation, pas d''adresse IP.<br></p>', 5, '2017-05-08 10:47:55', NULL, NULL),
(53, 36, 'vsat HIAS ', 43, '15.051102', '12.133313', NULL, 'E', 'KU', 'Internet', 75, '2017-05-10', '1.2', 'Prodelin', '99.67', '30.48', 'verticale', 'HughesKu-2W', '2423201', '10.95', 'HughesUniversal', '2423201', '12.75', 'HughesHx90', '2423201', '10.128.23.0', '0', '2115', '528', 460, 19, NULL, NULL, 0, '2017-05-09', 220, '(227,228,229)', NULL, '<p>Afrique du Sud comme pays d''importation par defaut<br></p>', 6, '2017-05-11 11:30:56', '4', '2017-05-11 11:30:56'),
(54, 37, 'WVI LAI', 43, '16.28', '9.41', NULL, 'E', 'C', 'Internet', 231, '2010-05-11', '2.4', 'djsfdjf', '252', '39.86', 'Circulaire', 'hdsdsf', 'dskf256', '4900', 'PLL LNB', 'GJGDF485', '5150', 'Idirect', 'dhfds532', '10.235.50.1', '0', '256', '128', 468, 2, NULL, NULL, 0, '2017-03-24', 225, NULL, NULL, 'Pas de photos de site, cout mensuel,marque radio ,numéro série radio,numéro série modem,pays export matériel et pas de date d’entrée.<br>', 7, '2017-05-11 11:33:25', '4', '2017-05-11 11:33:25'),
(55, 37, 'WVI BAGASSOULA', 20, '16.3686111', '14.8091667', NULL, 'E', 'C', 'Internet', 231, '2010-05-11', '2.4', 'hdshd', '256.98', '33.19', 'Circulaire', 'fjdhfjd', '00000', '4900', 'ffdnfdn', '0000', '5150', 'Idirectx3', '205662', '10.235.61.1', '0', '256', '128', 468, 2, NULL, NULL, 0, '2017-03-16', 226, NULL, NULL, '<p>Pas de photos de site,cout mensuel, pays export matériel,numéro serie radio,marque radio , marque LNB et numéro série LNB.<br></p>', 7, '2017-05-11 11:34:16', '4', '2017-05-11 11:34:16'),
(56, 37, 'WVI Koumra', 26, '17.53', '8.91', NULL, 'E', 'C', 'Internet', 231, '2010-05-11', '2.4', 'CHANEL MASTER', '262.34', '33.12', 'Circulaire', 'hjgjfdjfk', '00000', '4900', 'PLL LNB', '00000', '5150', 'Idirectx3', '00000', '10.235.40.1', '0', '256', '128', 468, 2, NULL, NULL, 0, '2017-03-16', 230, NULL, NULL, '<p>Pas de photos de site,cout mensuel,numero serie radio, numero serie LNB,numero serie modem.<br></p>', 7, '2017-05-11 12:05:20', '4', '2017-05-11 12:05:20'),
(57, 37, 'WVI DOBA', 24, '16.83', '8.66', NULL, 'E', 'C', 'Internet', 231, '2010-05-11', '2.4', 'CHANNEL MASTER', '262.37', '33.90', 'Circulaire', 'hjghbj', '0000', '4900', 'PLL LNB', '0000', '5150', 'Idirectx3', '11709', '10.235.30.1', '0', '256', '128', 468, 2, NULL, NULL, 0, '2017-03-16', 231, NULL, NULL, '<p>Pas de photos de site,numéro série radio, marque radio,cout mensuel,numero serie LNB.<br></p>', 7, '2017-05-11 12:06:04', '4', '2017-05-11 12:06:04'),
(58, 37, 'WVI Moundou', 22, '16.05', '8.55', NULL, 'E', 'C', 'Internet', 231, '2010-05-11', '2.4', 'FGDGKJKL', '262.26', '34.75', 'Circulaire', 'jfjdhfjhf', '00000', '4900', 'PLL LNB', '00000', '5150', 'Idirectx3', '00000', '10.235.10.1', '0', '256', '128', 468, 2, NULL, NULL, 0, '2017-03-16', 232, NULL, NULL, '<p>Pas de photos de site, cout mensuel, marque radio et numéro série ,numéro série modem.<br></p>', 7, '2017-05-11 12:06:48', '4', '2017-05-11 12:06:48'),
(59, 37, 'WVI GUELENDENG', 43, '15.53', '10.91', NULL, 'E', 'C', 'Internet', 231, '2010-05-11', '2.4', 'DJHFDFHD', '260', '34.91', 'Circulaire', 'fdkjfhdsj', '00000', '4900', 'PLL LNB', 'A00844A09', '5150', 'Idirectx3', '055458', '10.235.20.1', '0', '256', '128', 468, 2, NULL, NULL, 0, '2017-03-16', 233, NULL, NULL, '<p>Pas de photos de site,cout mensuel, numéro série radio,marque radio.<br></p>', 7, '2017-05-11 12:07:42', '4', '2017-05-11 12:07:42'),
(60, 37, 'WVI N''DJAMENA', 43, '15.05', '12.08', NULL, 'E', 'C', 'Internet', 231, '2010-05-11', '2.4', 'NJT5669F', '258.96', '34.71', 'Circulaire', 'NJT5669F', 'A10624C95', '4900', 'PLL LNB', 'A03103A24', '5150', 'Idirectx3', '176867', '10.235.1.1', '0', '256', '128', 468, 2, NULL, NULL, 0, '2017-03-16', 234, NULL, NULL, '<p>Pas de photos de site, cout mensuel.<br></p>', 7, '2017-05-11 12:41:46', '4', '2017-05-11 12:41:46'),
(61, 10, 'CBT ABECHE', 34, '20.83082777', '13.829377', NULL, 'E', 'C', 'backhaul', 75, '2012-08-01', '2.4', 'PRODELIN', '108.1', '23.4', 'Circulaire', 'NJRC', 'A33511D17', '6039.0575', 'Norsat', '21N134403127', '3814.3234', 'COMTECH', '122570185', '0.0.0.0', '0', '256', '128', 694, 5, NULL, NULL, 0, '2017-03-13', 235, NULL, NULL, '<p>Pas de photos de site, cout mensuel, IP.<br></p>', 7, '2017-05-11 12:43:26', '4', '2017-05-11 12:43:26'),
(62, 9, 'SGT N''djamena passif', 43, '15.0505416', '12.1142833', NULL, 'E', 'C', 'backhaul', 75, '2012-08-01', '3.8', 'PRODELIN', '3.8', '-1.1', 'Lineaire', 'Terrasat', 'TE5020250', '6030.82512', 'NORSAT', '7XN11521414', '3863.606', 'COMTECXH', '122573451', '0.0.0.0', '223', '256', '30', 457, 2, NULL, NULL, 0, '2017-03-13', 236, NULL, NULL, 'pas de photos du site.<br>', 7, '2017-05-11 12:52:30', NULL, NULL),
(63, 30, 'PETROCHAD MANGARA', 22, '15.910519', '8.985097', NULL, 'E', 'C', 'backhaul', 75, '2017-05-22', '3.5', 'PRODELINE', '167', '78.40', 'N/A', 'COMTECH', '122556513', '4900', 'NORSAT', '26N135904168', '5150', 'NEWTECH', '40002100', '0.0.0.0', '0', '2', '2', 65, 20, NULL, NULL, 0, '2017-05-22', 283, NULL, NULL, '<p>Pas de photos du sites, pas d''infos du cout mensuel et pas d''adresse IP, nom du site MANGARA, Moundou est pris par défaut<br></p>', 5, '2017-05-22 12:27:23', '6', '2017-05-22 12:27:23'),
(64, 30, '    PETROCHAD Ndjamena', 43, '15.037008', '12.120403', NULL, 'E', 'C', 'backhaul', 75, '2010-05-22', '2.4', 'PRODELIN', '2.4', '74.63', 'N/A', 'Norsat', 'XXXXXXXXXX', '1451.3914', 'NORSAT', '11071N2020401008', '1130', 'NEWTECH', 'XXXXXXXXXX', '0.0.0.0', '0', '2', '2', 65, 9, NULL, NULL, 0, '2017-05-19', 284, '(285,286,287)', NULL, '<p>pas de marque radio,numéro de série radio,numéro série modem,adresse IP et opérateur MARLINK est remplace par ABS.<br></p>', 7, '2017-05-22 12:01:18', NULL, NULL),
(65, 30, 'Vsat Badila PETROCHAD', 24, '16.338055', '8.354167', NULL, 'E', 'C', 'backhaul', 75, '2017-05-22', '3.8', 'PRODELIN1355', '155.5', '79.28', 'N/A', 'COMTECH', '1225565112', '4900', 'NORSAT', '26N135904166', '5150', 'NEWTECCH', '40002102', '0.0.0.0', '0', '2', '2', 65, 20, NULL, NULL, 0, '2017-05-19', 288, NULL, NULL, '<p>Pas de photo, ville de station BADILA, DOBA est pris par défaut.<br></p>', 6, '2017-05-22 12:29:30', '6', '2017-05-22 12:29:30'),
(66, 39, 'ACF MAO BASE', 18, '15.30925', '14.133889', NULL, 'E', 'KU', 'Internet', 75, '2013-02-07', '0.5', 'NEWTEC', '175', '76', 'VERTICAL', 'NEWTEC', 'XXXXXX', '12.6867500', 'NEWTEC', '005659', '10.8040000', 'NEWTEC', '331434000010', '41.78.97.84', '700000', '512', '256', 225, 18, NULL, NULL, 0, '2017-05-25', 298, NULL, NULL, '<p>Pas de photos du sites,<br></p>', 5, '2017-05-26 10:39:09', '5', '2017-05-26 10:39:09'),
(67, 39, 'ACF MOUSSORO', 10, '16.4939611', '13.4739444', NULL, 'E', 'KU', 'Internet', 75, '2013-02-07', '0.5', 'NEWTEC', '175', '76', '1', 'NEWTEC', 'XXXXXXX', '12.6867500', 'NEWTEC', 'TD211/005210', '10.8040000', 'NEWTEC', '311230400004', '41.78.97.226', '700000', '512', '256', 225, 18, NULL, NULL, 0, '2017-05-25', 299, NULL, NULL, 'Pas de photos du sites<br>', 5, '2017-05-26 10:38:00', NULL, NULL),
(68, 39, 'ACF BAGASOLA BASE', 20, '13.539075', '14.322672', NULL, 'E', 'KU', 'Internet', 75, '2013-02-07', '0.5', 'NEWTEC', '175', '76', '1', 'NEWTEC', 'XXXXXX', '12.68675000', 'NEWTEC', 'TD211/005660', '10.8040000', 'NEWTEC', '3112234000395', '41.76.96.55', '700000', '512', '256', 225, 18, NULL, NULL, 0, '2017-05-25', 300, NULL, NULL, '<p>Pas de photos du sites<br></p>', 5, '2017-05-26 10:45:18', NULL, NULL);

-- --------------------------------------------------------

--
-- Stand-in structure for view `v_count_station_each_tech`
--
CREATE TABLE IF NOT EXISTS `v_count_station_each_tech` (
`TABLE_NAME` varchar(64)
,`TABLE_ROWS` bigint(21) unsigned
);
-- --------------------------------------------------------

--
-- Stand-in structure for view `v_count_s_vsat_per_cat_perm`
--
CREATE TABLE IF NOT EXISTS `v_count_s_vsat_per_cat_perm` (
`name` varchar(25)
,`y` bigint(21) unsigned
,`nbr` bigint(21)
);
-- --------------------------------------------------------

--
-- Structure for view `secteur_gsm_by_technologie`
--
DROP TABLE IF EXISTS `secteur_gsm_by_technologie`;

CREATE ALGORITHM=UNDEFINED DEFINER=`root`@`localhost` SQL SECURITY DEFINER VIEW `secteur_gsm_by_technologie` AS (select distinct `g`.`id_technologie` AS `id_technologie`,`s`.`id` AS `id`,`s`.`libelle` AS `libelle`,`s`.`etat` AS `etat` from (`secteurs` `s` join `gsm_secteur` `g`) where (not(`s`.`id` in (select `gg`.`num_secteur` from `gsm_secteur` `gg` where (`gg`.`id_technologie` = `g`.`id_technologie`)))) order by 1);

-- --------------------------------------------------------

--
-- Structure for view `technologie_gsm_by_station`
--
DROP TABLE IF EXISTS `technologie_gsm_by_station`;

CREATE ALGORITHM=UNDEFINED DEFINER=`root`@`localhost` SQL SECURITY DEFINER VIEW `technologie_gsm_by_station` AS (select `g`.`id` AS `id_site`,`t`.`id` AS `id`,`t`.`libelle` AS `libelle`,`t`.`etat` AS `etat` from (`technologies_gsm` `t` join `gsm_stations` `g`) where (((`t`.`libelle` = convert(if((`g`.`tech_2g` = 1),'2G',NULL) using utf8)) or (`t`.`libelle` = convert(if((`g`.`tech_3g` = 1),'3G',NULL) using utf8)) or (`t`.`libelle` = convert(if((`g`.`tech_4g` = 1),'4G',NULL) using utf8)) or (`t`.`libelle` = convert(if((`g`.`tech_cdma` = 1),'CDMA',NULL) using utf8))) and (not(`t`.`id` in (select `tech`.`technologie` from `gsm_technologie` `tech` where (`tech`.`id_site_gsm` = `g`.`id`))))) order by 1,2);

-- --------------------------------------------------------

--
-- Structure for view `total_station_vsat`
--
DROP TABLE IF EXISTS `total_station_vsat`;

CREATE ALGORITHM=UNDEFINED DEFINER=`root`@`localhost` SQL SECURITY DEFINER VIEW `total_station_vsat` AS (select count(1) AS `cnt` from `vsat_stations`);

-- --------------------------------------------------------

--
-- Structure for view `v_count_station_each_tech`
--
DROP TABLE IF EXISTS `v_count_station_each_tech`;

CREATE ALGORITHM=UNDEFINED DEFINER=`root`@`localhost` SQL SECURITY DEFINER VIEW `v_count_station_each_tech` AS (select `information_schema`.`tables`.`TABLE_NAME` AS `TABLE_NAME`,`information_schema`.`tables`.`TABLE_ROWS` AS `TABLE_ROWS` from `information_schema`.`tables` where (`information_schema`.`tables`.`TABLE_SCHEMA` = 'arcep'));

-- --------------------------------------------------------

--
-- Structure for view `v_count_s_vsat_per_cat_perm`
--
DROP TABLE IF EXISTS `v_count_s_vsat_per_cat_perm`;

CREATE ALGORITHM=UNDEFINED DEFINER=`root`@`localhost` SQL SECURITY DEFINER VIEW `v_count_s_vsat_per_cat_perm` AS (select `c`.`abriv` AS `name`,cast(((count(1) / `t`.`cnt`) * 100) as unsigned) AS `y`,count(1) AS `nbr` from (((`permissionnaires` `p` join `ref_categ_prm` `c` on((`p`.`categorie` = `c`.`id`))) join `vsat_stations` `v` on((`v`.`id_perm` = `p`.`id`))) join `total_station_vsat` `t`) group by `c`.`abriv`);

--
-- Constraints for dumped tables
--

--
-- Constraints for table `gsm_technologie`
--
ALTER TABLE `gsm_technologie`
  ADD CONSTRAINT `fk_technologies` FOREIGN KEY (`technologie`) REFERENCES `technologies_gsm` (`id`) ON DELETE CASCADE ON UPDATE CASCADE;

--
-- Constraints for table `permissionnaires`
--
ALTER TABLE `permissionnaires`
  ADD CONSTRAINT `Categorie_perm` FOREIGN KEY (`categorie`) REFERENCES `ref_categ_prm` (`id`) ON DELETE NO ACTION ON UPDATE CASCADE,
  ADD CONSTRAINT `Nation_personne` FOREIGN KEY (`nation_p`) REFERENCES `ref_pays` (`id`) ON DELETE CASCADE ON UPDATE CASCADE,
  ADD CONSTRAINT `pays_perm` FOREIGN KEY (`pay_siege`) REFERENCES `ref_pays` (`id`) ON DELETE NO ACTION ON UPDATE CASCADE,
  ADD CONSTRAINT `Secteur_Activ` FOREIGN KEY (`secteur_activ`) REFERENCES `ref_secteur_activite` (`id`) ON DELETE NO ACTION ON UPDATE CASCADE;

--
-- Constraints for table `rules_action`
--
ALTER TABLE `rules_action`
  ADD CONSTRAINT `rules_action_user_sys` FOREIGN KEY (`userid`) REFERENCES `users_sys` (`id`) ON DELETE CASCADE ON UPDATE CASCADE,
  ADD CONSTRAINT `rule_action_service_id` FOREIGN KEY (`service`) REFERENCES `services` (`id`) ON DELETE CASCADE ON UPDATE CASCADE,
  ADD CONSTRAINT `rule_action_task_action` FOREIGN KEY (`action_id`) REFERENCES `task_action` (`id`) ON DELETE CASCADE ON UPDATE CASCADE,
  ADD CONSTRAINT `rule_action_task_id` FOREIGN KEY (`appid`) REFERENCES `task` (`id`) ON DELETE CASCADE ON UPDATE CASCADE;

--
-- Constraints for table `session`
--
ALTER TABLE `session`
  ADD CONSTRAINT `session_user_id` FOREIGN KEY (`userid`) REFERENCES `users_sys` (`id`) ON DELETE CASCADE ON UPDATE CASCADE;

--
-- Constraints for table `task`
--
ALTER TABLE `task`
  ADD CONSTRAINT `task_ibfk_1` FOREIGN KEY (`modul`) REFERENCES `modul` (`id`) ON DELETE CASCADE ON UPDATE CASCADE;

--
-- Constraints for table `task_action`
--
ALTER TABLE `task_action`
  ADD CONSTRAINT `task_action_task` FOREIGN KEY (`appid`) REFERENCES `task` (`id`) ON DELETE CASCADE ON UPDATE CASCADE;

--
-- Constraints for table `users_sys`
--
ALTER TABLE `users_sys`
  ADD CONSTRAINT `user_service_id` FOREIGN KEY (`service`) REFERENCES `services` (`id`) ON UPDATE CASCADE;

--
-- Constraints for table `vsat_stations`
--
ALTER TABLE `vsat_stations`
  ADD CONSTRAINT `frkey_id_perm_vsat_station` FOREIGN KEY (`id_perm`) REFERENCES `permissionnaires` (`id`);

/*!40101 SET CHARACTER_SET_CLIENT=@OLD_CHARACTER_SET_CLIENT */;
/*!40101 SET CHARACTER_SET_RESULTS=@OLD_CHARACTER_SET_RESULTS */;
/*!40101 SET COLLATION_CONNECTION=@OLD_COLLATION_CONNECTION */;
